customer_id,recency,frequency,monetary,total_quantity,unique_products,active_months,avg_order_value,avg_days_between_purchases,cancelled_orders,cancellation_rate,is_uk,churned
12346,235,12,77556.46,74285,27,5,6463.038333333334,36.36363636363637,5.0,0.29411764705882354,1,1
12347,39,6,3402.39,2099,107,6,567.0649999999999,54.8,0.0,0.0,0,0
12348,158,4,1388.3999999999999,2488,24,4,347.09999999999997,63.0,0.0,0.0,0,0
12349,317,2,2221.14,991,89,2,1110.57,181.0,1.0,0.3333333333333333,0,0
12350,219,1,294.40000000000003,196,16,1,294.40000000000003,219.0,0.0,0.0,0,1
12351,284,1,300.93,261,21,1,300.93,284.0,0.0,0.0,0,1
12352,171,6,985.3100000000001,437,36,3,164.21833333333333,26.0,3.0,0.3333333333333333,0,0
12353,113,2,406.76,212,23,2,203.38,204.0,0.0,0.0,0,1
12354,141,1,1079.4,530,58,1,1079.4,141.0,0.0,0.0,0,1
12355,123,2,947.61,543,35,2,473.805,353.0,0.0,0.0,0,1
12356,155,5,5553.38,3371,103,4,1110.676,44.75,0.0,0.0,0,0
12357,298,1,11229.99,3878,164,1,11229.99,298.0,0.0,0.0,0,0
12358,60,4,2923.8700000000003,924,55,4,730.9675000000001,193.66666666666666,0.0,0.0,0,0
12359,99,9,6059.09,2095,230,7,673.2322222222223,68.0,3.0,0.25,0,0
12360,22,5,2689.11,1955,122,5,537.822,135.75,1.0,0.16666666666666666,0,0
12361,196,4,451.25,231,17,4,112.8125,131.33333333333334,0.0,0.0,0,1
12362,29,4,1582.35,977,88,4,395.5875,58.333333333333336,2.0,0.3333333333333333,0,0
12363,19,2,552.0,408,23,2,276.0,132.0,0.0,0.0,0,1
12364,21,1,578.92,552,33,1,578.92,21.0,0.0,0.0,0,0
12365,200,1,320.69,173,21,1,320.69,200.0,1.0,0.5,0,1
12366,543,1,500.24,296,3,1,500.24,543.0,0.0,0.0,0,1
12368,537,1,917.7,330,18,1,917.7,537.0,0.0,0.0,0,1
12369,322,3,1511.15,1234,89,3,503.7166666666667,114.0,0.0,0.0,0,1
12370,184,6,3217.28,2215,149,4,536.2133333333334,78.8,0.0,0.0,0,0
12371,318,3,1819.42,836,90,2,606.4733333333334,117.5,0.0,0.0,0,0
12372,122,2,842.9200000000001,588,31,2,421.46000000000004,83.0,0.0,0.0,0,0
12373,220,3,927.6500000000001,511,35,3,309.2166666666667,181.0,0.0,0.0,0,1
12374,331,2,2046.29,1015,46,2,1023.145,166.0,0.0,0.0,0,0
12375,7,1,190.3,86,10,1,190.3,7.0,0.0,0.0,0,0
12376,299,2,383.15,237,10,2,191.575,28.0,0.0,0.0,0,1
12377,224,4,3266.32,2101,128,4,816.58,91.33333333333333,0.0,0.0,0,1
12378,39,2,5416.32,3316,281,2,2708.16,432.0,0.0,0.0,0,1
12379,79,3,1107.82,611,49,3,369.2733333333333,182.0,1.0,0.25,0,0
12380,95,5,5345.39,2494,123,4,1069.078,119.0,3.0,0.375,0,0
12381,29,1,1028.74,562,61,1,1028.74,29.0,1.0,0.5,0,0
12383,94,5,1628.56,1518,83,5,325.712,41.75,1.0,0.16666666666666666,0,1
12384,31,1,212.69,60,13,1,212.69,31.0,0.0,0.0,0,0
12385,288,1,1668.4,594,64,1,1668.4,288.0,1.0,0.5,0,1
12386,247,2,401.9,354,10,2,200.95,29.0,0.0,0.0,0,1
12387,324,1,143.94,134,9,1,143.94,324.0,0.0,0.0,0,1
12388,57,6,2788.79,1299,77,6,464.79833333333335,86.8,0.0,0.0,0,0
12389,312,3,1433.33,614,41,3,477.77666666666664,126.5,0.0,0.0,0,1
12391,374,5,2285.18,911,159,3,457.03599999999994,49.5,1.0,0.16666666666666666,0,0
12392,500,1,234.75000000000003,73,7,1,234.75000000000003,500.0,0.0,0.0,0,1
12393,155,5,1877.95,1017,53,4,375.59000000000003,45.5,1.0,0.16666666666666666,0,0
12394,126,1,351.08,180,20,1,351.08,126.0,0.0,0.0,0,0
12395,21,11,3233.11,2693,121,9,293.9190909090909,49.0,2.0,0.15384615384615385,0,0
12396,583,1,931.4300000000001,591,65,1,931.4300000000001,583.0,0.0,0.0,0,1
12397,44,1,1109.81,697,69,1,1109.81,44.0,0.0,0.0,0,0
12399,28,7,1842.3,2190,66,7,263.18571428571425,87.5,0.0,0.0,0,1
12400,323,1,205.25,91,11,1,205.25,323.0,0.0,0.0,0,1
12401,212,1,69.3,10,4,1,69.3,212.0,0.0,0.0,0,1
12402,232,6,1136.9,576,42,6,189.48333333333335,69.4,1.0,0.14285714285714285,0,1
12403,431,1,555.6600000000001,162,3,1,555.6600000000001,431.0,0.0,0.0,0,0
12405,58,1,1390.39,849,53,1,1390.39,58.0,0.0,0.0,0,1
12406,93,4,4596.31,2391,81,4,1149.0775,171.0,2.0,0.3333333333333333,0,0
12407,43,4,1242.36,1226,49,3,310.59,43.333333333333336,0.0,0.0,0,0
12408,8,7,3226.27,1840,89,6,460.8957142857143,66.5,5.0,0.4166666666666667,0,0
12409,92,5,18553.7,10734,165,5,3710.7400000000002,95.5,3.0,0.375,0,0
12410,218,3,773.71,335,35,2,257.90333333333336,96.5,1.0,0.25,0,1
12411,319,1,346.9,138,22,1,346.9,319.0,0.0,0.0,0,1
12412,47,5,2098.79,1758,73,5,419.758,100.25,2.0,0.2857142857142857,0,0
12413,145,3,695.25,233,36,3,231.75,83.0,2.0,0.4,0,0
12414,126,4,532.41,489,19,4,133.1025,82.0,2.0,0.3333333333333333,0,1
12415,8,18,121206.72,80770,436,12,6733.706666666667,25.176470588235293,3.0,0.14285714285714285,0,0
12416,566,1,202.56,132,11,1,202.56,566.0,0.0,0.0,0,1
12417,16,18,5255.83,2518,251,14,291.99055555555555,36.8235294117647,6.0,0.25,0,0
12418,22,4,2021.2,1088,90,4,505.3,172.33333333333334,1.0,0.2,0,1
12419,295,2,391.01,227,22,2,195.505,27.0,0.0,0.0,0,1
12421,24,5,724.12,568,37,5,144.824,97.5,2.0,0.2857142857142857,0,0
12422,5,12,3639.35,2579,135,11,303.27916666666664,56.81818181818182,4.0,0.25,0,1
12423,10,9,2107.75,1570,118,9,234.19444444444446,45.5,1.0,0.1,0,0
12424,72,4,3340.0299999999997,2025,78,3,835.0074999999999,128.33333333333334,3.0,0.42857142857142855,0,1
12425,357,1,964.21,651,55,1,964.21,357.0,1.0,0.5,0,0
12426,104,2,1201.21,576,72,2,600.605,468.0,1.0,0.3333333333333333,0,1
12427,281,1,249.5,76,9,1,249.5,281.0,1.0,0.5,0,0
12428,29,7,6076.92,3361,250,4,868.1314285714286,27.166666666666668,3.0,0.3,0,0
12429,82,7,4936.89,2359,106,5,705.2700000000001,62.166666666666664,1.0,0.125,0,0
12431,28,21,8519.34,3782,219,14,405.68285714285713,28.7,6.0,0.2222222222222222,0,0
12432,81,2,3316.66,1426,74,1,1658.33,0.0,0.0,0.0,0,0
12433,0,6,9813.5,7894,227,5,1635.5833333333333,77.0,1.0,0.14285714285714285,0,0
12434,169,2,583.54,215,34,2,291.77,120.0,2.0,0.5,0,0
12435,177,5,10075.03,3782,81,5,2015.006,117.25,0.0,0.0,0,0
12436,9,1,429.01,209,15,1,429.01,9.0,0.0,0.0,0,1
12437,7,31,9340.4,6808,229,17,301.3032258064516,21.266666666666666,8.0,0.20512820512820512,0,0
12438,49,1,770.0699999999999,583,48,1,770.0699999999999,49.0,0.0,0.0,0,0
12439,592,2,1142.88,478,69,2,571.44,43.0,1.0,0.3333333333333333,0,1
12440,371,2,739.2,328,20,2,369.6,255.0,1.0,0.3333333333333333,0,1
12441,276,1,155.55,120,10,1,155.55,276.0,0.0,0.0,0,1
12443,641,1,365.31,179,20,1,365.31,641.0,0.0,0.0,0,1
12444,31,2,2347.27,643,95,2,1173.635,49.0,0.0,0.0,0,0
12445,330,1,301.58000000000004,144,20,1,301.58000000000004,330.0,1.0,0.5,0,0
12447,152,1,431.49,187,25,1,431.49,152.0,0.0,0.0,0,1
12449,1,4,3058.18,1730,92,4,764.545,115.33333333333333,0.0,0.0,0,0
12450,65,5,688.2,442,31,5,137.64000000000001,79.5,2.0,0.2857142857142857,0,1
12451,127,5,8942.18,6889,259,4,1788.4360000000001,77.75,2.0,0.2857142857142857,0,0
12453,43,1,707.09,473,43,1,707.09,43.0,0.0,0.0,0,1
12454,305,3,12931.44,6696,8,2,4310.4800000000005,12.5,3.0,0.5,0,0
12455,37,8,5460.45,2973,180,8,682.55625,84.71428571428571,0.0,0.0,0,0
12456,40,2,1825.4,1062,76,2,912.7,123.0,1.0,0.3333333333333333,0,0
12457,143,4,1419.93,641,36,2,354.9825,67.0,4.0,0.5,0,0
12458,194,3,1077.01,745,57,3,359.00333333333333,101.5,0.0,0.0,0,0
12459,514,1,398.36,256,22,1,398.36,514.0,0.0,0.0,0,1
12460,365,1,296.65,168,17,1,296.65,365.0,0.0,0.0,0,1
12461,64,1,626.88,282,34,1,626.88,64.0,0.0,0.0,0,1
12462,212,1,594.11,281,39,1,594.11,212.0,1.0,0.5,0,0
12463,84,3,877.79,571,50,3,292.59666666666664,33.0,2.0,0.4,0,0
12464,15,6,615.55,70,5,4,102.59166666666665,40.6,0.0,0.0,0,0
12465,78,1,410.94,292,25,1,410.94,78.0,0.0,0.0,0,0
12467,332,1,132.8,129,9,1,132.8,332.0,1.0,0.5,0,1
12468,97,5,3238.7400000000002,2177,126,5,647.748,123.75,5.0,0.5,0,1
12469,432,2,3070.54,2552,76,2,1535.27,14.0,0.0,0.0,0,1
12470,599,1,211.95,95,23,1,211.95,599.0,0.0,0.0,0,1
12471,16,61,27376.25,12782,210,19,448.7909836065574,10.416666666666666,46.0,0.42990654205607476,0,0
12472,48,17,13452.78,9254,366,14,791.34,36.6875,16.0,0.48484848484848486,0,0
12473,24,2,1013.75,844,59,2,506.875,77.0,2.0,0.5,0,0
12474,8,24,8600.72,5860,284,15,358.3633333333333,24.695652173913043,19.0,0.4418604651162791,0,0
12475,319,1,396.26,234,24,1,396.26,319.0,0.0,0.0,0,0
12476,50,13,9109.16,4280,291,10,700.7046153846154,30.0,12.0,0.48,0,0
12477,10,6,15890.66,4984,276,6,2648.443333333333,104.4,3.0,0.3333333333333333,0,0
12480,52,6,3842.17,2314,145,6,640.3616666666667,72.8,1.0,0.14285714285714285,0,0
12481,89,12,9700.95,6176,212,9,808.4125,38.81818181818182,3.0,0.2,0,0
12482,485,27,21941.72,27040,41,3,812.6562962962963,2.9615384615384617,3.0,0.1,0,1
12483,8,17,3448.26,1819,59,12,202.83882352941177,36.125,6.0,0.2608695652173913,0,0
12484,12,8,4828.43,2912,295,7,603.55375,82.42857142857143,3.0,0.2727272727272727,0,0
12485,438,1,708.1,414,34,1,708.1,438.0,0.0,0.0,0,1
12486,341,1,917.28,520,48,1,917.28,341.0,0.0,0.0,0,1
12487,640,1,285.3,174,2,1,285.3,640.0,1.0,0.5,0,1
12489,245,1,298.93,103,14,1,298.93,245.0,0.0,0.0,0,1
12490,2,16,7115.3,4807,170,15,444.70625,43.0,1.0,0.058823529411764705,0,0
12492,14,2,488.39000000000004,316,29,2,244.19500000000002,297.0,0.0,0.0,0,0
12493,75,2,415.74,206,19,2,207.87,31.0,1.0,0.3333333333333333,0,1
12494,71,7,1240.03,625,61,6,177.14714285714285,69.0,7.0,0.5,0,0
12495,550,1,277.4,128,16,1,277.4,550.0,1.0,0.5,0,1
12496,529,2,45.34,30,10,1,22.67,0.0,0.0,0.0,0,1
12497,310,2,5043.400000000001,4440,29,2,2521.7000000000003,244.0,1.0,0.3333333333333333,0,0
12499,469,1,357.72,300,26,1,357.72,469.0,0.0,0.0,0,1
12500,16,13,3147.23,1951,74,10,242.0946153846154,47.166666666666664,4.0,0.23529411764705882,0,0
12501,246,1,2025.39,1775,148,1,2025.39,246.0,1.0,0.5,0,1
12502,5,5,2995.87,794,101,5,599.174,53.5,0.0,0.0,0,1
12503,493,1,896.0,560,1,1,896.0,493.0,1.0,0.5,0,1
12504,326,2,261.0,366,7,2,130.5,179.0,0.0,0.0,0,0
12505,318,1,787.2,318,41,1,787.2,318.0,2.0,0.6666666666666666,0,1
12506,142,1,73.5,23,23,1,73.5,142.0,0.0,0.0,0,1
12507,43,4,1508.06,1244,45,3,377.015,150.0,1.0,0.2,0,1
12509,193,1,158.5,54,6,1,158.5,193.0,0.0,0.0,0,1
12510,52,7,3039.03,2021,92,7,434.1471428571429,98.66666666666667,7.0,0.5,0,1
12511,338,1,3084.02,1753,190,1,3084.02,338.0,1.0,0.5,0,1
12513,22,1,558.29,459,34,1,558.29,22.0,0.0,0.0,0,1
12514,176,2,1597.76,840,76,2,798.88,374.0,0.0,0.0,0,1
12515,262,1,278.7,128,15,1,278.7,262.0,0.0,0.0,0,1
12516,90,3,1631.76,1406,41,3,543.92,209.0,0.0,0.0,0,0
12517,35,2,1431.45,829,172,2,715.725,63.0,0.0,0.0,0,0
12518,19,1,288.83,185,17,1,288.83,19.0,0.0,0.0,0,0
12519,386,1,349.7,210,21,1,349.7,386.0,1.0,0.5,0,0
12520,51,4,1829.85,1087,103,3,457.4625,43.666666666666664,1.0,0.2,0,0
12521,52,1,545.68,306,37,1,545.68,52.0,0.0,0.0,0,1
12523,17,19,3238.33,1939,143,15,170.43842105263158,34.666666666666664,5.0,0.20833333333333334,0,0
12524,71,15,8592.87,5704,137,11,572.8580000000001,36.214285714285715,1.0,0.0625,0,0
12525,407,3,883.73,504,55,3,294.57666666666665,74.5,5.0,0.625,0,1
12526,3,1,484.3,316,28,1,484.3,3.0,0.0,0.0,0,0
12527,204,4,653.72,512,23,4,163.43,78.0,0.0,0.0,0,0
12528,24,4,1089.37,492,45,4,272.3425,66.0,2.0,0.3333333333333333,0,0
12529,437,1,316.48,192,21,1,316.48,437.0,1.0,0.5,0,1
12530,33,8,2976.63,2381,84,8,372.07875,74.0,3.0,0.2727272727272727,0,0
12531,595,1,1645.98,1065,109,1,1645.98,595.0,1.0,0.5,0,0
12533,537,2,1223.89,696,62,2,611.945,110.0,4.0,0.6666666666666666,0,1
12534,40,1,981.18,645,62,1,981.18,40.0,0.0,0.0,0,1
12535,1,2,716.35,219,28,2,358.175,94.0,0.0,0.0,0,1
12537,318,1,612.94,446,42,1,612.94,318.0,0.0,0.0,0,1
12538,287,1,276.5,145,13,1,276.5,287.0,0.0,0.0,0,0
12539,171,6,10136.09,4088,246,4,1689.3483333333334,90.8,1.0,0.14285714285714285,0,0
12540,1,26,15545.11,8675,300,20,597.8888461538462,25.56,2.0,0.07142857142857142,0,0
12541,82,2,480.14,417,26,2,240.07,107.0,0.0,0.0,0,0
12542,393,2,481.88,522,39,2,240.94,156.0,2.0,0.5,0,1
12543,357,1,840.25,683,42,1,840.25,357.0,0.0,0.0,0,1
12545,169,1,544.15,343,33,1,544.15,169.0,0.0,0.0,0,0
12547,107,3,299.58,306,12,3,99.86,151.0,0.0,0.0,0,1
12548,75,1,67.19999999999999,48,4,1,67.19999999999999,75.0,0.0,0.0,0,1
12549,485,5,1570.68,1365,37,2,314.136,30.25,0.0,0.0,0,1
12551,267,1,168.0,100,10,1,168.0,267.0,0.0,0.0,0,1
12553,19,9,2940.06,1689,95,8,326.67333333333335,39.125,4.0,0.3076923076923077,0,0
12554,358,1,384.5,237,25,1,384.5,358.0,0.0,0.0,0,1
12556,60,1,308.75,163,60,1,308.75,60.0,0.0,0.0,0,0
12557,67,7,15106.14,5462,15,7,2158.02,94.0,0.0,0.0,0,0
12559,220,2,525.71,281,20,2,262.855,8.0,1.0,0.3333333333333333,0,1
12560,52,1,1292.31,812,76,1,1292.31,52.0,1.0,0.5,0,0
12561,212,1,238.85,177,16,1,238.85,212.0,0.0,0.0,0,1
12562,36,5,2484.41,1307,67,5,496.88199999999995,77.0,0.0,0.0,0,0
12563,318,1,221.24,112,12,1,221.24,318.0,0.0,0.0,0,1
12564,170,1,402.90000000000003,130,20,1,402.90000000000003,170.0,0.0,0.0,0,1
12565,198,1,145.92000000000002,80,9,1,145.92000000000002,198.0,1.0,0.5,0,1
12567,5,14,9298.18,4485,314,11,664.1557142857143,43.84615384615385,2.0,0.125,0,0
12568,554,1,52.0,47,4,1,52.0,554.0,0.0,0.0,0,1
12569,1,15,1645.68,828,47,6,109.712,11.428571428571429,2.0,0.11764705882352941,0,0
12571,31,1,248.35,197,14,1,248.35,31.0,0.0,0.0,0,0
12573,136,5,717.41,479,107,4,143.482,59.25,0.0,0.0,0,1
12574,225,1,182.45000000000002,59,10,1,182.45000000000002,225.0,0.0,0.0,0,1
12575,366,2,568.82,312,33,2,284.41,69.0,0.0,0.0,0,1
12576,5,7,1683.44,1190,96,7,240.49142857142857,71.66666666666667,3.0,0.3,0,0
12577,268,6,1186.3899999999999,856,195,4,197.73166666666665,75.2,0.0,0.0,0,0
12578,239,3,3036.6,1917,108,3,1012.1999999999999,56.5,3.0,0.5,0,0
12580,156,2,962.9,564,51,2,481.45,329.0,0.0,0.0,0,1
12582,148,4,1820.4,981,87,4,455.1,112.66666666666667,0.0,0.0,0,1
12583,16,21,9696.41,6891,116,18,461.7338095238095,31.35,2.0,0.08695652173913043,0,0
12584,36,4,698.59,135,26,4,174.6475,51.0,4.0,0.5,0,0
12585,143,2,1824.1,1267,76,2,912.05,117.0,2.0,0.5,0,1
12586,284,3,1865.73,608,76,3,621.91,174.0,1.0,0.25,0,0
12588,309,2,543.88,380,26,2,271.94,198.0,1.0,0.3333333333333333,0,0
12589,54,5,2833.73,1521,105,4,566.746,136.0,3.0,0.375,0,0
12590,120,1,9341.26,4282,67,1,9341.26,120.0,3.0,0.75,0,1
12591,226,3,1114.95,645,62,3,371.65000000000003,45.5,0.0,0.0,0,1
12592,1,4,1723.64,1866,40,3,430.91,142.33333333333334,3.0,0.42857142857142855,0,1
12593,18,3,382.1,204,13,2,127.36666666666667,55.0,0.0,0.0,0,1
12594,30,12,4081.79,2424,77,12,340.14916666666664,47.72727272727273,2.0,0.14285714285714285,0,0
12595,414,1,281.02,270,18,1,281.02,414.0,0.0,0.0,0,1
12596,151,1,213.95,154,14,1,213.95,151.0,0.0,0.0,0,0
12597,92,2,1120.81,664,71,2,560.405,85.0,0.0,0.0,0,0
12598,71,6,2807.39,1897,101,5,467.8983333333333,97.4,4.0,0.4,0,0
12599,36,12,1869.18,1968,41,10,155.76500000000001,41.0,0.0,0.0,0,0
12600,22,18,3795.37,1123,46,15,210.8538888888889,36.411764705882355,5.0,0.21739130434782608,0,0
12601,99,6,573.26,284,23,6,95.54333333333334,42.8,1.0,0.14285714285714285,0,1
12604,171,1,160.5,136,9,1,160.5,171.0,0.0,0.0,0,0
12605,285,3,1124.95,921,62,3,374.98333333333335,40.5,1.0,0.25,0,1
12608,314,1,415.79,323,16,1,415.79,314.0,0.0,0.0,1,1
12609,95,8,2731.7400000000002,1402,116,8,341.46750000000003,76.14285714285714,1.0,0.1111111111111111,0,0
12610,15,2,1104.25,620,67,1,552.125,19.0,1.0,0.3333333333333333,0,0
12613,107,8,4521.51,3249,172,7,565.18875,75.28571428571429,2.0,0.2,0,0
12614,187,1,315.6,76,20,1,315.6,187.0,0.0,0.0,0,1
12615,77,5,3850.53,2341,166,4,770.106,115.5,3.0,0.375,0,0
12616,4,3,1023.1,492,31,3,341.03333333333336,146.5,3.0,0.5,0,1
12619,25,5,1675.9199999999998,1886,31,5,335.18399999999997,111.0,1.0,0.16666666666666666,0,0
12620,114,1,561.66,434,33,1,561.66,114.0,0.0,0.0,0,0
12621,9,30,18908.57,11599,296,17,630.2856666666667,19.586206896551722,9.0,0.23076923076923078,0,0
12622,141,1,162.1,68,10,1,162.1,141.0,0.0,0.0,0,1
12623,185,7,3315.84,1947,111,7,473.6914285714286,70.0,2.0,0.2222222222222222,0,1
12624,15,2,569.13,351,35,2,284.565,71.0,0.0,0.0,0,1
12625,121,4,4678.88,3282,143,4,1169.72,128.0,1.0,0.2,0,1
12626,22,6,4288.0,2310,169,4,714.6666666666666,42.8,4.0,0.4,0,0
12627,5,4,2493.83,1562,111,3,623.4575,14.666666666666666,0.0,0.0,0,0
12629,295,2,1198.22,713,39,2,599.11,37.0,0.0,0.0,0,1
12631,365,5,2841.07,1371,105,4,568.214,59.25,1.0,0.16666666666666666,0,0
12632,430,2,714.88,689,31,2,357.44,44.0,2.0,0.5,0,1
12633,39,6,4958.93,3116,212,6,826.4883333333333,79.0,3.0,0.3333333333333333,0,0
12634,457,1,360.0,336,19,1,360.0,457.0,0.0,0.0,0,1
12635,64,3,1744.8700000000001,1166,105,3,581.6233333333333,150.5,0.0,0.0,0,0
12637,1,11,7777.81,4096,272,8,707.0736363636364,45.1,2.0,0.15384615384615385,0,0
12638,549,1,169.8,84,8,1,169.8,549.0,0.0,0.0,0,0
12639,148,3,1072.3700000000001,625,57,3,357.4566666666667,194.5,0.0,0.0,0,1
12641,24,1,145.9,71,9,1,145.9,24.0,0.0,0.0,0,1
12642,17,1,330.45,275,23,1,330.45,17.0,0.0,0.0,0,0
12643,37,11,7803.82,4642,13,9,709.4381818181818,48.2,2.0,0.15384615384615385,0,1
12644,39,4,1900.49,1031,105,4,475.1225,188.0,2.0,0.3333333333333333,0,1
12645,19,7,2804.98,1851,105,7,400.7114285714286,93.16666666666667,2.0,0.2222222222222222,0,0
12647,35,32,13435.44,6107,228,17,419.8575,18.322580645161292,9.0,0.21951219512195122,0,0
12648,64,4,1039.0,513,37,4,259.75,182.0,1.0,0.2,0,1
12649,16,8,2096.65,1948,93,6,262.08125,84.0,2.0,0.2,0,1
12651,244,4,377.75,265,30,4,94.4375,43.333333333333336,1.0,0.2,0,1
12652,240,2,891.0300000000001,529,50,2,445.51500000000004,102.0,1.0,0.3333333333333333,0,1
12653,58,3,4160.83,1681,76,3,1386.9433333333334,189.0,0.0,0.0,0,1
12654,107,3,301.75,149,18,2,100.58333333333333,48.5,0.0,0.0,0,0
12655,333,1,243.35000000000002,79,15,1,243.35000000000002,333.0,0.0,0.0,0,1
12656,25,6,4619.33,2386,139,6,769.8883333333333,89.2,3.0,0.3333333333333333,0,0
12661,345,1,162.0,216,11,1,162.0,345.0,0.0,0.0,0,1
12662,16,16,5024.42,2736,134,14,314.02625,34.0,2.0,0.1111111111111111,0,0
12663,534,2,185.4,178,8,2,92.7,43.0,1.0,0.3333333333333333,0,1
12664,53,5,2785.64,788,9,5,557.1279999999999,145.75,0.0,0.0,0,0
12665,234,3,259.6,162,12,3,86.53333333333335,172.0,2.0,0.4,0,1
12666,303,1,1248.42,370,31,1,1248.42,303.0,1.0,0.5,0,1
12668,168,8,9167.35,4682,257,8,1145.91875,59.57142857142857,1.0,0.1111111111111111,0,0
12669,60,2,1427.73,1104,96,2,713.865,105.0,1.0,0.3333333333333333,0,1
12670,8,5,2182.71,979,53,5,436.54200000000003,141.75,0.0,0.0,0,0
12671,515,1,2622.48,1459,44,1,2622.48,515.0,0.0,0.0,0,1
12672,239,2,407.05,136,21,2,203.525,265.0,1.0,0.3333333333333333,0,1
12673,236,2,786.4,517,51,2,393.2,75.0,0.0,0.0,0,0
12674,1,3,1312.0,782,41,3,437.3333333333333,58.0,1.0,0.25,0,0
12675,463,2,873.25,333,110,2,436.625,24.0,2.0,0.5,0,1
12676,33,8,2079.75,1680,57,6,259.96875,51.285714285714285,1.0,0.1111111111111111,0,0
12677,464,2,359.1,174,12,2,179.55,111.0,1.0,0.3333333333333333,0,1
12678,10,14,23997.98,16626,185,12,1714.1414285714286,46.15384615384615,2.0,0.125,0,0
12679,115,2,798.38,401,42,2,399.19,77.0,1.0,0.3333333333333333,0,0
12680,22,1,275.78,228,19,1,275.78,22.0,0.0,0.0,0,0
12681,61,37,23519.8,14759,423,18,635.6702702702703,15.944444444444445,9.0,0.1956521739130435,0,0
12682,10,40,17090.32,8398,280,21,427.258,16.358974358974358,1.0,0.024390243902439025,0,0
12683,2,18,8789.32,5957,223,11,488.29555555555555,37.23529411764706,5.0,0.21739130434782608,0,0
12684,80,3,1241.48,1266,35,2,413.82666666666665,21.0,0.0,0.0,0,0
12685,2,2,1462.42,909,82,1,731.21,1.0,0.0,0.0,0,0
12686,281,1,71.14,106,6,1,71.14,281.0,0.0,0.0,0,1
12687,390,1,1858.91,1402,125,1,1858.91,390.0,0.0,0.0,0,1
12688,23,1,4873.81,3028,171,1,4873.81,23.0,0.0,0.0,0,1
12689,37,1,475.03000000000003,279,33,1,475.03000000000003,37.0,0.0,0.0,0,0
12690,115,1,335.01,103,15,1,335.01,115.0,0.0,0.0,0,1
12691,54,4,600.9,244,19,4,150.225,91.66666666666667,0.0,0.0,0,0
12692,546,1,110.95,36,13,1,110.95,546.0,0.0,0.0,0,1
12693,36,7,1415.02,520,62,7,202.1457142857143,65.83333333333333,4.0,0.36363636363636365,0,1
12694,92,2,1287.18,1162,61,2,643.59,237.0,1.0,0.3333333333333333,0,0
12695,16,5,1122.92,404,40,5,224.584,139.25,0.0,0.0,0,0
12696,344,2,731.91,561,42,2,365.955,74.0,1.0,0.3333333333333333,0,1
12697,40,2,573.91,355,26,2,286.955,37.0,1.0,0.3333333333333333,0,0
12698,499,1,285.75,108,15,1,285.75,499.0,0.0,0.0,0,1
12699,327,1,566.11,369,40,1,566.11,327.0,0.0,0.0,0,1
12700,65,2,1951.05,1365,109,2,975.525,58.0,1.0,0.3333333333333333,0,0
12701,151,5,1823.78,1286,91,3,364.756,97.5,0.0,0.0,0,0
12703,542,3,632.98,426,43,2,210.99333333333334,25.5,2.0,0.4,0,0
12704,15,3,900.9200000000001,460,39,2,300.3066666666667,31.5,0.0,0.0,0,0
12705,67,9,8660.33,5768,282,8,962.2588888888889,46.875,6.0,0.4,0,0
12707,201,1,603.42,256,33,1,603.42,201.0,0.0,0.0,0,1
12708,11,15,3950.52,2087,114,14,263.368,44.214285714285715,11.0,0.4230769230769231,0,0
12709,5,28,27017.45,12663,187,18,964.9089285714286,23.48148148148148,17.0,0.37777777777777777,0,0
12710,6,3,1023.02,844,74,3,341.00666666666666,52.0,1.0,0.25,0,1
12711,521,2,1213.05,763,55,2,606.525,65.0,0.0,0.0,0,1
12712,16,19,5555.9800000000005,2048,122,16,292.42,34.611111111111114,6.0,0.24,0,0
12714,16,11,11586.550000000001,7897,401,11,1053.3227272727274,62.8,0.0,0.0,0,0
12715,15,1,263.36,190,19,1,263.36,15.0,0.0,0.0,0,1
12716,42,1,623.9,500,44,1,623.9,42.0,0.0,0.0,0,0
12717,60,3,1058.91,595,59,3,352.97,219.5,1.0,0.25,0,1
12720,3,21,5065.39,4395,229,13,241.20904761904762,20.6,9.0,0.3,0,0
12721,92,6,2749.86,1812,145,6,458.31,57.6,2.0,0.25,0,0
12722,24,3,929.65,559,48,2,309.8833333333333,17.5,2.0,0.4,0,0
12724,82,5,1404.47,1103,71,5,280.894,90.25,0.0,0.0,0,0
12725,280,3,1906.76,1136,91,3,635.5866666666667,106.5,0.0,0.0,0,1
12726,94,9,2638.8199999999997,3404,51,9,293.2022222222222,54.875,0.0,0.0,0,0
12727,4,9,4334.53,2451,113,8,481.6144444444444,69.875,2.0,0.18181818181818182,0,0
12728,166,4,725.15,373,38,4,181.2875,42.0,0.0,0.0,0,0
12729,23,1,417.01,231,25,1,417.01,23.0,0.0,0.0,0,1
12730,431,1,703.25,227,46,1,703.25,431.0,0.0,0.0,0,1
12731,53,13,18060.05,8635,113,12,1389.2346153846154,41.916666666666664,1.0,0.07142857142857142,0,0
12732,89,1,218.26000000000002,110,11,1,218.26000000000002,89.0,0.0,0.0,0,1
12733,143,4,2424.02,895,116,4,606.005,151.66666666666666,2.0,0.3333333333333333,0,1
12734,262,3,603.65,263,16,2,201.21666666666667,19.5,0.0,0.0,0,1
12735,224,2,689.5699999999999,363,37,1,344.78499999999997,21.0,0.0,0.0,0,1
12736,242,1,144.0,168,3,1,144.0,242.0,0.0,0.0,0,1
12737,408,1,100.0,1,1,1,100.0,408.0,0.0,0.0,0,1
12738,281,1,137.35,147,10,1,137.35,281.0,0.0,0.0,0,1
12739,8,2,2421.23,948,83,2,1210.615,295.0,0.0,0.0,0,1
12741,442,1,236.07,213,15,1,236.07,442.0,0.0,0.0,0,1
12742,535,1,1201.52,1359,67,1,1201.52,535.0,1.0,0.5,0,1
12743,43,2,540.13,315,114,1,270.065,0.0,0.0,0.0,0,1
12744,54,7,12158.9,6388,231,5,1736.9857142857143,74.33333333333333,2.0,0.2222222222222222,0,0
12745,396,2,723.85,467,20,2,361.925,87.0,0.0,0.0,1,1
12746,450,1,254.55,97,17,1,254.55,450.0,2.0,0.6666666666666666,1,1
12747,19,23,7471.87,2227,79,15,324.86391304347825,28.272727272727273,6.0,0.20689655172413793,1,0
12748,0,247,30914.45,20826,1832,22,125.15971659919029,2.613821138211382,21.0,0.07835820895522388,1,0
12749,40,7,5561.71,1969,219,5,794.53,65.0,7.0,0.5,1,0
12750,38,1,275.88,137,15,1,275.88,38.0,0.0,0.0,0,1
12751,354,1,268.27,189,61,1,268.27,354.0,0.0,0.0,0,1
12753,45,5,16620.91,9211,114,5,3324.182,56.5,4.0,0.4444444444444444,0,0
12754,145,3,3010.74,6481,49,3,1003.5799999999999,36.0,2.0,0.4,0,1
12755,190,11,5236.26,2293,34,7,476.0236363636364,41.3,11.0,0.5,0,1
12757,52,3,1681.68,914,88,3,560.5600000000001,34.0,6.0,0.6666666666666666,0,0
12758,26,7,9903.24,6155,187,7,1414.7485714285715,103.5,1.0,0.125,0,1
12759,81,7,4214.82,2908,187,7,602.1171428571428,93.83333333333333,0.0,0.0,0,0
12760,365,1,317.8,196,20,1,317.8,365.0,0.0,0.0,0,1
12761,374,1,712.95,277,25,1,712.95,374.0,0.0,0.0,0,1
12763,47,2,494.08,316,16,2,247.04,230.0,0.0,0.0,0,1
12764,226,1,1693.88,386,45,1,1693.88,226.0,0.0,0.0,0,1
12765,381,6,1299.58,1002,48,5,216.59666666666666,33.8,0.0,0.0,0,1
12766,58,7,6209.55,3847,216,7,887.0785714285714,43.0,2.0,0.2222222222222222,0,0
12767,285,1,949.82,598,43,1,949.82,285.0,0.0,0.0,0,1
12768,360,1,168.69,102,10,1,168.69,360.0,1.0,0.5,0,1
12769,148,1,1143.6,356,32,1,1143.6,148.0,0.0,0.0,0,1
12770,120,2,3246.45,1843,19,2,1623.225,245.0,5.0,0.7142857142857143,0,1
12771,395,1,226.29999999999998,102,14,1,226.29999999999998,395.0,1.0,0.5,0,1
12773,473,1,124.25,109,6,1,124.25,473.0,1.0,0.5,0,1
12774,445,1,83.7,52,5,1,83.7,445.0,0.0,0.0,0,1
12775,99,6,1344.76,938,44,6,224.12666666666667,43.8,1.0,0.14285714285714285,0,0
12776,577,1,27.5,45,3,1,27.5,577.0,0.0,0.0,0,1
12777,367,1,519.45,458,26,1,519.45,367.0,0.0,0.0,1,1
12778,92,7,1280.51,1357,65,6,182.93,69.83333333333333,0.0,0.0,0,0
12779,99,13,5492.16,2862,123,13,422.4738461538461,45.583333333333336,6.0,0.3157894736842105,0,0
12780,508,1,322.4,284,19,1,322.4,508.0,0.0,0.0,0,1
12781,194,1,549.26,346,15,1,549.26,194.0,1.0,0.5,0,0
12782,59,10,3637.9900000000002,1863,134,8,363.79900000000004,41.0,3.0,0.23076923076923078,0,0
12784,438,1,1034.33,575,71,1,1034.33,438.0,0.0,0.0,0,0
12785,273,3,904.4,446,41,3,301.46666666666664,183.0,1.0,0.25,0,1
12786,519,1,668.5000000000001,320,17,1,668.5000000000001,519.0,0.0,0.0,0,1
12787,1,3,695.1800000000001,456,27,3,231.7266666666667,160.5,1.0,0.25,0,0
12788,372,4,384.90000000000003,190,19,3,96.22500000000001,21.666666666666668,0.0,0.0,0,1
12789,422,2,148.5,30,1,2,74.25,181.0,0.0,0.0,0,0
12790,101,2,546.85,303,35,2,273.425,218.0,1.0,0.3333333333333333,0,1
12791,283,5,656.83,347,15,4,131.366,62.5,2.0,0.2857142857142857,0,1
12792,166,2,715.01,390,38,2,357.505,278.0,1.0,0.3333333333333333,0,1
12793,244,3,745.53,456,33,3,248.51,33.0,0.0,0.0,0,1
12794,8,1,317.0,227,20,1,317.0,8.0,0.0,0.0,0,0
12796,537,1,351.0,180,6,1,351.0,537.0,0.0,0.0,0,1
12797,275,2,468.08000000000004,212,26,2,234.04000000000002,58.0,4.0,0.6666666666666666,0,1
12798,80,2,3140.9300000000003,5455,27,2,1570.4650000000001,250.0,0.0,0.0,0,0
12799,438,1,219.35,137,15,1,219.35,438.0,0.0,0.0,0,1
12800,379,2,500.25,281,30,2,250.125,206.0,0.0,0.0,0,1
12801,410,1,871.82,500,49,1,871.82,410.0,1.0,0.5,0,1
12802,96,5,2186.42,1956,106,5,437.284,94.25,2.0,0.2857142857142857,0,1
12803,302,1,1017.81,867,54,1,1017.81,302.0,0.0,0.0,0,1
12804,375,2,325.37,270,60,2,162.685,34.0,0.0,0.0,0,1
12805,291,4,1230.95,581,43,4,307.7375,97.66666666666667,0.0,0.0,0,1
12806,481,2,2558.96,2084,56,2,1279.48,16.0,0.0,0.0,0,1
12807,292,1,250.35,143,15,1,250.35,292.0,2.0,0.6666666666666666,0,1
12808,94,4,546.4,241,34,3,136.6,92.66666666666667,0.0,0.0,0,0
12809,87,3,1384.3400000000001,508,74,3,461.4466666666667,234.5,5.0,0.625,0,1
12810,444,2,534.99,389,32,2,267.495,142.0,0.0,0.0,0,1
12811,171,4,893.9,429,46,4,223.475,55.0,0.0,0.0,0,1
12813,411,3,1621.8,1134,36,3,540.6,95.5,0.0,0.0,0,1
12814,11,1,85.92,48,1,1,85.92,11.0,0.0,0.0,0,1
12815,57,2,863.46,374,37,2,431.73,50.0,0.0,0.0,0,1
12816,5,2,452.2,125,26,2,226.1,80.0,0.0,0.0,0,1
12817,190,3,570.98,216,15,3,190.32666666666668,76.5,0.0,0.0,0,1
12818,171,1,1182.0800000000002,920,13,1,1182.0800000000002,171.0,1.0,0.5,0,1
12819,367,1,540.52,344,19,1,540.52,367.0,0.0,0.0,1,1
12820,236,8,1917.64,1388,91,8,239.705,58.142857142857146,2.0,0.2,1,0
12821,123,2,220.8,162,13,2,110.4,397.0,0.0,0.0,1,1
12823,36,17,5966.0,860,1,11,350.94117647058823,34.5,0.0,0.0,1,0
12825,430,2,518.63,139,20,2,259.315,120.0,0.0,0.0,1,1
12826,88,9,2144.65,1578,86,7,238.29444444444445,67.75,3.0,0.25,1,0
12828,8,3,415.51,157,23,2,138.50333333333333,15.5,0.0,0.0,1,0
12829,246,3,385.3,550,17,3,128.43333333333334,106.5,1.0,0.25,1,1
12830,0,5,6414.32,8696,13,3,1282.864,20.0,1.0,0.16666666666666666,1,0
12831,171,3,451.11,303,16,2,150.37,100.0,0.0,0.0,1,1
12832,7,1,267.8,132,18,1,267.8,7.0,0.0,0.0,1,0
12833,54,1,417.38,156,24,1,417.38,54.0,0.0,0.0,1,1
12834,192,1,312.38,110,18,1,312.38,192.0,0.0,0.0,1,1
12835,337,41,5996.83,2349,138,11,146.2641463414634,7.7,8.0,0.16326530612244897,1,1
12836,46,14,6061.9,2027,252,13,432.99285714285713,46.23076923076923,2.0,0.125,1,0
12837,82,2,662.66,194,83,2,331.33,396.0,0.0,0.0,1,1
12838,283,9,2694.75,1479,177,7,299.4166666666667,27.375,2.0,0.18181818181818182,1,0
12839,1,21,7175.09,4842,139,16,341.6709523809524,32.0,4.0,0.16,1,0
12840,53,7,4041.9700000000003,2258,109,7,577.4242857142857,88.33333333333333,4.0,0.36363636363636365,1,1
12841,16,32,5796.53,4093,253,14,181.1415625,13.290322580645162,1.0,0.030303030303030304,1,0
12842,218,3,1109.73,497,27,3,369.91,214.5,0.0,0.0,1,0
12843,69,27,6451.92,3024,126,13,238.96,21.807692307692307,4.0,0.12903225806451613,1,0
12844,39,3,497.52,175,68,3,165.84,231.5,0.0,0.0,1,0
12845,176,4,354.09000000000003,204,26,2,88.52250000000001,7.333333333333333,0.0,0.0,1,1
12847,297,1,765.36,624,34,1,765.36,297.0,0.0,0.0,1,0
12848,585,1,208.0,58,16,1,208.0,585.0,0.0,0.0,1,1
12849,178,5,2674.54,1726,109,4,534.908,80.5,0.0,0.0,1,0
12850,355,1,330.0,200,2,1,330.0,355.0,0.0,0.0,1,1
12851,6,2,280.76,157,71,2,140.38,380.0,0.0,0.0,1,1
12852,204,1,311.55,149,17,1,311.55,204.0,1.0,0.5,1,1
12853,44,11,3907.5,1668,111,7,355.22727272727275,53.7,5.0,0.3125,1,1
12854,150,6,2465.09,1426,166,5,410.84833333333336,97.4,4.0,0.4,1,0
12855,282,4,612.84,240,65,2,153.21,9.666666666666666,0.0,0.0,1,1
12857,120,6,3688.0,1420,71,6,614.6666666666666,94.4,1.0,0.14285714285714285,1,1
12858,292,1,147.27,51,36,1,147.27,292.0,1.0,0.5,1,1
12859,368,1,575.1,292,21,1,575.1,368.0,0.0,0.0,1,1
12860,602,1,54.22,26,16,1,54.22,602.0,0.0,0.0,1,1
12861,529,1,68.25,27,4,1,68.25,529.0,0.0,0.0,1,1
12862,335,2,984.62,611,119,2,492.31,69.0,0.0,0.0,1,1
12863,288,5,2271.35,707,23,5,454.27,52.5,1.0,0.16666666666666666,1,0
12864,47,2,299.57,447,5,2,149.785,369.0,0.0,0.0,1,1
12865,33,3,2736.62,1598,131,3,912.2066666666666,176.0,1.0,0.25,0,0
12866,192,3,1092.35,544,57,3,364.1166666666666,109.5,0.0,0.0,0,1
12867,5,12,6835.88,6958,338,12,569.6566666666666,56.90909090909091,2.0,0.14285714285714285,1,0
12868,95,8,2043.76,1170,86,6,255.47,29.571428571428573,0.0,0.0,1,1
12869,591,1,337.66999999999996,144,35,1,337.66999999999996,591.0,0.0,0.0,1,1
12870,284,3,1676.95,906,85,3,558.9833333333333,124.0,1.0,0.25,1,1
12871,116,2,495.38,364,9,2,247.69,232.0,0.0,0.0,1,0
12872,236,12,3283.96,1642,217,12,273.66333333333336,37.18181818181818,1.0,0.07692307692307693,1,1
12873,191,3,2027.3,786,33,3,675.7666666666667,199.5,0.0,0.0,1,1
12874,294,2,873.42,618,43,2,436.71,169.0,1.0,0.3333333333333333,0,1
12875,52,5,1356.9900000000002,5187,2,5,271.398,138.5,0.0,0.0,1,1
12876,105,3,2365.2,1742,91,3,788.4,197.0,1.0,0.25,0,0
12877,34,17,2465.6,1764,93,15,145.03529411764706,35.375,0.0,0.0,1,0
12878,145,2,854.99,547,38,2,427.495,29.0,0.0,0.0,1,1
12879,1,1,140.5,58,4,1,140.5,1.0,0.0,0.0,1,0
12880,291,2,640.13,279,32,2,320.065,192.0,0.0,0.0,1,1
12881,185,1,298.0,21,7,1,298.0,185.0,0.0,0.0,1,1
12885,33,1,645.35,346,39,1,645.35,33.0,1.0,0.5,1,0
12886,129,1,775.0,416,47,1,775.0,129.0,1.0,0.5,1,0
12887,293,1,222.4,100,13,1,222.4,293.0,0.0,0.0,1,1
12888,123,2,354.12,76,4,2,177.06,41.0,2.0,0.5,1,1
12889,290,4,385.46000000000004,124,25,4,96.36500000000001,40.333333333333336,2.0,0.3333333333333333,1,1
12890,296,1,329.3,201,56,1,329.3,296.0,0.0,0.0,1,0
12891,95,11,840.5,2325,2,9,76.4090909090909,47.3,1.0,0.08333333333333333,1,1
12892,306,1,263.38,140,18,1,263.38,306.0,0.0,0.0,1,1
12894,484,1,157.35,33,21,1,157.35,484.0,0.0,0.0,1,1
12897,114,4,514.25,249,10,4,128.5625,113.0,0.0,0.0,1,1
12898,373,2,296.21,235,27,2,148.105,195.0,0.0,0.0,1,1
12899,323,1,366.4,108,17,1,366.4,323.0,0.0,0.0,1,1
12900,331,1,340.33000000000004,139,13,1,340.33000000000004,331.0,0.0,0.0,1,1
12901,18,19,11639.470000000001,12420,29,6,612.6036842105264,9.0,7.0,0.2692307692307692,1,0
12902,174,1,138.68,66,10,1,138.68,174.0,0.0,0.0,1,1
12903,338,1,833.5300000000001,493,41,1,833.5300000000001,338.0,0.0,0.0,1,1
12904,81,1,244.69,165,32,1,244.69,81.0,0.0,0.0,1,0
12905,486,2,1018.42,532,52,2,509.21,105.0,1.0,0.3333333333333333,1,1
12907,305,2,508.91,177,23,2,254.455,98.0,1.0,0.3333333333333333,1,1
12908,85,5,1776.0,3000,1,5,355.2,113.25,1.0,0.16666666666666666,1,1
12909,111,6,2452.89,1454,98,5,408.815,90.2,4.0,0.4,1,0
12910,43,9,4208.38,2770,53,7,467.59777777777776,60.875,1.0,0.1,1,0
12911,461,1,1651.72,807,220,1,1651.72,461.0,0.0,0.0,1,1
12913,192,11,4666.0,2012,31,9,424.1818181818182,45.5,0.0,0.0,1,0
12914,310,1,223.98,336,9,1,223.98,310.0,0.0,0.0,1,1
12915,58,4,975.1,411,46,4,243.775,146.66666666666666,4.0,0.5,1,1
12916,48,7,4479.73,1681,82,7,639.9614285714285,90.83333333333333,1.0,0.125,1,1
12917,37,6,4359.2,1104,45,5,726.5333333333333,120.4,2.0,0.25,1,1
12919,26,3,441.65,203,12,3,147.21666666666667,26.5,1.0,0.25,1,0
12920,480,3,323.86,292,32,2,107.95333333333333,76.5,0.0,0.0,1,0
12921,7,61,28729.62,17853,264,21,470.9773770491803,10.65,27.0,0.3068181818181818,1,0
12922,70,1,405.38,370,28,1,405.38,70.0,0.0,0.0,1,1
12923,299,2,597.6,162,28,2,298.8,184.0,0.0,0.0,1,0
12924,107,11,2183.02,1226,44,9,198.45636363636365,53.2,2.0,0.15384615384615385,1,0
12925,502,1,35.28,108,5,1,35.28,502.0,0.0,0.0,1,0
12926,320,4,1523.59,752,201,3,380.8975,104.66666666666667,0.0,0.0,1,1
12927,304,1,197.31,145,11,1,197.31,304.0,0.0,0.0,1,1
12928,57,10,3378.33,2117,81,7,337.83299999999997,44.55555555555556,0.0,0.0,1,0
12929,221,1,117.85,37,8,1,117.85,221.0,1.0,0.5,1,1
12930,80,1,221.56,108,14,1,221.56,80.0,2.0,0.6666666666666666,1,0
12931,11,53,82822.08,56286,37,17,1562.6807547169813,12.25,12.0,0.18461538461538463,1,0
12932,448,8,1698.56,1609,69,5,212.32,18.285714285714285,0.0,0.0,1,1
12933,80,7,1386.59,828,178,5,198.0842857142857,92.83333333333333,3.0,0.3,1,0
12934,646,1,181.65,31,2,1,181.65,646.0,0.0,0.0,1,1
12935,19,12,3618.5,2616,93,10,301.5416666666667,45.18181818181818,4.0,0.25,1,0
12937,106,7,2021.57,1244,81,6,288.79571428571427,89.66666666666667,0.0,0.0,1,0
12939,47,16,21673.08,8660,24,12,1354.5675,37.2,0.0,0.0,1,0
12941,633,1,377.49,381,27,1,377.49,633.0,0.0,0.0,1,1
12942,40,3,675.6,198,68,3,225.20000000000002,117.0,0.0,0.0,1,1
12943,467,2,496.5,222,22,2,248.25,47.0,2.0,0.5,1,1
12944,264,1,286.95,145,14,1,286.95,264.0,0.0,0.0,1,0
12945,197,2,900.11,446,47,2,450.055,367.0,0.0,0.0,1,1
12946,346,1,324.45,149,20,1,324.45,346.0,0.0,0.0,1,1
12947,53,6,1603.99,1165,83,5,267.33166666666665,45.8,5.0,0.45454545454545453,1,1
12948,14,6,1676.44,1023,71,4,279.4066666666667,126.4,1.0,0.14285714285714285,1,0
12949,23,21,14808.9,7900,332,12,705.1857142857143,31.05,6.0,0.2222222222222222,1,0
12951,83,14,2901.4300000000003,1490,104,12,207.24500000000003,40.30769230769231,5.0,0.2631578947368421,1,0
12953,431,1,498.96,280,31,1,498.96,431.0,0.0,0.0,1,0
12954,548,1,162.45,83,10,1,162.45,548.0,0.0,0.0,1,1
12955,2,6,1843.36,1526,42,5,307.22666666666663,35.0,3.0,0.3333333333333333,1,0
12956,215,4,521.89,340,42,3,130.4725,139.0,0.0,0.0,1,1
12957,95,9,6404.72,3385,296,8,711.6355555555556,67.75,6.0,0.4,1,0
12958,309,2,467.34,118,45,2,233.67,182.0,0.0,0.0,1,1
12959,393,1,150.95,109,8,1,150.95,393.0,1.0,0.5,1,1
12960,323,4,1322.0700000000002,1379,49,4,330.51750000000004,82.33333333333333,0.0,0.0,1,1
12961,288,1,211.99,180,37,1,211.99,288.0,0.0,0.0,1,1
12962,22,1,170.54,78,11,1,170.54,22.0,0.0,0.0,1,0
12963,275,5,1744.96,928,74,4,348.992,38.25,2.0,0.2857142857142857,1,0
12964,346,1,132.24,56,26,1,132.24,346.0,0.0,0.0,1,1
12967,267,3,2938.52,912,47,2,979.5066666666667,12.5,1.0,0.25,1,1
12968,21,1,135.95,73,5,1,135.95,21.0,0.0,0.0,1,1
12969,512,1,122.45,55,5,1,122.45,512.0,0.0,0.0,1,1
12970,231,8,1070.87,692,180,3,133.85875,59.0,0.0,0.0,1,0
12971,1,94,12680.01,10933,92,21,134.89372340425533,6.78494623655914,4.0,0.04081632653061224,1,0
12972,323,4,1161.2,844,69,4,290.3,82.33333333333333,2.0,0.3333333333333333,1,1
12973,323,1,385.55,31,6,1,385.55,323.0,0.0,0.0,1,1
12974,107,2,408.95,104,27,2,204.475,367.0,0.0,0.0,1,1
12975,346,6,2100.09,911,92,3,350.01500000000004,59.2,2.0,0.25,1,1
12976,121,8,3156.38,2684,106,7,394.5475,64.71428571428571,0.0,0.0,1,1
12977,65,4,513.88,128,54,2,128.47,118.33333333333333,0.0,0.0,1,1
12978,294,5,2502.82,1394,126,4,500.564,86.0,1.0,0.16666666666666666,1,1
12979,638,1,517.7,520,56,1,517.7,638.0,1.0,0.5,0,1
12980,67,21,16245.78,1910,7,18,773.6085714285715,28.95,5.0,0.19230769230769232,1,1
12981,42,1,187.18,134,11,1,187.18,42.0,0.0,0.0,1,0
12982,152,8,2744.81,1729,139,7,343.10125,51.857142857142854,9.0,0.5294117647058824,1,1
12983,507,1,490.08,638,30,1,490.08,507.0,0.0,0.0,1,1
12986,338,10,2729.84,1164,61,6,272.98400000000004,28.77777777777778,2.0,0.16666666666666666,1,1
12987,107,4,1057.81,474,48,4,264.4525,163.66666666666666,1.0,0.2,1,0
12988,201,1,505.82,126,75,1,505.82,201.0,0.0,0.0,1,1
12989,67,26,11096.78,6038,23,16,426.7992307692308,22.84,4.0,0.13333333333333333,1,0
12990,94,6,809.9,410,6,6,134.98333333333332,86.8,0.0,0.0,1,0
12991,21,2,564.62,439,36,2,282.31,277.0,0.0,0.0,1,0
12992,634,1,93.35,21,6,1,93.35,634.0,0.0,0.0,1,1
12993,30,7,1217.27,715,55,6,173.8957142857143,89.83333333333333,2.0,0.2222222222222222,1,0
12994,29,2,645.47,303,38,2,322.735,148.0,2.0,0.5,1,0
12996,285,1,355.5,122,22,1,355.5,285.0,0.0,0.0,1,1
12997,145,6,1492.49,822,52,6,248.74833333333333,75.2,7.0,0.5384615384615384,1,0
12998,402,3,920.08,1124,58,3,306.6933333333333,80.0,1.0,0.25,1,1
12999,105,3,455.88,342,25,2,151.96,24.5,0.0,0.0,1,1
13000,16,4,1032.5,548,57,4,258.125,206.0,1.0,0.2,1,1
13001,67,31,22839.25,12822,295,18,736.75,19.233333333333334,4.0,0.11428571428571428,1,0
13002,227,3,414.13,201,19,2,138.04333333333332,58.0,0.0,0.0,1,1
13003,15,3,149.05,103,4,3,49.68333333333334,54.5,0.0,0.0,1,1
13004,23,30,9780.03,7221,345,19,326.00100000000003,21.03448275862069,9.0,0.23076923076923078,1,0
13005,83,4,999.68,462,41,4,249.92,94.33333333333333,2.0,0.3333333333333333,1,1
13007,489,1,175.25,59,11,1,175.25,489.0,0.0,0.0,1,1
13008,232,3,612.13,379,31,3,204.04333333333332,199.5,4.0,0.5714285714285714,1,1
13009,582,1,234.0,120,4,1,234.0,582.0,0.0,0.0,1,1
13010,283,2,330.12,323,10,2,165.06,274.0,0.0,0.0,1,1
13011,281,1,50.550000000000004,13,3,1,50.550000000000004,281.0,0.0,0.0,1,1
13012,58,7,2323.3,1250,72,6,331.90000000000003,73.83333333333333,3.0,0.3,1,0
13013,2,25,9972.58,5195,271,15,398.90319999999997,26.375,2.0,0.07407407407407407,1,0
13014,23,6,3937.28,1690,138,5,656.2133333333334,63.6,5.0,0.45454545454545453,1,0
13015,106,10,5003.18,2623,202,5,500.31800000000004,45.0,3.0,0.23076923076923078,1,0
13016,32,1,425.25,315,28,1,425.25,32.0,0.0,0.0,1,0
13018,2,25,7561.17,5175,333,12,302.4468,23.125,2.0,0.07407407407407407,1,0
13019,288,6,1229.95,397,46,5,204.99166666666667,70.6,2.0,0.25,1,1
13020,472,2,618.96,278,38,2,309.48,97.0,3.0,0.6,1,1
13021,76,12,3423.33,1721,116,10,285.2775,51.54545454545455,7.0,0.3684210526315789,1,0
13022,339,1,50.3,34,4,1,50.3,339.0,0.0,0.0,0,1
13023,39,2,942.53,449,53,2,471.265,398.0,0.0,0.0,1,0
13024,380,2,555.87,181,26,2,277.935,111.0,1.0,0.3333333333333333,1,1
13025,641,1,323.39,241,13,1,323.39,641.0,0.0,0.0,1,1
13026,2,7,1361.92,1746,33,7,194.56,105.5,1.0,0.125,1,0
13027,23,19,17239.2,42840,7,14,907.3263157894737,31.88888888888889,4.0,0.17391304347826086,1,1
13029,48,4,1453.0,152,11,4,363.25,128.0,0.0,0.0,1,0
13030,277,1,402.36,174,50,1,402.36,277.0,0.0,0.0,1,0
13031,316,5,3292.84,2309,275,5,658.568,36.75,0.0,0.0,1,1
13032,302,7,1805.78,899,110,3,257.9685714285714,11.166666666666666,1.0,0.125,1,0
13033,266,2,220.55,98,12,2,110.275,72.0,0.0,0.0,1,1
13034,278,2,279.91,153,16,2,139.955,31.0,0.0,0.0,1,0
13035,170,2,775.32,494,22,2,387.66,170.0,0.0,0.0,1,0
13036,594,1,307.1,38,6,1,307.1,594.0,0.0,0.0,1,1
13037,47,12,3914.9500000000003,2130,181,11,326.24583333333334,54.27272727272727,4.0,0.25,1,1
13038,93,2,591.76,280,22,2,295.88,106.0,0.0,0.0,1,0
13039,493,4,1010.73,290,37,4,252.6825,46.0,0.0,0.0,1,1
13041,360,4,799.13,335,23,3,199.7825,46.333333333333336,0.0,0.0,1,1
13042,507,3,1488.59,812,164,3,496.19666666666666,66.5,1.0,0.25,1,1
13043,182,1,516.42,254,13,1,516.42,182.0,1.0,0.5,1,1
13044,200,11,4848.05,2548,356,8,440.7318181818182,40.9,2.0,0.15384615384615385,1,1
13045,8,3,808.9200000000001,405,41,3,269.64000000000004,193.5,0.0,0.0,1,1
13046,175,2,517.66,317,31,2,258.83,190.0,0.0,0.0,1,0
13047,36,22,7873.0,3101,170,15,357.8636363636364,28.38095238095238,16.0,0.42105263157894735,1,0
13048,23,8,3588.27,2380,118,8,448.53375,81.0,4.0,0.3333333333333333,1,0
13049,227,3,905.34,430,12,2,301.78000000000003,41.5,1.0,0.25,1,0
13050,15,30,10550.17,5946,489,19,351.6723333333333,21.275862068965516,20.0,0.4,1,0
13051,488,2,155.8,72,4,2,77.9,40.0,0.0,0.0,1,1
13052,121,7,3118.48,1423,160,6,445.4971428571429,73.66666666666667,0.0,0.0,1,1
13053,531,1,127.65,47,17,1,127.65,531.0,0.0,0.0,1,1
13055,123,2,1451.56,1179,99,2,725.78,216.0,1.0,0.3333333333333333,1,0
13056,460,1,209.48,158,18,1,209.48,460.0,0.0,0.0,1,1
13057,439,3,709.59,456,34,2,236.53,50.5,1.0,0.25,1,1
13058,61,1,47.550000000000004,9,3,1,47.550000000000004,61.0,0.0,0.0,1,0
13059,159,10,2291.77,860,155,6,229.177,40.888888888888886,2.0,0.16666666666666666,1,1
13060,163,1,307.53000000000003,123,15,1,307.53000000000003,163.0,0.0,0.0,1,1
13062,100,1,346.98,343,11,1,346.98,100.0,0.0,0.0,1,1
13063,390,1,188.4,116,12,1,188.4,390.0,0.0,0.0,1,1
13064,62,4,1220.5,438,41,4,305.125,146.33333333333334,0.0,0.0,1,0
13065,282,5,1055.05,381,49,5,211.01,43.5,1.0,0.16666666666666666,1,1
13067,319,2,393.05,99,13,2,196.525,36.0,0.0,0.0,1,0
13068,229,1,165.0,100,1,1,165.0,229.0,0.0,0.0,1,0
13069,9,34,8723.03,14451,550,16,256.55970588235294,13.424242424242424,3.0,0.08108108108108109,1,0
13070,101,4,751.7,372,12,4,187.925,179.66666666666666,1.0,0.2,1,1
13071,521,1,129.22,30,12,1,129.22,521.0,0.0,0.0,1,1
13072,176,1,177.15,69,7,1,177.15,176.0,0.0,0.0,1,1
13073,320,2,418.08,261,25,2,209.04,26.0,0.0,0.0,1,1
13074,420,4,1378.74,826,26,4,344.685,70.66666666666667,1.0,0.2,1,1
13075,39,1,919.61,485,22,1,919.61,39.0,0.0,0.0,1,1
13076,367,1,135.4,44,9,1,135.4,367.0,0.0,0.0,1,1
13077,199,10,2588.82,2212,176,8,258.882,48.666666666666664,3.0,0.23076923076923078,1,0
13078,16,46,23307.27,8902,141,21,506.6797826086957,14.044444444444444,33.0,0.4177215189873418,1,0
13079,0,3,258.58000000000004,106,11,3,86.19333333333334,163.0,0.0,0.0,1,0
13080,88,4,280.73,193,17,4,70.1825,143.33333333333334,1.0,0.2,1,1
13081,53,25,47371.11,33674,676,16,1894.8444,24.458333333333332,11.0,0.3055555555555556,1,0
13082,35,21,7335.75,8466,99,14,349.32142857142856,29.55,4.0,0.16,1,1
13083,334,1,91.67999999999999,120,4,1,91.67999999999999,334.0,0.0,0.0,1,0
13084,401,1,122.39999999999999,144,2,1,122.39999999999999,401.0,1.0,0.5,1,1
13085,67,8,2433.28,944,50,4,304.16,83.0,2.0,0.2,1,1
13086,292,1,439.33000000000004,155,47,1,439.33000000000004,292.0,0.0,0.0,1,1
13087,635,1,313.64,86,15,1,313.64,635.0,0.0,0.0,1,1
13088,326,1,236.11,76,19,1,236.11,326.0,0.0,0.0,1,1
13089,9,177,97915.57,51689,776,22,553.1953107344633,3.6193181818181817,42.0,0.1917808219178082,1,0
13090,45,18,9077.94,2116,129,10,504.33000000000004,21.058823529411764,5.0,0.21739130434782608,1,0
13091,639,1,762.98,872,23,1,762.98,639.0,2.0,0.6666666666666666,1,0
13092,121,11,2102.2,480,48,11,191.1090909090909,45.6,3.0,0.21428571428571427,1,0
13093,185,55,54144.25,25971,199,16,984.4409090909091,8.518518518518519,33.0,0.375,1,1
13094,39,11,1827.8400000000001,1536,5,9,166.16727272727275,25.9,4.0,0.26666666666666666,1,0
13096,303,1,419.7000000000001,6,1,1,419.7000000000001,303.0,0.0,0.0,1,1
13097,32,25,11648.65,4845,365,16,465.94599999999997,25.625,11.0,0.3055555555555556,1,0
13098,3,18,15169.46,8701,110,9,842.7477777777777,13.117647058823529,9.0,0.3333333333333333,1,0
13099,8,1,207.36,288,1,1,207.36,8.0,0.0,0.0,1,1
13101,143,4,695.4,478,48,4,173.85,148.66666666666666,0.0,0.0,1,1
13102,43,32,9917.710000000001,5523,185,15,309.92843750000003,14.451612903225806,5.0,0.13513513513513514,1,0
13103,347,2,465.70000000000005,344,21,2,232.85000000000002,139.0,0.0,0.0,1,0
13104,42,6,987.06,510,5,6,164.51,104.0,0.0,0.0,1,0
13105,345,1,72.0,100,1,1,72.0,345.0,0.0,0.0,1,1
13106,42,2,603.46,231,15,2,301.73,280.0,1.0,0.3333333333333333,1,1
13107,85,7,4656.67,3839,127,7,665.2385714285714,82.83333333333333,6.0,0.46153846153846156,1,0
13108,282,2,748.46,745,27,2,374.23,62.0,0.0,0.0,1,1
13109,66,2,717.34,497,42,2,358.67,394.0,2.0,0.5,1,0
13110,46,10,2511.04,649,141,8,251.10399999999998,66.77777777777777,2.0,0.16666666666666666,1,0
13111,628,1,321.88000000000005,180,12,1,321.88000000000005,628.0,0.0,0.0,1,1
13112,450,1,20.599999999999998,11,2,1,20.599999999999998,450.0,2.0,0.6666666666666666,1,1
13113,23,33,16771.170000000002,4006,165,15,508.21727272727276,15.84375,21.0,0.3888888888888889,1,0
13114,640,1,234.38,74,16,1,234.38,640.0,0.0,0.0,1,1
13115,93,7,4078.4700000000003,2988,161,6,582.6385714285715,69.16666666666667,10.0,0.5882352941176471,1,0
13116,47,1,501.14,291,30,1,501.14,47.0,1.0,0.5,1,1
13117,31,17,2112.52,1610,114,15,124.26588235294118,31.3125,1.0,0.05555555555555555,1,0
13118,117,7,2017.3,698,85,6,288.18571428571425,38.333333333333336,2.0,0.2222222222222222,1,0
13119,578,1,134.9,110,11,1,134.9,578.0,0.0,0.0,1,1
13120,148,1,30.6,12,1,1,30.6,148.0,0.0,0.0,1,1
13121,178,1,283.73,252,50,1,283.73,178.0,1.0,0.5,1,1
13122,3,2,922.39,585,54,2,461.195,146.0,0.0,0.0,1,1
13123,382,2,506.75,268,36,2,253.375,56.0,0.0,0.0,1,1
13124,161,3,3401.8,2220,163,3,1133.9333333333334,66.0,0.0,0.0,1,0
13125,433,1,148.62,53,20,1,148.62,433.0,0.0,0.0,1,1
13126,162,10,2752.59,2208,123,8,275.259,43.77777777777778,5.0,0.3333333333333333,1,0
13128,540,1,263.5,31,1,1,263.5,540.0,0.0,0.0,1,1
13129,361,2,233.25,296,10,2,116.625,77.0,0.0,0.0,1,1
13130,3,1,64.0,32,2,1,64.0,3.0,0.0,0.0,1,1
13131,97,5,2565.37,1204,98,4,513.074,120.25,0.0,0.0,1,0
13132,171,1,77.3,20,3,1,77.3,171.0,0.0,0.0,1,1
13133,183,3,200.45,55,12,3,66.81666666666666,92.5,0.0,0.0,1,1
13134,93,5,1567.39,635,61,4,313.478,58.0,2.0,0.2857142857142857,1,0
13135,106,2,3371.45,4423,18,2,1685.725,294.0,0.0,0.0,1,1
13136,52,11,4893.63,2458,179,7,444.87545454545455,58.8,8.0,0.42105263157894735,1,0
13137,2,13,5871.97,3203,547,9,451.69,34.083333333333336,1.0,0.07142857142857142,1,0
13138,42,4,801.07,363,33,4,200.2675,87.66666666666667,1.0,0.2,1,0
13139,19,4,4848.9800000000005,2915,128,4,1212.2450000000001,109.33333333333333,0.0,0.0,1,0
13140,17,5,1054.92,572,89,4,210.984,95.5,0.0,0.0,1,1
13141,123,16,6668.36,4553,259,11,416.7725,34.4,4.0,0.2,1,0
13143,494,1,405.1,198,23,1,405.1,494.0,1.0,0.5,1,1
13144,242,2,135.35,29,6,2,67.675,98.0,0.0,0.0,1,1
13145,1,6,1009.72,241,5,6,168.28666666666666,101.4,0.0,0.0,1,0
13147,9,1,118.8,24,1,1,118.8,9.0,0.0,0.0,1,0
13148,43,24,7571.07,3886,399,14,315.46125,26.0,10.0,0.29411764705882354,1,0
13149,15,3,1132.6200000000001,884,58,3,377.54,91.0,0.0,0.0,1,0
13150,393,3,449.96999999999997,171,7,2,149.98999999999998,73.0,1.0,0.25,1,1
13151,205,3,2454.71,788,130,2,818.2366666666667,166.0,2.0,0.4,1,1
13152,326,7,2146.38,977,114,7,306.6257142857143,46.166666666666664,2.0,0.2222222222222222,1,1
13154,308,3,1624.84,976,78,3,541.6133333333333,168.0,2.0,0.4,1,1
13155,236,4,967.9200000000001,506,68,4,241.98000000000002,55.0,0.0,0.0,1,0
13156,294,3,1586.54,914,94,2,528.8466666666667,145.0,0.0,0.0,1,1
13157,50,8,4819.34,4111,137,7,602.4175,71.42857142857143,1.0,0.1111111111111111,1,0
13158,4,5,1508.18,992,70,5,301.636,73.25,0.0,0.0,1,1
13159,15,2,843.09,627,75,1,421.545,9.0,1.0,0.3333333333333333,1,0
13161,222,2,472.13,105,30,2,236.065,187.0,0.0,0.0,1,1
13162,31,16,9275.49,5755,186,13,579.718125,40.86666666666667,3.0,0.15789473684210525,1,1
13163,519,1,17.65,3,2,1,17.65,519.0,1.0,0.5,1,1
13164,478,2,372.2,120,7,2,186.1,98.0,1.0,0.3333333333333333,1,1
13165,260,2,784.32,856,20,2,392.16,61.0,0.0,0.0,1,0
13166,192,2,875.93,522,55,2,437.965,131.0,1.0,0.3333333333333333,1,1
13167,40,3,751.37,669,46,3,250.45666666666668,129.5,0.0,0.0,1,0
13168,108,4,1494.2,773,119,4,373.55,114.0,1.0,0.2,1,0
13169,161,2,632.4000000000001,120,11,2,316.20000000000005,309.0,0.0,0.0,1,0
13171,208,1,140.35,53,23,1,140.35,208.0,0.0,0.0,1,0
13172,309,1,69.6,48,1,1,69.6,309.0,0.0,0.0,1,1
13173,276,10,2202.11,1316,146,8,220.211,40.22222222222222,2.0,0.16666666666666666,1,0
13174,225,10,7263.7,3365,562,9,726.37,46.44444444444444,0.0,0.0,1,0
13175,491,2,831.45,423,40,2,415.725,153.0,2.0,0.5,1,1
13177,340,1,229.75,89,13,1,229.75,340.0,0.0,0.0,1,0
13178,42,18,12725.45,7807,183,16,706.9694444444444,34.64705882352941,4.0,0.18181818181818182,1,0
13179,528,1,572.3100000000001,368,34,1,572.3100000000001,528.0,0.0,0.0,1,1
13180,516,1,86.10000000000001,42,4,1,86.10000000000001,516.0,0.0,0.0,1,1
13181,290,1,359.69,171,19,1,359.69,290.0,0.0,0.0,1,1
13183,10,12,5473.38,3267,64,11,456.115,48.54545454545455,3.0,0.2,1,0
13184,40,9,1471.1,1536,121,5,163.45555555555555,19.875,2.0,0.18181818181818182,1,0
13185,177,1,71.4,12,1,1,71.4,177.0,0.0,0.0,1,1
13186,3,2,1301.94,547,57,2,650.97,35.0,2.0,0.5,1,0
13187,246,4,328.36,283,50,2,82.09,95.66666666666667,1.0,0.2,1,1
13189,24,1,127.0,526,18,1,127.0,24.0,0.0,0.0,1,0
13190,453,3,570.66,308,16,3,190.22,94.0,1.0,0.25,1,1
13191,567,1,159.21,111,57,1,159.21,567.0,0.0,0.0,1,1
13192,4,6,2558.58,1629,135,5,426.43,118.2,2.0,0.25,1,1
13194,45,2,472.78,326,10,2,236.39,285.0,0.0,0.0,1,1
13195,323,1,136.73,70,43,1,136.73,323.0,0.0,0.0,1,1
13196,171,4,1783.19,1102,89,4,445.7975,118.33333333333333,1.0,0.2,1,0
13197,519,1,373.01000000000005,204,19,1,373.01000000000005,519.0,0.0,0.0,1,1
13198,30,7,4582.17,3170,248,7,654.5957142857143,52.166666666666664,3.0,0.3,1,0
13199,1,50,10872.25,9042,41,22,217.445,13.10204081632653,2.0,0.038461538461538464,1,0
13200,35,1,319.32,249,14,1,319.32,35.0,0.0,0.0,1,0
13201,411,4,1233.06,1036,65,3,308.265,46.666666666666664,0.0,0.0,1,1
13202,303,7,1580.3,572,55,7,225.75714285714284,56.0,1.0,0.125,1,1
13203,30,8,2088.65,1887,125,8,261.08125,85.85714285714286,1.0,0.1111111111111111,1,0
13204,640,1,966.6600000000001,428,57,1,966.6600000000001,640.0,0.0,0.0,1,1
13205,352,1,2803.2,256,1,1,2803.2,352.0,0.0,0.0,1,1
13206,309,13,8308.19,7086,393,7,639.0915384615384,27.666666666666668,2.0,0.13333333333333333,1,1
13207,60,3,483.12000000000006,120,8,3,161.04000000000002,230.5,0.0,0.0,1,0
13208,64,7,1587.47,1112,172,7,226.78142857142856,96.83333333333333,0.0,0.0,1,0
13209,38,10,6773.9800000000005,4783,230,9,677.398,61.666666666666664,3.0,0.23076923076923078,1,0
13210,3,1,353.48,316,22,1,353.48,3.0,0.0,0.0,1,1
13211,4,9,2307.9900000000002,1590,96,7,256.4433333333334,79.75,2.0,0.18181818181818182,1,0
13213,37,10,3294.82,2080,147,7,329.482,48.77777777777778,3.0,0.23076923076923078,1,0
13214,327,7,3264.23,2966,207,6,466.31857142857143,38.0,0.0,0.0,1,1
13215,311,1,81.6,96,1,1,81.6,311.0,0.0,0.0,1,1
13216,177,1,333.74,297,5,1,333.74,177.0,0.0,0.0,1,1
13217,31,4,666.48,512,3,3,166.62,177.66666666666666,2.0,0.3333333333333333,1,1
13218,36,1,62.64,88,5,1,62.64,36.0,0.0,0.0,1,1
13219,527,1,76.23,11,11,1,76.23,527.0,0.0,0.0,1,1
13220,95,4,1243.29,332,43,4,310.8225,130.0,0.0,0.0,1,0
13221,149,2,844.86,243,61,2,422.43,119.0,0.0,0.0,1,1
13222,486,1,88.5,30,1,1,88.5,486.0,0.0,0.0,1,1
13223,109,6,969.12,568,8,6,161.52,92.8,0.0,0.0,1,1
13224,60,1,1212.26,665,42,1,1212.26,60.0,0.0,0.0,1,0
13225,52,14,14095.79,6149,54,12,1006.8421428571429,44.53846153846154,1.0,0.06666666666666667,1,0
13226,182,2,312.46,179,28,2,156.23,120.0,0.0,0.0,1,1
13227,111,1,257.7,99,9,1,257.7,111.0,0.0,0.0,1,1
13229,135,1,160.95,63,10,1,160.95,135.0,0.0,0.0,1,1
13230,47,28,5549.11,3189,581,16,198.18249999999998,18.22222222222222,1.0,0.034482758620689655,1,0
13232,7,5,1018.45,647,128,4,203.69,36.0,0.0,0.0,1,0
13233,245,3,875.58,1004,49,3,291.86,179.0,0.0,0.0,1,0
13234,582,2,346.5,159,56,2,173.25,59.0,0.0,0.0,1,1
13235,121,1,1031.07,441,53,1,1031.07,121.0,1.0,0.5,1,1
13236,16,1,439.23,168,21,1,439.23,16.0,0.0,0.0,1,0
13237,297,1,643.0,128,24,1,643.0,297.0,0.0,0.0,1,1
13238,73,4,624.75,281,19,4,156.1875,142.0,0.0,0.0,1,0
13239,171,5,1594.69,1151,86,4,318.938,60.0,1.0,0.16666666666666666,1,1
13240,5,8,1455.39,707,159,7,181.92375,79.42857142857143,1.0,0.1111111111111111,1,1
13241,321,1,112.53,46,40,1,112.53,321.0,0.0,0.0,1,1
13242,21,7,699.4,350,19,6,99.91428571428571,92.5,0.0,0.0,1,1
13243,112,5,1220.38,554,165,3,244.07600000000002,107.0,0.0,0.0,1,1
13244,2,1,121.74000000000001,38,27,1,121.74000000000001,2.0,0.0,0.0,1,1
13245,341,1,558.72,246,29,1,558.72,341.0,0.0,0.0,1,0
13246,85,10,3228.74,2742,214,8,322.87399999999997,38.666666666666664,2.0,0.16666666666666666,1,0
13248,34,2,465.68,305,25,2,232.84,64.0,0.0,0.0,1,1
13249,1,9,1608.9299999999998,1246,21,8,178.76999999999998,74.0,0.0,0.0,1,1
13250,370,2,253.09,107,17,2,126.545,41.0,1.0,0.3333333333333333,1,1
13251,311,1,252.68,215,25,1,252.68,311.0,0.0,0.0,1,1
13252,303,2,399.3,134,19,2,199.65,231.0,1.0,0.3333333333333333,1,1
13253,66,4,2951.11,3015,73,4,737.7775,182.0,0.0,0.0,1,1
13254,285,1,51.41,43,4,1,51.41,285.0,0.0,0.0,1,1
13255,283,2,504.95,340,19,2,252.475,138.0,0.0,0.0,1,0
13257,345,1,149.75,33,7,1,149.75,345.0,2.0,0.6666666666666666,1,1
13258,114,3,535.47,241,14,2,178.49,97.5,0.0,0.0,1,0
13259,307,8,1115.61,376,180,5,139.45125,43.0,0.0,0.0,1,0
13261,178,2,944.1,210,8,2,472.05,17.0,0.0,0.0,1,1
13262,172,3,573.45,247,48,3,191.15,168.5,0.0,0.0,1,1
13263,17,27,6083.84,3393,433,9,225.3274074074074,11.73076923076923,0.0,0.0,1,0
13264,352,1,722.5600000000001,375,38,1,722.5600000000001,352.0,0.0,0.0,1,1
13265,93,3,1450.66,1126,44,3,483.55333333333334,44.5,0.0,0.0,1,0
13266,22,15,4836.36,5469,129,12,322.424,43.5,9.0,0.375,1,0
13267,1,32,8027.66,3334,134,17,250.864375,20.612903225806452,12.0,0.2727272727272727,1,0
13268,79,6,2117.81,2490,206,4,352.9683333333333,19.4,3.0,0.3333333333333333,1,0
13269,19,21,6172.54,4867,195,13,293.9304761904762,31.4,1.0,0.045454545454545456,1,0
13270,275,1,590.0,200,1,1,590.0,275.0,0.0,0.0,1,1
13273,22,1,138.98,153,16,1,138.98,22.0,0.0,0.0,1,1
13274,318,1,360.85,199,19,1,360.85,318.0,0.0,0.0,1,1
13275,293,2,238.86,138,48,2,119.43,248.0,0.0,0.0,1,1
13276,9,4,1438.36,699,191,4,359.59,180.66666666666666,2.0,0.3333333333333333,1,0
13277,25,5,390.8,292,9,5,78.16,105.75,0.0,0.0,1,0
13278,309,3,882.62,796,47,3,294.20666666666665,105.0,1.0,0.25,1,0
13280,31,7,2293.33,1489,159,5,327.61857142857144,87.0,1.0,0.125,1,1
13281,348,1,350.85,201,22,1,350.85,348.0,2.0,0.6666666666666666,1,1
13282,71,3,954.15,275,28,3,318.05,121.5,1.0,0.25,1,0
13283,95,3,305.2,144,14,3,101.73333333333333,227.0,0.0,0.0,1,0
13284,240,1,201.19,91,13,1,201.19,240.0,1.0,0.5,1,1
13285,70,5,2625.57,1860,147,5,525.114,115.75,0.0,0.0,1,0
13286,509,1,734.91,274,46,1,734.91,509.0,0.0,0.0,1,1
13287,512,3,781.59,429,46,3,260.53000000000003,50.5,4.0,0.5714285714285714,1,1
13288,352,5,927.61,379,7,3,185.522,55.75,1.0,0.16666666666666666,1,1
13289,633,1,307.95,119,16,1,307.95,633.0,0.0,0.0,1,1
13291,65,11,3270.79,1600,155,9,297.3445454545454,51.0,0.0,0.0,1,1
13292,193,4,665.14,316,41,4,166.285,80.66666666666667,1.0,0.2,1,0
13293,301,6,1192.94,555,51,5,198.82333333333335,55.2,1.0,0.14285714285714285,1,1
13294,99,3,1689.53,996,93,3,563.1766666666666,228.0,0.0,0.0,1,1
13295,269,4,1101.97,733,56,4,275.4925,72.33333333333333,5.0,0.5555555555555556,1,1
13296,46,6,792.51,653,50,6,132.085,87.8,0.0,0.0,1,1
13297,294,3,2278.77,1731,58,3,759.59,78.5,1.0,0.25,1,0
13299,177,3,1218.7,416,56,3,406.23333333333335,130.0,2.0,0.4,1,1
13300,78,3,1285.51,455,44,3,428.50333333333333,202.0,2.0,0.4,1,1
13301,13,4,600.1899999999999,343,74,4,150.04749999999999,62.666666666666664,0.0,0.0,1,1
13302,64,2,159.2,12,3,2,79.6,371.0,0.0,0.0,1,1
13303,309,1,61.72,26,4,1,61.72,309.0,0.0,0.0,1,1
13304,260,4,1217.99,716,59,4,304.4975,106.0,3.0,0.42857142857142855,1,1
13305,2,14,3086.8,1931,140,12,220.4857142857143,42.0,0.0,0.0,1,0
13306,339,1,53.65,74,4,1,53.65,339.0,0.0,0.0,1,1
13307,29,3,273.34,140,15,3,91.11333333333333,236.0,0.0,0.0,1,1
13308,112,2,1099.81,749,42,2,549.905,393.0,1.0,0.3333333333333333,1,0
13309,116,3,796.22,986,59,3,265.4066666666667,93.0,0.0,0.0,1,0
13310,115,4,1226.82,624,65,3,306.705,65.0,2.0,0.3333333333333333,1,0
13311,59,1,490.11,271,24,1,490.11,59.0,0.0,0.0,1,0
13312,360,1,124.75,41,5,1,124.75,360.0,0.0,0.0,1,1
13313,50,10,2808.34,1944,93,9,280.834,66.22222222222223,3.0,0.23076923076923078,1,0
13315,598,1,310.26000000000005,232,22,1,310.26000000000005,598.0,0.0,0.0,1,1
13316,41,8,10743.07,18700,93,7,1342.88375,72.57142857142857,2.0,0.2,1,0
13317,108,18,5526.39,2613,180,12,307.0216666666667,31.0,11.0,0.3793103448275862,1,0
13319,1,51,17868.14,7447,303,21,350.35568627450976,12.82,17.0,0.25,1,0
13320,16,5,1660.55,1210,81,4,332.11,93.0,2.0,0.2857142857142857,1,0
13324,112,15,7190.51,5716,30,9,479.36733333333336,25.714285714285715,4.0,0.21052631578947367,1,0
13326,341,1,281.76,140,13,1,281.76,341.0,0.0,0.0,1,1
13327,22,18,8163.85,3858,162,17,453.5472222222222,35.76470588235294,2.0,0.1,1,0
13328,225,1,1308.48,680,17,1,1308.48,225.0,0.0,0.0,1,1
13329,276,7,4323.97,3023,60,5,617.71,61.333333333333336,6.0,0.46153846153846156,1,0
13330,2,6,2796.1,1951,80,6,466.01666666666665,112.4,0.0,0.0,1,1
13331,311,1,262.4,54,12,1,262.4,311.0,0.0,0.0,1,1
13333,320,3,1015.74,685,54,3,338.58,123.5,0.0,0.0,1,1
13334,100,4,5408.07,2777,280,4,1352.0175,153.66666666666666,1.0,0.2,1,0
13337,455,1,1575.26,980,87,1,1575.26,455.0,1.0,0.5,1,1
13338,67,4,2445.62,1151,113,4,611.405,181.66666666666666,6.0,0.6,1,1
13339,110,1,860.12,326,54,1,860.12,110.0,0.0,0.0,1,1
13340,15,10,20593.62,9014,173,7,2059.362,61.0,0.0,0.0,1,0
13341,170,1,775.85,301,42,1,775.85,170.0,0.0,0.0,1,1
13343,87,1,353.43,135,19,1,353.43,87.0,1.0,0.5,1,1
13344,187,1,1656.15,599,68,1,1656.15,187.0,0.0,0.0,1,0
13345,197,1,389.5,141,20,1,389.5,197.0,1.0,0.5,1,1
13346,372,6,299.4,180,4,5,49.9,26.6,0.0,0.0,1,1
13355,31,1,674.7,314,32,1,674.7,31.0,0.0,0.0,1,1
13357,166,5,3795.01,2087,283,4,759.0020000000001,92.25,0.0,0.0,1,1
13358,178,1,439.03000000000003,285,29,1,439.03000000000003,178.0,0.0,0.0,1,1
13359,312,1,603.75,220,33,1,603.75,312.0,1.0,0.5,1,0
13360,341,4,1553.65,942,58,3,388.4125,89.66666666666667,3.0,0.42857142857142855,1,1
13361,381,2,1450.5,324,29,2,725.25,145.0,0.0,0.0,1,1
13362,155,5,3884.86,1826,161,4,776.972,44.75,2.0,0.2857142857142857,1,0
13363,319,1,731.36,436,42,1,731.36,319.0,0.0,0.0,1,0
13365,127,1,700.6,404,39,1,700.6,127.0,1.0,0.5,1,0
13367,341,1,510.2,253,20,1,510.2,341.0,0.0,0.0,1,1
13368,166,4,1121.5,606,45,3,280.375,55.333333333333336,1.0,0.2,1,1
13369,275,1,308.28000000000003,149,14,1,308.28000000000003,275.0,1.0,0.5,1,1
13370,281,1,754.87,343,39,1,754.87,281.0,1.0,0.5,1,1
13371,414,2,2297.66,1019,75,2,1148.83,127.0,2.0,0.5,1,1
13373,68,5,6330.52,3556,261,5,1266.104,143.5,0.0,0.0,1,0
13374,324,2,422.8,135,17,2,211.4,34.0,0.0,0.0,1,1
13375,354,1,1013.58,682,34,1,1013.58,354.0,0.0,0.0,1,0
13376,8,3,1019.76,493,45,3,339.92,67.5,0.0,0.0,1,1
13377,306,2,1552.88,748,71,2,776.44,249.0,2.0,0.5,1,1
13379,46,1,136.29,166,13,1,136.29,46.0,0.0,0.0,1,0
13380,342,1,62.4,48,3,1,62.4,342.0,0.0,0.0,1,1
13381,22,10,7046.39,4347,148,10,704.639,69.33333333333333,2.0,0.16666666666666666,1,0
13382,190,5,1387.58,863,74,4,277.51599999999996,112.75,0.0,0.0,1,1
13383,453,1,305.28000000000003,288,1,1,305.28000000000003,453.0,0.0,0.0,1,1
13384,38,6,4284.74,2782,149,5,714.1233333333333,74.2,4.0,0.4,1,0
13385,239,1,534.57,281,35,1,534.57,239.0,0.0,0.0,1,1
13386,323,2,835.46,514,24,2,417.73,22.0,0.0,0.0,1,1
13387,326,1,181.84,117,70,1,181.84,326.0,0.0,0.0,1,1
13388,40,3,1185.65,701,68,2,395.2166666666667,236.0,1.0,0.25,1,1
13389,142,1,257.89,115,18,1,257.89,142.0,0.0,0.0,1,0
13391,113,1,59.8,4,1,1,59.8,113.0,0.0,0.0,1,1
13392,586,1,91.14,82,8,1,91.14,586.0,0.0,0.0,1,1
13393,493,4,1131.45,662,53,3,282.8625,49.333333333333336,2.0,0.3333333333333333,1,1
13394,25,16,5645.13,4437,221,15,352.820625,41.46666666666667,3.0,0.15789473684210525,1,0
13395,94,3,1180.23,1660,77,3,393.41,118.0,0.0,0.0,1,1
13396,228,1,387.27000000000004,139,15,1,387.27000000000004,228.0,1.0,0.5,1,0
13397,20,9,2875.93,1264,62,9,319.54777777777775,72.25,3.0,0.25,1,0
13398,101,2,670.34,341,37,2,335.17,256.0,0.0,0.0,1,1
13399,373,3,275.4,120,10,2,91.8,27.0,0.0,0.0,1,1
13400,492,1,310.83,284,23,1,310.83,492.0,1.0,0.5,1,1
13402,36,4,1226.8500000000001,917,55,4,306.71250000000003,145.66666666666666,0.0,0.0,1,1
13403,297,2,154.5,70,6,2,77.25,335.0,0.0,0.0,1,0
13404,122,1,217.81,99,9,1,217.81,122.0,0.0,0.0,1,0
13405,113,5,1198.81,853,32,5,239.762,130.0,3.0,0.375,1,1
13406,336,2,568.92,292,7,2,284.46,204.0,1.0,0.3333333333333333,1,1
13407,488,3,2244.7,1690,85,3,748.2333333333332,41.5,3.0,0.5,1,1
13408,9,85,39894.42,22947,270,22,469.3461176470588,7.571428571428571,24.0,0.22018348623853212,1,0
13410,96,7,1743.94,1026,21,7,249.1342857142857,90.66666666666667,2.0,0.2222222222222222,1,0
13411,16,1,213.55,72,17,1,213.55,16.0,0.0,0.0,1,1
13412,529,1,487.35,176,33,1,487.35,529.0,0.0,0.0,1,1
13413,549,6,429.44,455,38,3,71.57333333333334,9.4,2.0,0.25,1,1
13414,43,6,2494.14,2702,48,5,415.69,93.8,1.0,0.14285714285714285,1,1
13415,382,4,784.17,496,85,3,196.0425,85.0,1.0,0.2,1,1
13416,645,1,228.3,66,7,1,228.3,645.0,0.0,0.0,1,0
13417,114,5,1264.66,442,42,4,252.93200000000002,116.0,1.0,0.16666666666666666,1,0
13418,8,28,10176.36,6604,306,15,363.4414285714286,23.296296296296298,4.0,0.125,1,0
13420,59,2,159.85,101,8,2,79.925,20.0,2.0,0.5,1,1
13421,199,7,3039.58,1693,156,5,434.2257142857143,62.166666666666664,3.0,0.3,1,0
13423,338,1,217.03,141,12,1,217.03,338.0,0.0,0.0,1,1
13424,359,1,572.77,529,40,1,572.77,359.0,1.0,0.5,1,1
13425,17,5,3390.4300000000003,2358,124,5,678.086,117.75,3.0,0.375,1,1
13426,92,17,6084.74,3822,127,14,357.9258823529412,34.1875,0.0,0.0,1,0
13427,29,5,888.79,766,32,5,177.75799999999998,150.25,0.0,0.0,1,0
13428,423,2,276.76,205,66,1,138.38,0.0,0.0,0.0,1,0
13431,315,6,2047.14,898,74,5,341.19,50.6,1.0,0.14285714285714285,1,0
13432,480,2,436.55,214,97,2,218.275,40.0,0.0,0.0,1,1
13433,410,4,658.32,190,22,3,164.58,65.0,1.0,0.2,1,1
13434,6,4,1205.46,624,17,4,301.365,186.33333333333334,0.0,0.0,1,0
13435,19,5,1725.56,1519,64,4,345.11199999999997,97.25,0.0,0.0,1,0
13437,8,4,2173.6,689,108,3,543.4,30.333333333333332,0.0,0.0,1,0
13438,456,1,46.5,10,1,1,46.5,456.0,0.0,0.0,1,1
13439,164,3,986.61,952,132,3,328.87,135.0,0.0,0.0,1,1
13440,332,7,1295.25,573,49,2,185.03571428571428,4.666666666666667,3.0,0.3,1,1
13441,1,2,720.9,520,33,2,360.45,339.0,0.0,0.0,1,1
13442,576,3,419.87,115,33,3,139.95666666666668,35.0,0.0,0.0,1,1
13443,358,6,1269.3700000000001,802,175,4,211.5616666666667,45.6,1.0,0.14285714285714285,1,1
13444,283,2,619.08,331,51,2,309.54,131.0,0.0,0.0,1,1
13445,535,1,241.89999999999998,198,7,1,241.89999999999998,535.0,0.0,0.0,1,1
13446,339,11,3881.89,2403,113,7,352.8990909090909,23.3,7.0,0.3888888888888889,1,1
13448,128,10,6274.79,3266,270,7,627.479,57.111111111111114,5.0,0.3333333333333333,1,0
13450,34,11,3497.7799999999997,3606,47,9,317.97999999999996,47.8,1.0,0.08333333333333333,1,0
13451,35,10,6576.16,4841,533,10,657.616,55.77777777777778,2.0,0.16666666666666666,1,0
13452,168,3,729.8,6,2,2,243.26666666666665,106.5,0.0,0.0,1,1
13453,75,3,781.69,341,33,3,260.56333333333333,118.0,2.0,0.4,1,1
13454,550,1,219.87,198,23,1,219.87,550.0,0.0,0.0,1,1
13455,275,5,1847.5900000000001,631,70,4,369.51800000000003,91.0,5.0,0.5,1,0
13456,64,3,855.0600000000001,261,18,3,285.02000000000004,25.5,1.0,0.25,1,0
13457,598,2,148.22,96,9,2,74.11,48.0,2.0,0.5,1,1
13458,9,12,9991.12,5773,258,9,832.5933333333334,26.181818181818183,7.0,0.3684210526315789,1,0
13459,534,2,1160.41,986,57,2,580.205,57.0,0.0,0.0,1,1
13461,48,5,3599.2,2798,29,5,719.8399999999999,114.5,2.0,0.2857142857142857,1,0
13462,162,5,1153.8500000000001,697,64,5,230.77000000000004,118.25,1.0,0.16666666666666666,1,1
13464,304,5,2422.96,1037,95,4,484.592,55.75,1.0,0.16666666666666666,1,0
13465,355,2,931.12,584,34,2,465.56,139.0,0.0,0.0,1,1
13466,93,5,1013.35,660,49,4,202.67000000000002,111.0,2.0,0.2857142857142857,1,1
13468,2,64,11827.33,5092,276,22,184.80203125,10.206349206349206,13.0,0.16883116883116883,1,0
13469,562,1,82.4,52,6,1,82.4,562.0,0.0,0.0,1,1
13470,8,2,165.0,100,7,2,82.5,15.0,0.0,0.0,1,1
13472,373,2,592.24,310,24,2,296.12,91.0,0.0,0.0,1,1
13473,242,7,2476.38,932,56,5,353.7685714285714,65.16666666666667,2.0,0.2222222222222222,1,0
13474,145,3,646.59,318,116,3,215.53,129.0,0.0,0.0,1,1
13475,100,4,1431.78,1012,64,4,357.945,35.666666666666664,0.0,0.0,1,1
13476,88,5,2061.4700000000003,713,86,5,412.29400000000004,116.5,2.0,0.2857142857142857,1,1
13477,47,9,2264.14,1696,93,8,251.5711111111111,68.125,2.0,0.18181818181818182,1,0
13478,378,5,2215.78,1189,114,4,443.15600000000006,51.75,2.0,0.2857142857142857,1,1
13479,110,4,851.37,716,45,4,212.8425,92.0,3.0,0.42857142857142855,1,1
13480,326,2,627.82,362,40,2,313.91,262.0,0.0,0.0,1,1
13481,17,10,3387.61,1774,142,8,338.761,69.66666666666667,2.0,0.16666666666666666,1,0
13482,141,2,336.09,187,20,2,168.045,395.0,0.0,0.0,1,1
13484,150,3,790.72,224,38,3,263.5733333333333,199.0,1.0,0.25,1,1
13485,142,11,3015.2200000000003,1797,130,7,274.1109090909091,50.3,4.0,0.26666666666666666,1,1
13486,37,2,819.61,529,52,2,409.805,26.0,0.0,0.0,1,0
13487,122,4,680.27,310,26,4,170.0675,173.66666666666666,0.0,0.0,1,0
13488,30,19,11834.03,6089,335,13,622.8436842105264,31.27777777777778,6.0,0.24,1,0
13489,14,4,449.52,560,11,3,112.38,63.0,0.0,0.0,1,1
13490,563,1,154.25,25,8,1,154.25,563.0,0.0,0.0,1,1
13491,57,26,4340.29,2258,137,18,166.93423076923077,23.4,0.0,0.0,1,0
13492,45,3,1269.84,408,38,2,423.28,39.0,0.0,0.0,0,1
13493,184,2,498.63,377,5,2,249.315,11.0,0.0,0.0,0,1
13494,221,1,316.26000000000005,162,18,1,316.26000000000005,221.0,0.0,0.0,1,1
13495,141,8,3890.87,2121,50,6,486.35875,71.42857142857143,3.0,0.2727272727272727,1,0
13496,269,1,501.01,229,26,1,501.01,269.0,1.0,0.5,1,0
13497,192,6,1166.8300000000002,525,52,5,194.4716666666667,77.2,1.0,0.14285714285714285,1,1
13498,639,1,327.38,362,17,1,327.38,639.0,0.0,0.0,1,1
13499,134,2,463.79,265,18,2,231.895,44.0,1.0,0.3333333333333333,1,0
13500,32,2,625.93,357,38,2,312.965,278.0,0.0,0.0,1,0
13501,197,3,2885.11,1253,90,3,961.7033333333334,141.0,2.0,0.4,0,1
13502,184,4,677.66,336,20,4,169.415,91.0,1.0,0.2,1,0
13503,388,4,1561.19,853,147,3,390.2975,60.333333333333336,6.0,0.6,1,0
13505,76,3,2143.12,1250,109,3,714.3733333333333,33.0,3.0,0.5,0,0
13506,225,5,1338.08,942,55,5,267.616,36.0,3.0,0.375,1,1
13507,7,3,2022.79,1212,123,3,674.2633333333333,23.5,0.0,0.0,1,0
13508,153,2,287.05,180,27,2,143.525,399.0,0.0,0.0,1,1
13509,9,5,825.02,906,23,4,165.004,101.75,0.0,0.0,1,0
13510,4,9,3664.54,2401,147,8,407.1711111111111,77.875,6.0,0.4,1,0
13511,586,1,282.76,60,5,1,282.76,586.0,1.0,0.5,1,1
13512,170,4,713.39,419,31,4,178.3475,107.33333333333333,0.0,0.0,1,1
13513,36,3,824.59,364,32,3,274.86333333333334,264.0,1.0,0.25,1,1
13514,338,3,663.7,248,13,3,221.23333333333335,126.5,0.0,0.0,1,0
13515,26,5,898.66,611,45,5,179.732,131.75,0.0,0.0,1,0
13516,148,2,441.85,185,22,2,220.925,179.0,0.0,0.0,1,0
13517,16,2,1612.18,981,99,2,806.09,73.0,2.0,0.5,1,0
13519,352,1,220.46,110,11,1,220.46,352.0,0.0,0.0,1,0
13520,47,10,4849.63,2815,71,10,484.963,65.0,4.0,0.2857142857142857,0,0
13523,109,4,2938.93,1065,117,3,734.7325,67.33333333333333,1.0,0.2,1,0
13524,11,3,408.86,187,14,3,136.28666666666666,59.0,0.0,0.0,1,0
13525,157,1,282.88,208,2,1,282.88,157.0,0.0,0.0,1,0
13526,647,2,1182.0,1911,29,1,591.0,0.0,2.0,0.5,1,1
13527,14,9,3661.4500000000003,2341,231,7,406.8277777777778,72.75,1.0,0.1,1,0
13529,114,1,181.1,30,7,1,181.1,114.0,0.0,0.0,1,0
13530,543,1,402.98,272,18,1,402.98,543.0,0.0,0.0,1,1
13531,114,6,1433.07,497,44,5,238.845,106.2,0.0,0.0,1,1
13533,92,3,269.09,202,61,2,89.69666666666666,42.0,0.0,0.0,1,1
13534,17,31,6222.35,3150,145,14,200.72096774193548,13.733333333333333,23.0,0.42592592592592593,1,0
13535,312,1,89.5,10,1,1,89.5,312.0,0.0,0.0,1,1
13537,335,2,717.85,337,38,2,358.925,26.0,0.0,0.0,1,1
13538,3,11,2813.03,921,104,10,255.73000000000002,58.1,0.0,0.0,1,0
13539,149,6,1253.67,621,58,6,208.94500000000002,70.0,2.0,0.25,1,0
13540,376,3,632.39,189,26,2,210.79666666666665,94.0,0.0,0.0,1,1
13541,336,2,785.25,279,10,2,392.625,143.0,1.0,0.3333333333333333,1,1
13542,286,17,3959.4900000000002,804,98,12,232.91117647058826,22.0,1.0,0.05555555555555555,1,1
13543,543,2,1439.61,329,37,2,719.805,52.0,0.0,0.0,1,1
13544,150,5,627.15,282,186,4,125.42999999999999,101.0,1.0,0.16666666666666666,1,0
13545,300,2,364.93,252,54,2,182.465,153.0,1.0,0.3333333333333333,1,1
13546,110,3,647.41,337,58,3,215.8033333333333,111.5,0.0,0.0,1,0
13547,317,1,164.53,78,43,1,164.53,317.0,0.0,0.0,1,1
13548,5,3,901.44,558,169,3,300.48,187.5,0.0,0.0,1,1
13549,51,6,849.65,507,41,4,141.60833333333332,49.0,1.0,0.14285714285714285,1,0
13550,292,1,342.55,430,40,1,342.55,292.0,0.0,0.0,1,1
13551,228,2,244.2,36,5,2,122.1,346.0,0.0,0.0,1,1
13552,33,19,5971.76,2237,145,11,314.30315789473684,29.666666666666668,9.0,0.32142857142857145,1,0
13553,584,1,499.6,201,85,1,499.6,584.0,0.0,0.0,1,1
13554,289,7,1629.35,578,156,3,232.7642857142857,11.0,3.0,0.3,1,1
13555,111,11,6383.01,2994,204,8,580.2736363636363,48.7,3.0,0.21428571428571427,1,0
13556,338,2,200.82,134,8,2,100.41,6.0,0.0,0.0,1,1
13557,190,12,2688.88,2076,116,7,224.07333333333335,40.90909090909091,3.0,0.2,1,0
13559,422,2,990.0,360,1,2,495.0,30.0,0.0,0.0,1,1
13561,125,11,1803.4,1125,131,9,163.94545454545457,43.3,0.0,0.0,1,1
13562,50,7,4248.58,1373,87,6,606.9399999999999,92.0,0.0,0.0,1,0
13563,49,1,310.88,146,39,1,310.88,49.0,0.0,0.0,1,0
13564,263,36,15880.22,8833,483,13,441.1172222222222,10.942857142857143,17.0,0.32075471698113206,1,1
13565,243,2,284.76,166,28,2,142.38,76.0,0.0,0.0,1,0
13566,344,3,827.91,683,158,3,275.96999999999997,102.5,0.0,0.0,1,0
13567,337,4,1079.29,643,180,3,269.8225,37.666666666666664,1.0,0.2,1,1
13568,82,1,187.05,66,41,1,187.05,82.0,0.0,0.0,1,1
13569,277,3,497.74,232,103,3,165.91333333333333,30.0,0.0,0.0,1,0
13570,152,1,239.49,161,27,1,239.49,152.0,0.0,0.0,1,1
13571,2,21,3532.15,2285,223,17,168.19761904761904,31.9,0.0,0.0,1,0
13572,115,1,1384.25,534,32,1,1384.25,115.0,0.0,0.0,1,1
13573,162,5,644.59,354,53,4,128.918,95.75,0.0,0.0,1,0
13574,320,1,404.45,304,84,1,404.45,320.0,0.0,0.0,1,1
13575,43,2,218.75,113,13,2,109.375,42.0,0.0,0.0,1,0
13576,6,23,9326.19,3671,112,19,405.48652173913047,28.818181818181817,4.0,0.14814814814814814,1,0
13577,2,10,2990.48,1466,91,8,299.048,70.22222222222223,2.0,0.16666666666666666,1,0
13578,318,1,147.66,127,9,1,147.66,318.0,0.0,0.0,1,1
13579,278,4,1072.0,588,62,4,268.0,96.66666666666667,1.0,0.2,1,0
13580,315,1,107.75,45,5,1,107.75,315.0,0.0,0.0,1,1
13581,218,2,280.53000000000003,119,32,2,140.26500000000001,104.0,0.0,0.0,1,1
13582,299,2,241.68,106,10,2,120.84,227.0,0.0,0.0,1,1
13583,65,2,1445.03,1096,92,2,722.515,523.0,0.0,0.0,1,1
13584,216,3,385.7,360,74,3,128.56666666666666,184.5,2.0,0.4,1,1
13585,440,3,684.54,1386,29,3,228.17999999999998,103.5,1.0,0.25,1,1
13586,450,1,127.28,38,20,1,127.28,450.0,0.0,0.0,1,1
13587,358,3,961.1,484,20,2,320.3666666666667,107.0,0.0,0.0,1,0
13588,9,4,1420.72,1648,101,4,355.18,51.666666666666664,2.0,0.3333333333333333,1,0
13589,89,5,888.09,207,36,5,177.618,138.5,0.0,0.0,1,0
13590,60,16,5470.5,4323,242,12,341.90625,39.13333333333333,3.0,0.15789473684210525,1,0
13591,113,6,1753.04,628,71,6,292.17333333333335,104.0,1.0,0.14285714285714285,1,0
13592,115,3,205.51,71,12,2,68.50333333333333,29.0,0.0,0.0,1,0
13593,17,14,5493.29,2170,212,11,392.3778571428571,41.38461538461539,2.0,0.125,1,1
13594,395,1,136.35000000000002,37,7,1,136.35000000000002,395.0,1.0,0.5,1,0
13595,426,3,784.48,341,114,3,261.49333333333334,64.5,0.0,0.0,1,1
13597,309,2,396.71,231,17,1,198.355,2.0,1.0,0.3333333333333333,1,1
13598,404,4,601.92,341,46,3,150.48,52.0,0.0,0.0,1,0
13599,66,20,6974.96,4486,146,13,348.748,30.57894736842105,16.0,0.4444444444444444,1,0
13600,221,2,518.42,599,35,2,259.21,321.0,0.0,0.0,1,1
13601,120,3,839.87,684,114,3,279.95666666666665,167.5,0.0,0.0,1,0
13602,291,3,596.28,271,29,3,198.76,89.5,0.0,0.0,1,0
13604,568,1,717.62,242,21,1,717.62,568.0,1.0,0.5,1,1
13605,296,2,522.67,425,50,2,261.335,184.0,0.0,0.0,1,1
13606,152,2,246.63,240,37,2,123.315,68.0,0.0,0.0,1,0
13607,312,1,400.3,178,24,1,400.3,312.0,1.0,0.5,1,0
13608,450,1,232.05,110,31,1,232.05,450.0,0.0,0.0,1,1
13609,502,1,167.35,19,7,1,167.35,502.0,0.0,0.0,1,1
13610,19,12,1784.89,744,286,11,148.74083333333334,53.90909090909091,2.0,0.14285714285714285,1,0
13611,80,9,2780.25,1654,142,8,308.9166666666667,70.75,4.0,0.3076923076923077,1,0
13612,542,1,818.29,444,50,1,818.29,542.0,1.0,0.5,1,1
13613,362,5,1039.8500000000001,445,50,3,207.97000000000003,51.75,0.0,0.0,1,1
13614,73,4,1526.16,500,142,4,381.54,129.0,0.0,0.0,1,0
13615,228,8,6272.53,2910,259,7,784.06625,51.57142857142857,4.0,0.3333333333333333,1,1
13616,477,2,283.85,172,31,2,141.925,122.0,0.0,0.0,1,1
13617,22,7,1100.27,481,43,5,157.18142857142857,63.5,1.0,0.125,1,0
13618,83,1,177.34,246,13,1,177.34,83.0,0.0,0.0,1,1
13619,454,2,223.44,78,38,2,111.72,129.0,0.0,0.0,1,1
13620,437,1,112.34,74,5,1,112.34,437.0,0.0,0.0,1,1
13621,26,1,213.85,343,19,1,213.85,26.0,0.0,0.0,1,1
13622,605,1,658.95,379,32,1,658.95,605.0,1.0,0.5,1,1
13623,119,9,2344.49,873,198,9,260.49888888888887,65.875,4.0,0.3076923076923077,1,0
13624,297,1,462.08,820,22,1,462.08,297.0,1.0,0.5,1,1
13625,506,1,301.26,144,21,1,301.26,506.0,0.0,0.0,1,1
13626,162,2,707.04,398,44,2,353.52,126.0,1.0,0.3333333333333333,1,1
13627,85,5,1634.43,1138,97,5,326.886,115.75,2.0,0.2857142857142857,1,0
13628,585,1,310.14,106,16,1,310.14,585.0,0.0,0.0,1,1
13629,8,16,11296.86,6572,27,14,706.05375,37.8,0.0,0.0,1,0
13630,15,5,1361.46,973,49,4,272.29200000000003,44.75,4.0,0.4444444444444444,1,0
13631,9,11,3070.42,467,6,5,279.1290909090909,16.7,1.0,0.08333333333333333,1,1
13632,83,6,2339.14,912,124,5,389.8566666666666,87.6,2.0,0.25,1,0
13634,15,13,4196.69,1732,189,9,322.8223076923077,49.25,1.0,0.07142857142857142,1,0
13635,352,3,1928.13,1207,89,2,642.71,148.0,2.0,0.4,1,0
13636,31,4,646.55,339,36,4,161.6375,54.333333333333336,1.0,0.2,1,0
13637,96,2,677.4,349,74,2,338.7,39.0,0.0,0.0,1,0
13639,346,1,312.93,197,19,1,312.93,346.0,0.0,0.0,1,0
13640,520,1,405.0,108,4,1,405.0,520.0,0.0,0.0,1,1
13641,550,4,942.37,1097,40,2,235.5925,31.0,2.0,0.3333333333333333,1,1
13642,125,4,472.2,231,93,2,118.05,72.33333333333333,1.0,0.2,1,1
13643,8,9,1896.73,755,63,8,210.74777777777777,79.0,5.0,0.35714285714285715,1,0
13644,15,1,851.09,659,48,1,851.09,15.0,0.0,0.0,1,0
13645,29,1,252.1,158,5,1,252.1,29.0,0.0,0.0,1,1
13646,309,2,326.25,79,58,1,163.125,0.0,1.0,0.3333333333333333,1,1
13647,84,6,2197.42,1349,78,5,366.2366666666667,85.6,0.0,0.0,1,0
13648,309,8,1759.0700000000002,959,94,6,219.88375000000002,48.142857142857146,3.0,0.2727272727272727,1,1
13649,166,6,1453.68,782,97,6,242.28,54.0,0.0,0.0,1,1
13650,116,6,2197.18,1108,84,6,366.19666666666666,95.0,6.0,0.5,1,0
13651,291,1,132.65,29,8,1,132.65,291.0,1.0,0.5,1,0
13652,166,4,1805.21,1170,102,4,451.3025,131.66666666666666,0.0,0.0,1,0
13653,397,1,152.2,72,9,1,152.2,397.0,0.0,0.0,1,1
13654,54,9,5314.94,4112,223,9,590.5488888888889,74.0,0.0,0.0,1,0
13655,23,6,2280.51,1225,103,5,380.08500000000004,95.4,2.0,0.25,1,1
13656,74,4,1078.85,862,81,4,269.7125,143.33333333333334,3.0,0.42857142857142855,1,1
13657,111,1,152.34,132,9,1,152.34,111.0,0.0,0.0,1,0
13658,113,5,4319.63,1452,119,5,863.926,117.0,4.0,0.4444444444444444,1,0
13659,115,12,4884.68,2527,224,10,407.0566666666667,41.36363636363637,5.0,0.29411764705882354,1,1
13660,309,1,306.64,136,39,1,306.64,309.0,1.0,0.5,1,1
13661,512,1,325.24,118,17,1,325.24,512.0,0.0,0.0,1,1
13662,121,10,1868.79,989,109,6,186.879,49.55555555555556,6.0,0.375,1,0
13663,88,5,2047.51,893,87,4,409.502,116.75,1.0,0.16666666666666666,1,1
13665,295,3,1711.66,1652,97,3,570.5533333333334,58.5,0.0,0.0,1,1
13666,196,4,106.45,49,14,3,26.6125,149.33333333333334,0.0,0.0,1,0
13667,58,1,299.05,149,82,1,299.05,58.0,0.0,0.0,1,1
13668,22,30,11539.62,5312,356,18,384.65400000000005,21.17241379310345,10.0,0.25,1,0
13669,59,2,243.15,169,8,2,121.575,257.0,0.0,0.0,1,0
13671,304,1,172.6,95,61,1,172.6,304.0,0.0,0.0,1,1
13672,210,3,419.92,138,13,3,139.97333333333333,214.5,4.0,0.5714285714285714,1,1
13674,342,1,240.68,102,14,1,240.68,342.0,1.0,0.5,1,1
13675,60,2,486.82000000000005,330,25,2,243.41000000000003,133.0,0.0,0.0,1,1
13676,448,2,243.9,104,13,2,121.95,80.0,1.0,0.3333333333333333,1,1
13677,314,2,551.24,217,98,2,275.62,115.0,0.0,0.0,1,1
13678,61,1,232.6,924,16,1,232.6,61.0,0.0,0.0,1,1
13679,403,3,281.26,102,44,3,93.75333333333333,120.5,0.0,0.0,1,1
13680,247,10,10092.14,4505,280,7,1009.2139999999999,44.111111111111114,1.0,0.09090909090909091,1,0
13681,64,1,203.46,96,13,1,203.46,64.0,0.0,0.0,1,0
13682,96,1,59.5,10,3,1,59.5,96.0,0.0,0.0,1,1
13683,367,1,258.6,180,10,1,258.6,367.0,0.0,0.0,1,1
13684,195,4,594.88,234,81,4,148.72,111.66666666666667,2.0,0.3333333333333333,1,1
13686,92,3,409.04,378,27,2,136.34666666666666,109.0,0.0,0.0,1,1
13687,347,1,11880.84,87167,45,1,11880.84,347.0,0.0,0.0,1,1
13688,544,1,375.5,130,5,1,375.5,544.0,0.0,0.0,1,1
13689,354,1,349.5,210,3,1,349.5,354.0,0.0,0.0,1,0
13691,305,1,210.78,144,53,1,210.78,305.0,0.0,0.0,1,1
13692,123,4,2497.66,1610,69,3,624.415,68.66666666666667,3.0,0.42857142857142855,1,0
13693,283,9,2011.8200000000002,880,78,5,223.53555555555556,44.75,4.0,0.3076923076923077,1,1
13694,16,132,176512.71,173719,845,21,1337.2175,4.786259541984733,18.0,0.12,1,0
13695,7,13,2033.67,1362,36,8,156.43615384615384,39.916666666666664,0.0,0.0,1,0
13696,331,3,2020.4,552,24,3,673.4666666666667,122.0,1.0,0.25,1,1
13698,506,2,451.73,227,31,2,225.865,85.0,0.0,0.0,1,1
13699,64,2,764.15,219,33,2,382.075,395.0,1.0,0.3333333333333333,1,1
13700,2,11,1983.11,2500,162,7,180.28272727272727,57.8,1.0,0.08333333333333333,1,0
13701,356,1,161.0,80,9,1,161.0,356.0,1.0,0.5,1,1
13702,355,1,135.18,74,5,1,135.18,355.0,0.0,0.0,1,1
13703,227,2,425.56,128,36,2,212.78,96.0,1.0,0.3333333333333333,1,1
13705,54,6,1528.01,780,51,6,254.66833333333332,95.8,0.0,0.0,1,0
13706,212,2,631.1700000000001,301,38,2,315.58500000000004,324.0,0.0,0.0,1,1
13707,176,5,3365.86,2210,142,4,673.172,67.25,0.0,0.0,1,1
13708,180,1,283.33,300,48,1,283.33,180.0,0.0,0.0,1,1
13709,11,10,4182.51,2504,184,7,418.25100000000003,66.11111111111111,2.0,0.16666666666666666,1,0
13710,333,2,329.04,160,7,2,164.52,188.0,0.0,0.0,1,0
13711,128,9,1792.26,819,80,6,199.14,63.125,6.0,0.4,1,1
13712,156,2,766.42,1128,32,2,383.21,364.0,0.0,0.0,1,1
13713,317,3,740.76,284,70,3,246.92,87.0,0.0,0.0,1,1
13714,374,1,161.35,50,30,1,161.35,374.0,0.0,0.0,1,1
13715,190,17,8153.04,4800,277,11,479.5905882352941,22.3125,4.0,0.19047619047619047,1,1
13716,178,1,138.28,138,21,1,138.28,178.0,0.0,0.0,1,1
13717,38,6,1274.28,1752,82,6,212.38,71.2,3.0,0.3333333333333333,1,0
13718,155,2,306.55,173,9,2,153.275,49.0,0.0,0.0,1,1
13719,114,8,2079.16,1163,158,7,259.895,52.142857142857146,0.0,0.0,1,0
13720,26,4,799.9,501,42,4,199.975,46.0,0.0,0.0,1,1
13721,304,1,217.39999999999998,196,14,1,217.39999999999998,304.0,0.0,0.0,1,0
13722,41,10,5635.41,3059,137,6,563.5409999999999,57.111111111111114,1.0,0.09090909090909091,1,1
13723,126,6,1194.08,593,51,5,199.01333333333332,78.8,0.0,0.0,1,1
13724,546,1,213.01,130,39,1,213.01,546.0,0.0,0.0,1,1
13725,78,7,1865.7,724,86,4,266.5285714285714,23.166666666666668,2.0,0.2222222222222222,1,0
13726,10,1,292.68,384,23,1,292.68,10.0,0.0,0.0,1,0
13727,521,6,740.6700000000001,206,55,4,123.44500000000001,23.6,1.0,0.14285714285714285,1,0
13728,16,15,2636.05,1165,68,15,175.73666666666668,44.42857142857143,0.0,0.0,1,0
13729,345,3,724.73,419,36,2,241.57666666666668,124.0,2.0,0.4,1,1
13730,45,2,752.6,488,38,1,376.3,25.0,0.0,0.0,1,1
13731,128,2,610.59,278,36,2,305.295,27.0,0.0,0.0,1,1
13733,320,2,487.03000000000003,335,28,2,243.51500000000001,324.0,1.0,0.3333333333333333,1,1
13734,418,4,6695.6900000000005,302,24,2,1673.9225000000001,31.333333333333332,2.0,0.3333333333333333,1,1
13735,85,11,8288.92,3726,318,9,753.5381818181818,55.0,7.0,0.3888888888888889,1,0
13736,169,6,2380.2,1281,255,5,396.7,94.6,5.0,0.45454545454545453,1,0
13737,109,1,339.6,125,29,1,339.6,109.0,0.0,0.0,1,1
13738,305,1,434.78000000000003,237,88,1,434.78000000000003,305.0,0.0,0.0,1,1
13739,437,1,75.3,22,3,1,75.3,437.0,0.0,0.0,1,0
13740,150,5,1582.77,987,83,5,316.554,124.0,0.0,0.0,1,1
13741,93,2,363.13,143,20,2,181.565,33.0,1.0,0.3333333333333333,1,0
13742,71,10,2632.57,964,163,5,263.257,17.444444444444443,2.0,0.16666666666666666,1,0
13743,17,5,912.12,1212,8,4,182.424,37.75,1.0,0.16666666666666666,1,0
13744,4,2,1080.52,1153,54,2,540.26,197.0,0.0,0.0,1,1
13745,71,2,777.36,1146,46,2,388.68,383.0,2.0,0.5,1,1
13746,323,1,176.69,83,9,1,176.69,323.0,0.0,0.0,1,1
13747,283,2,169.8,60,4,2,84.9,51.0,0.0,0.0,1,1
13748,5,9,2064.35,1028,40,6,229.3722222222222,80.25,0.0,0.0,1,1
13750,49,10,3271.55,1285,47,9,327.15500000000003,52.888888888888886,2.0,0.16666666666666666,1,0
13751,197,1,296.25,152,9,1,296.25,197.0,0.0,0.0,1,1
13752,33,7,1579.8300000000002,1005,75,6,225.69000000000003,67.16666666666667,0.0,0.0,1,1
13753,197,4,2094.57,1450,64,4,523.6425,149.66666666666666,0.0,0.0,1,1
13754,61,3,447.05,315,16,3,149.01666666666668,142.5,0.0,0.0,1,1
13756,2,17,6438.76,3793,134,14,378.7505882352941,39.375,1.0,0.05555555555555555,1,0
13757,584,1,195.55,54,8,1,195.55,584.0,0.0,0.0,1,1
13758,110,12,7756.26,4315,198,9,646.355,48.81818181818182,4.0,0.25,1,0
13760,165,4,1211.94,522,80,4,302.985,112.0,1.0,0.2,1,0
13761,89,5,1373.23,661,82,4,274.646,119.0,0.0,0.0,1,0
13762,128,5,2472.48,2608,23,4,494.496,119.75,1.0,0.16666666666666666,1,1
13763,326,2,3502.48,2496,35,2,1751.24,17.0,3.0,0.6,1,0
13764,53,5,2335.54,1741,239,4,467.108,124.5,0.0,0.0,1,0
13765,562,1,352.82,296,16,1,352.82,562.0,0.0,0.0,1,1
13766,404,1,190.35,137,16,1,190.35,404.0,0.0,0.0,1,1
13767,18,64,26359.58,11206,113,19,411.8684375,9.984126984126984,20.0,0.23809523809523808,1,0
13768,636,2,875.97,373,30,1,437.985,4.0,6.0,0.75,1,1
13769,1,18,4858.2300000000005,2145,111,14,269.9016666666667,37.11764705882353,8.0,0.3076923076923077,1,0
13770,331,4,785.37,468,48,4,196.3425,102.66666666666667,0.0,0.0,1,1
13771,108,7,4559.22,2488,135,5,651.3171428571429,75.5,1.0,0.125,1,0
13772,6,7,2660.36,1214,356,6,380.0514285714286,92.83333333333333,1.0,0.125,1,0
13773,306,2,301.54,174,19,2,150.77,263.0,0.0,0.0,1,1
13775,500,1,1049.66,455,63,1,1049.66,500.0,0.0,0.0,1,1
13777,38,52,36021.340000000004,16252,44,20,692.718076923077,11.92156862745098,9.0,0.14754098360655737,1,0
13778,12,4,1124.49,511,33,4,281.1225,154.0,1.0,0.2,1,1
13779,425,1,161.13,53,27,1,161.13,425.0,0.0,0.0,1,1
13780,80,2,488.34000000000003,334,43,2,244.17000000000002,236.0,0.0,0.0,1,0
13781,160,3,778.83,300,56,3,259.61,235.0,1.0,0.25,1,1
13782,34,10,1362.01,458,151,10,136.201,67.55555555555556,1.0,0.09090909090909091,1,0
13783,397,4,1542.09,3437,4,4,385.5225,61.666666666666664,0.0,0.0,1,1
13784,4,12,2571.59,2599,13,9,214.29916666666668,32.36363636363637,1.0,0.07692307692307693,1,0
13785,338,4,542.49,151,26,2,135.6225,10.333333333333334,0.0,0.0,1,1
13786,276,6,3127.9900000000002,1515,80,5,521.3316666666667,73.6,2.0,0.25,1,1
13787,273,5,1019.86,717,56,5,203.972,82.5,3.0,0.375,1,0
13788,414,1,3.75,1,1,1,3.75,414.0,0.0,0.0,1,1
13789,297,1,239.46,258,18,1,239.46,297.0,0.0,0.0,1,1
13791,37,2,1516.0,1200,7,2,758.0,40.0,0.0,0.0,1,1
13792,196,2,263.0,92,14,2,131.5,135.0,0.0,0.0,1,0
13793,556,1,96.0,52,7,1,96.0,556.0,0.0,0.0,1,1
13794,456,1,126.03,63,9,1,126.03,456.0,0.0,0.0,1,1
13795,297,4,836.3,1250,23,4,209.075,83.0,0.0,0.0,1,1
13796,408,1,289.7,218,22,1,289.7,408.0,0.0,0.0,1,1
13797,346,3,1179.45,573,71,3,393.15000000000003,105.0,1.0,0.25,1,1
13798,2,95,67436.16,42543,154,22,709.8543157894737,6.776595744680851,14.0,0.12844036697247707,1,0
13799,26,9,2803.57,1539,64,8,311.5077777777778,65.875,4.0,0.3076923076923077,1,1
13800,219,3,1679.56,891,73,3,559.8533333333334,213.5,0.0,0.0,1,1
13802,48,19,26259.11,14129,212,13,1382.0584210526315,29.055555555555557,5.0,0.20833333333333334,1,1
13803,164,3,1338.91,831,73,3,446.30333333333334,181.5,1.0,0.25,1,1
13804,6,6,2098.7400000000002,1258,107,4,349.79,68.0,0.0,0.0,1,0
13805,38,1,500.24,728,6,1,500.24,38.0,0.0,0.0,1,0
13807,276,3,422.2,116,24,3,140.73333333333332,184.0,1.0,0.25,1,1
13808,3,2,723.1,324,33,1,361.55,3.0,0.0,0.0,1,0
13809,214,3,679.6999999999999,281,23,3,226.56666666666663,77.5,0.0,0.0,0,1
13811,93,2,519.75,63,5,2,259.875,55.0,1.0,0.3333333333333333,0,1
13812,14,1,260.74,190,19,1,260.74,14.0,0.0,0.0,0,0
13813,44,5,1549.75,904,54,5,309.95,149.75,4.0,0.4444444444444444,0,0
13814,1,3,2257.32,1214,56,3,752.44,217.0,1.0,0.25,0,1
13815,81,6,5760.13,4749,187,6,960.0216666666666,98.6,2.0,0.25,0,0
13817,261,1,110.7,62,8,1,110.7,261.0,0.0,0.0,0,0
13818,339,1,61.28,60,5,1,61.28,339.0,0.0,0.0,1,1
13819,211,6,2642.35,2309,47,4,440.39166666666665,87.2,1.0,0.14285714285714285,1,1
13820,327,3,652.75,285,68,3,217.58333333333334,131.0,2.0,0.4,1,1
13821,54,6,1379.08,477,158,4,229.84666666666666,111.8,1.0,0.14285714285714285,1,1
13823,1,6,3096.21,1450,101,6,516.035,126.4,1.0,0.14285714285714285,1,0
13824,45,11,3045.66,1334,52,11,276.8781818181818,50.1,2.0,0.15384615384615385,1,0
13825,531,2,255.59,182,38,2,127.795,108.0,0.0,0.0,1,1
13826,85,1,189.5,82,10,1,189.5,85.0,1.0,0.5,1,1
13827,43,2,300.76,95,59,1,150.38,9.0,0.0,0.0,1,0
13829,330,1,102.0,12,1,1,102.0,330.0,1.0,0.5,1,1
13830,491,1,156.85000000000002,47,11,1,156.85000000000002,491.0,1.0,0.5,1,1
13831,48,16,5837.94,2165,121,10,364.87125,39.333333333333336,2.0,0.1111111111111111,1,0
13832,331,1,557.69,392,51,1,557.69,331.0,0.0,0.0,1,0
13833,68,2,700.41,243,43,2,350.205,244.0,0.0,0.0,1,1
13834,486,2,324.19,221,15,2,162.095,92.0,1.0,0.3333333333333333,1,1
13835,64,5,798.04,369,41,4,159.608,122.5,1.0,0.16666666666666666,1,0
13836,308,2,620.37,273,29,2,310.185,15.0,1.0,0.3333333333333333,1,1
13837,121,2,266.59000000000003,182,17,2,133.29500000000002,105.0,0.0,0.0,1,1
13838,27,9,1482.79,604,291,4,164.75444444444443,57.625,0.0,0.0,1,0
13839,395,1,139.95000000000002,25,7,1,139.95000000000002,395.0,0.0,0.0,1,1
13840,325,1,651.4,358,40,1,651.4,325.0,0.0,0.0,1,1
13841,162,1,85.0,100,1,1,85.0,162.0,0.0,0.0,1,1
13842,65,16,4098.99,1841,166,13,256.186875,33.666666666666664,1.0,0.058823529411764705,1,0
13843,290,1,319.75,145,18,1,319.75,290.0,0.0,0.0,1,1
13846,151,3,1106.66,662,69,3,368.8866666666667,78.5,1.0,0.25,1,0
13847,629,1,310.72,96,19,1,310.72,629.0,0.0,0.0,1,1
13848,1,8,3015.0,9200,3,8,376.875,91.0,0.0,0.0,1,1
13849,80,4,2524.93,1199,139,4,631.2325,151.0,1.0,0.2,1,0
13850,38,1,1595.48,944,93,1,1595.48,38.0,0.0,0.0,1,1
13851,5,8,4606.46,2525,111,6,575.8075,83.42857142857143,1.0,0.1111111111111111,1,1
13852,520,1,187.35000000000002,85,11,1,187.35000000000002,520.0,1.0,0.5,1,1
13854,1,34,10304.2,3158,57,18,303.06470588235294,18.424242424242426,6.0,0.15,1,0
13855,410,4,1310.3400000000001,575,64,3,327.58500000000004,76.66666666666667,1.0,0.2,1,1
13856,78,11,1142.03,1105,33,8,103.82090909090908,45.0,4.0,0.26666666666666666,1,1
13857,302,6,1000.91,781,98,5,166.81833333333333,35.4,1.0,0.14285714285714285,1,1
13859,235,2,515.86,167,34,2,257.93,203.0,0.0,0.0,1,1
13861,338,2,273.26,225,21,2,136.63,101.0,1.0,0.3333333333333333,1,1
13862,17,7,2128.03,1516,97,7,304.00428571428574,46.833333333333336,2.0,0.2222222222222222,1,0
13863,157,4,1239.55,553,59,4,309.8875,115.0,2.0,0.3333333333333333,1,1
13864,296,1,662.4000000000001,192,1,1,662.4000000000001,296.0,0.0,0.0,1,1
13865,46,3,383.34000000000003,154,23,3,127.78000000000002,76.0,0.0,0.0,1,0
13867,127,1,138.85,31,8,1,138.85,127.0,0.0,0.0,1,0
13869,32,10,7996.87,4302,502,10,799.687,63.0,0.0,0.0,1,1
13870,11,12,5120.61,3182,152,10,426.7175,51.54545454545455,2.0,0.14285714285714285,1,0
13871,1,13,6095.24,2646,148,12,468.8646153846154,52.166666666666664,3.0,0.1875,1,0
13872,436,3,919.57,339,51,3,306.52333333333337,99.0,3.0,0.5,1,1
13873,29,8,1038.92,472,55,7,129.865,75.14285714285714,1.0,0.1111111111111111,1,1
13874,267,7,2049.15,864,46,6,292.7357142857143,52.333333333333336,3.0,0.3,1,1
13875,43,13,4452.38,2761,147,12,342.4907692307692,49.0,0.0,0.0,1,0
13877,379,2,332.44,370,20,2,166.22,219.0,2.0,0.5,1,0
13878,457,3,1145.33,464,59,3,381.77666666666664,28.0,0.0,0.0,1,0
13879,555,1,395.5,204,25,1,395.5,555.0,0.0,0.0,1,1
13880,54,12,2754.85,1545,101,11,229.57083333333333,37.81818181818182,0.0,0.0,1,0
13881,5,34,37418.26,25570,177,17,1100.5370588235294,16.636363636363637,7.0,0.17073170731707318,1,0
13883,128,13,5603.67,3050,189,9,431.0515384615385,35.833333333333336,10.0,0.43478260869565216,1,0
13884,186,8,1233.68,517,87,3,154.21,27.428571428571427,4.0,0.3333333333333333,1,0
13885,98,2,506.8,182,28,2,253.4,11.0,0.0,0.0,1,1
13887,113,1,349.55,147,19,1,349.55,113.0,0.0,0.0,1,1
13888,29,7,2001.5900000000001,795,124,5,285.9414285714286,75.83333333333333,0.0,0.0,1,1
13889,2,6,1991.23,979,57,6,331.87166666666667,118.6,2.0,0.25,1,1
13890,16,6,1544.68,832,59,6,257.44666666666666,125.0,5.0,0.45454545454545453,1,0
13891,287,3,859.21,476,97,3,286.40333333333336,101.5,0.0,0.0,1,1
13892,156,3,689.2,2282,11,3,229.73333333333335,164.5,0.0,0.0,1,0
13893,207,1,821.1,190,21,1,821.1,207.0,0.0,0.0,1,1
13894,219,1,160.85,105,10,1,160.85,219.0,1.0,0.5,1,0
13895,52,4,2352.75,1131,100,4,588.1875,197.66666666666666,1.0,0.2,1,0
13896,535,1,388.55,149,21,1,388.55,535.0,0.0,0.0,1,1
13897,347,2,849.5600000000001,620,42,2,424.78000000000003,238.0,0.0,0.0,1,0
13898,235,2,686.4,544,43,2,343.2,85.0,0.0,0.0,1,1
13899,184,1,298.5,122,15,1,298.5,184.0,0.0,0.0,1,0
13900,92,6,1610.5900000000001,938,80,6,268.4316666666667,88.2,1.0,0.14285714285714285,1,1
13901,17,14,5461.42,3152,265,11,390.1014285714286,45.84615384615385,5.0,0.2631578947368421,1,0
13902,541,5,34023.26,220596,57,4,6804.652,23.0,3.0,0.375,0,1
13903,309,1,165.45000000000002,103,10,1,165.45000000000002,309.0,0.0,0.0,1,1
13904,204,1,201.12,223,17,1,201.12,204.0,0.0,0.0,1,0
13905,642,1,312.65,135,12,1,312.65,642.0,2.0,0.6666666666666666,1,1
13906,318,1,42.0,100,1,1,42.0,318.0,0.0,0.0,1,1
13907,601,1,136.8,68,4,1,136.8,601.0,0.0,0.0,1,1
13908,36,3,1461.61,919,65,3,487.2033333333333,74.5,1.0,0.25,1,0
13909,332,2,282.85,301,35,2,141.425,98.0,0.0,0.0,1,1
13911,53,19,4091.71,3945,178,11,215.35315789473685,27.944444444444443,2.0,0.09523809523809523,1,0
13912,333,1,124.95,29,7,1,124.95,333.0,0.0,0.0,1,1
13913,416,1,42.22,10,3,1,42.22,416.0,0.0,0.0,1,1
13915,303,1,70.80000000000001,24,2,1,70.80000000000001,303.0,1.0,0.5,1,1
13916,373,4,1275.81,673,72,3,318.9525,70.33333333333333,1.0,0.2,1,1
13917,101,1,65.38,38,5,1,65.38,101.0,0.0,0.0,1,0
13918,162,1,198.20000000000002,100,8,1,198.20000000000002,162.0,0.0,0.0,1,0
13919,31,3,1099.02,992,58,3,366.34,209.5,0.0,0.0,0,0
13920,341,4,1774.68,1772,81,4,443.67,43.333333333333336,1.0,0.2,1,1
13921,311,4,730.7,210,36,4,182.675,106.33333333333333,1.0,0.2,1,1
13922,261,3,865.2,467,30,3,288.40000000000003,57.5,2.0,0.4,1,1
13925,2,4,678.25,331,28,3,169.5625,14.0,1.0,0.2,1,1
13927,346,1,359.27,249,20,1,359.27,346.0,1.0,0.5,1,0
13928,16,2,225.45000000000002,87,13,2,112.72500000000001,26.0,0.0,0.0,1,0
13929,78,11,3494.1,1566,38,9,317.6454545454545,52.5,3.0,0.21428571428571427,1,1
13930,46,1,210.0,210,10,1,210.0,46.0,0.0,0.0,1,0
13931,5,11,5257.38,3488,205,7,477.94363636363636,64.0,0.0,0.0,1,1
13932,204,1,307.4,72,16,1,307.4,204.0,0.0,0.0,1,1
13933,18,2,608.79,205,23,2,304.395,39.0,0.0,0.0,1,1
13934,173,1,922.1,390,31,1,922.1,173.0,0.0,0.0,1,1
13935,506,3,6116.92,2252,67,3,2038.9733333333334,27.5,0.0,0.0,1,1
13936,89,3,939.6600000000001,661,56,3,313.22,117.0,1.0,0.25,1,1
13937,78,2,880.13,587,54,2,440.065,233.0,1.0,0.3333333333333333,1,1
13939,18,6,1382.6200000000001,1418,81,5,230.4366666666667,100.6,3.0,0.3333333333333333,1,0
13940,26,2,391.06,240,25,2,195.53,27.0,0.0,0.0,1,0
13941,81,13,7745.4800000000005,3800,38,10,595.8061538461538,45.916666666666664,2.0,0.13333333333333333,1,0
13942,444,1,320.0,1000,1,1,320.0,444.0,0.0,0.0,1,1
13943,487,1,246.54000000000002,94,15,1,246.54000000000002,487.0,0.0,0.0,1,1
13944,562,1,200.43,153,35,1,200.43,562.0,0.0,0.0,1,1
13945,304,2,854.1500000000001,413,49,2,427.07500000000005,85.0,0.0,0.0,1,1
13946,111,5,1800.63,2667,48,5,360.12600000000003,133.5,1.0,0.16666666666666666,1,0
13948,270,4,548.76,248,23,4,137.19,124.66666666666667,1.0,0.2,1,1
13949,4,1,537.9,542,38,1,537.9,4.0,0.0,0.0,1,0
13950,156,1,179.31,81,7,1,179.31,156.0,0.0,0.0,1,0
13951,85,3,674.45,459,38,3,224.8166666666667,59.0,0.0,0.0,1,1
13952,127,14,12823.52,5946,237,10,915.9657142857143,38.84615384615385,3.0,0.17647058823529413,1,1
13953,25,10,5729.36,4548,8,10,572.9359999999999,68.0,0.0,0.0,1,0
13955,63,3,544.0699999999999,272,82,3,181.35666666666665,110.0,0.0,0.0,1,1
13956,47,3,676.07,381,95,3,225.35666666666668,66.5,0.0,0.0,1,0
13957,327,3,458.25,157,21,3,152.75,120.0,0.0,0.0,1,1
13958,289,8,4709.2300000000005,2264,172,5,588.6537500000001,50.57142857142857,4.0,0.3333333333333333,1,1
13959,190,5,808.17,537,75,5,161.634,57.5,0.0,0.0,1,0
13961,301,1,538.4,226,19,1,538.4,301.0,1.0,0.5,1,1
13962,155,2,310.85,103,19,2,155.425,190.0,0.0,0.0,1,0
13963,217,17,2860.57,2007,129,11,168.26882352941178,18.0,1.0,0.05555555555555555,1,1
13964,296,2,438.9,228,22,2,219.45,43.0,1.0,0.3333333333333333,1,1
13965,386,3,996.61,425,23,3,332.2033333333333,113.0,2.0,0.4,1,1
13966,344,1,384.26,760,21,1,384.26,344.0,0.0,0.0,1,1
13967,55,2,166.3,66,4,2,83.15,250.0,0.0,0.0,1,1
13968,332,1,123.66,174,8,1,123.66,332.0,0.0,0.0,1,1
13969,16,28,7832.52,4082,374,17,279.73285714285714,19.14814814814815,2.0,0.06666666666666667,1,0
13970,295,2,846.55,469,10,2,423.275,51.0,0.0,0.0,1,1
13971,15,12,3895.21,2572,165,11,324.60083333333336,52.36363636363637,3.0,0.2,1,0
13972,111,1,145.9,42,9,1,145.9,111.0,0.0,0.0,1,0
13973,196,1,264.7,109,11,1,264.7,196.0,0.0,0.0,1,1
13974,491,1,264.13,107,15,1,264.13,491.0,2.0,0.6666666666666666,1,0
13975,37,10,4261.83,3135,377,9,426.183,60.77777777777778,2.0,0.16666666666666666,1,0
13976,116,4,1192.3600000000001,452,49,4,298.09000000000003,153.66666666666666,0.0,0.0,1,1
13977,320,1,519.8100000000001,303,13,1,519.8100000000001,320.0,0.0,0.0,1,1
13979,302,6,2503.76,1602,308,4,417.29333333333335,68.6,4.0,0.4,1,0
13980,348,4,568.68,291,47,4,142.17,72.0,4.0,0.5,1,0
13981,325,1,331.14,234,22,1,331.14,325.0,1.0,0.5,1,1
13982,72,8,3312.62,2125,98,8,414.0775,75.0,4.0,0.3333333333333333,1,0
13983,96,17,5831.52,3535,216,14,343.03058823529415,33.9375,8.0,0.32,1,0
13984,35,11,1792.62,1269,50,9,162.96545454545455,60.6,1.0,0.08333333333333333,1,0
13985,16,14,5733.77,2871,103,10,409.555,43.07692307692308,2.0,0.125,1,0
13987,289,2,682.54,492,46,1,341.27,21.0,0.0,0.0,1,1
13988,72,5,2533.34,1631,141,5,506.668,115.75,1.0,0.16666666666666666,1,0
13989,148,4,1656.65,1763,53,4,414.1625,108.0,0.0,0.0,1,0
13990,122,1,311.3,190,16,1,311.3,122.0,0.0,0.0,1,1
13991,52,1,126.35,83,7,1,126.35,52.0,0.0,0.0,1,0
13992,289,2,142.7,90,5,2,71.35,82.0,0.0,0.0,1,0
13993,10,16,5556.76,1888,108,14,347.2975,42.4,3.0,0.15789473684210525,1,0
13994,15,2,419.56,133,18,2,209.78,42.0,0.0,0.0,1,0
13995,25,12,3380.2200000000003,2088,134,11,281.685,55.0,4.0,0.25,1,0
13996,295,2,895.76,613,29,1,447.88,13.0,0.0,0.0,1,1
13997,428,3,376.46,143,36,2,125.48666666666666,15.5,0.0,0.0,1,1
13998,356,3,566.7,204,30,3,188.9,64.5,0.0,0.0,1,1
13999,5,26,8469.42,4533,168,19,325.74692307692305,25.52,6.0,0.1875,1,0
14000,120,5,2046.34,1838,28,5,409.268,131.5,3.0,0.375,1,1
14001,142,8,3494.91,1449,48,6,436.86375,37.142857142857146,1.0,0.1111111111111111,1,0
14002,43,2,529.73,877,47,1,264.865,22.0,0.0,0.0,1,1
14003,642,1,209.41,149,16,1,209.41,642.0,0.0,0.0,1,1
14004,7,9,4879.07,2433,97,6,542.1188888888888,42.125,0.0,0.0,1,0
14005,43,3,696.56,864,29,3,232.18666666666664,40.5,0.0,0.0,1,0
14006,25,7,2196.67,2181,55,7,313.81,89.33333333333333,0.0,0.0,1,1
14007,422,1,79.48,16,5,1,79.48,422.0,0.0,0.0,1,1
14008,341,1,509.04,326,32,1,509.04,341.0,1.0,0.5,1,1
14009,107,3,1099.91,951,71,2,366.6366666666667,132.0,1.0,0.25,1,1
14010,474,2,445.15,177,20,1,222.575,0.0,1.0,0.3333333333333333,1,1
14011,389,2,457.82,644,32,2,228.91,127.0,1.0,0.3333333333333333,1,1
14012,187,1,328.8,160,11,1,328.8,187.0,0.0,0.0,1,1
14013,19,5,1084.57,775,56,5,216.914,128.25,1.0,0.16666666666666666,1,1
14014,285,2,1443.03,928,37,2,721.515,200.0,0.0,0.0,1,0
14016,71,11,11403.41,5722,354,11,1036.6736363636364,53.8,2.0,0.15384615384615385,0,1
14017,480,1,229.75,73,14,1,229.75,480.0,0.0,0.0,1,1
14018,554,1,367.15,224,13,1,367.15,554.0,0.0,0.0,1,1
14019,7,2,800.53,553,28,2,400.265,39.0,0.0,0.0,1,0
14020,385,2,606.21,207,29,2,303.105,52.0,1.0,0.3333333333333333,1,0
14021,64,7,1716.58,878,84,7,245.22571428571428,72.83333333333333,0.0,0.0,1,1
14022,134,2,792.15,681,45,2,396.075,261.0,0.0,0.0,1,1
14023,159,1,273.14,162,16,1,273.14,159.0,0.0,0.0,1,0
14024,31,3,645.74,238,33,2,215.24666666666667,134.5,0.0,0.0,1,1
14025,374,8,4057.9,1914,60,4,507.2375,17.0,2.0,0.2,1,1
14026,380,2,713.11,427,43,2,356.555,154.0,0.0,0.0,1,1
14028,459,3,10396.5,7170,3,1,3465.5,0.0,2.0,0.4,1,1
14029,53,1,165.20000000000002,24,6,1,165.20000000000002,53.0,0.0,0.0,1,0
14030,30,18,6820.46,3597,541,10,378.9144444444444,35.705882352941174,2.0,0.1,1,0
14031,35,38,31359.68,11583,262,19,825.2547368421052,16.45945945945946,10.0,0.20833333333333334,1,0
14032,78,11,3416.19,3033,70,9,310.5627272727273,55.6,7.0,0.3888888888888889,1,0
14033,464,1,109.44,576,1,1,109.44,464.0,0.0,0.0,1,1
14034,66,2,473.90999999999997,307,23,1,236.95499999999998,0.0,1.0,0.3333333333333333,1,0
14035,16,7,2203.9900000000002,1113,48,7,314.8557142857143,84.16666666666667,2.0,0.2222222222222222,1,0
14036,194,1,626.65,268,38,1,626.65,194.0,0.0,0.0,1,1
14037,85,6,836.95,590,96,6,139.49166666666667,111.2,1.0,0.14285714285714285,1,1
14038,53,4,2595.92,1444,88,4,648.98,176.33333333333334,3.0,0.42857142857142855,1,0
14039,485,1,115.08000000000001,100,4,1,115.08000000000001,485.0,0.0,0.0,1,0
14040,3,33,11697.95,4714,318,19,354.48333333333335,20.125,7.0,0.175,1,0
14041,175,1,141.41,94,21,1,141.41,175.0,0.0,0.0,1,1
14042,634,1,431.98,180,21,1,431.98,634.0,0.0,0.0,1,1
14043,400,2,302.59999999999997,152,37,2,151.29999999999998,238.0,1.0,0.3333333333333333,1,1
14044,12,9,2963.2400000000002,2042,519,8,329.2488888888889,72.5,1.0,0.1,1,0
14045,18,16,10986.63,4459,16,10,686.664375,39.4,3.0,0.15789473684210525,1,1
14046,193,1,151.59,443,13,1,151.59,193.0,0.0,0.0,1,1
14047,109,12,3295.42,1370,88,9,274.61833333333334,43.36363636363637,5.0,0.29411764705882354,1,0
14048,214,3,748.69,467,126,2,249.56333333333336,38.5,1.0,0.25,1,1
14049,68,12,10689.42,6822,471,9,890.785,41.63636363636363,4.0,0.25,1,0
14050,15,1,485.98,447,37,1,485.98,15.0,0.0,0.0,1,0
14051,1,30,15432.43,4240,75,18,514.4143333333334,22.20689655172414,5.0,0.14285714285714285,1,0
14052,300,1,241.3,85,65,1,241.3,300.0,0.0,0.0,1,0
14053,33,4,572.3,490,3,4,143.075,120.66666666666667,0.0,0.0,1,1
14055,15,3,1520.96,720,33,3,506.9866666666667,308.0,0.0,0.0,1,1
14056,16,17,5333.97,2864,274,7,313.7629411764706,11.0625,5.0,0.22727272727272727,1,0
14057,10,18,6940.68,5510,222,13,385.59333333333336,37.35294117647059,1.0,0.05263157894736842,1,0
14058,372,2,469.19,211,23,2,234.595,67.0,0.0,0.0,1,1
14059,176,1,183.6,128,8,1,183.6,176.0,0.0,0.0,1,1
14060,17,25,6860.6,5803,86,15,274.42400000000004,22.083333333333332,1.0,0.038461538461538464,1,0
14061,416,3,917.4300000000001,133,17,2,305.81,115.0,0.0,0.0,1,1
14062,1,22,23921.47,11344,138,15,1087.3395454545455,30.333333333333332,3.0,0.12,1,0
14063,596,7,9471.5,3848,29,2,1353.0714285714287,7.333333333333333,4.0,0.36363636363636365,1,1
14064,22,14,3022.93,3651,116,11,215.92357142857142,44.15384615384615,5.0,0.2631578947368421,1,0
14065,298,3,891.02,582,42,2,297.00666666666666,21.0,1.0,0.25,1,1
14066,176,1,152.55,45,7,1,152.55,176.0,0.0,0.0,1,1
14067,6,1,224.67,216,25,1,224.67,6.0,0.0,0.0,1,0
14068,229,4,1516.72,510,93,4,379.18,119.0,1.0,0.2,1,1
14069,424,2,225.81,58,37,2,112.905,46.0,0.0,0.0,1,1
14070,594,1,321.6,85,40,1,321.6,594.0,0.0,0.0,1,1
14071,169,2,356.81,295,22,1,178.405,4.0,1.0,0.3333333333333333,1,0
14072,576,1,390.85,65,19,1,390.85,576.0,0.0,0.0,1,1
14074,532,1,219.4,228,6,1,219.4,532.0,0.0,0.0,1,1
14075,170,3,1090.53,1009,47,3,363.51,104.5,0.0,0.0,1,0
14076,38,1,118.67,79,43,1,118.67,38.0,0.0,0.0,1,1
14077,91,4,426.06,256,41,4,106.515,70.66666666666667,0.0,0.0,1,0
14078,11,9,1551.82,585,106,9,172.42444444444445,64.875,0.0,0.0,1,1
14079,34,1,375.1,301,12,1,375.1,34.0,0.0,0.0,1,1
14080,322,4,1070.08,220,70,3,267.52,107.66666666666667,1.0,0.2,1,0
14081,211,10,4867.57,3381,465,7,486.75699999999995,47.333333333333336,6.0,0.375,1,1
14082,274,2,413.36,246,48,2,206.68,27.0,0.0,0.0,1,1
14083,35,9,612.6800000000001,429,99,7,68.07555555555557,74.375,0.0,0.0,1,0
14084,421,1,150.5,306,7,1,150.5,421.0,0.0,0.0,1,1
14085,50,26,8505.32,5446,442,15,327.1276923076923,23.6,1.0,0.037037037037037035,1,0
14086,372,1,39.95,1,1,1,39.95,372.0,0.0,0.0,1,1
14087,314,2,638.0,468,126,2,319.0,330.0,1.0,0.3333333333333333,1,0
14088,38,10,39052.88,9685,297,5,3905.2879999999996,32.44444444444444,4.0,0.2857142857142857,1,0
14090,234,1,76.32000000000001,72,1,1,76.32000000000001,234.0,0.0,0.0,1,1
14091,563,2,9530.08,3316,13,2,4765.04,44.0,0.0,0.0,1,1
14092,9,20,5897.96,3035,152,17,294.898,32.78947368421053,2.0,0.09090909090909091,1,0
14094,349,1,311.77,158,41,1,311.77,349.0,1.0,0.5,1,1
14095,632,1,2.95,1,1,1,2.95,632.0,0.0,0.0,1,1
14096,0,3,203.89,94,55,2,67.96333333333332,5.0,4.0,0.5714285714285714,1,0
14097,390,2,422.86,352,39,2,211.43,164.0,0.0,0.0,1,1
14099,29,17,4956.66,3213,252,15,291.56823529411764,38.0625,2.0,0.10526315789473684,1,0
14100,47,1,191.95,63,24,1,191.95,47.0,0.0,0.0,1,1
14101,52,12,8929.53,10006,19,11,744.1275,43.45454545454545,1.0,0.07692307692307693,1,0
14104,64,5,740.53,495,116,5,148.106,101.25,0.0,0.0,1,1
14105,148,5,5988.83,3534,200,5,1197.766,120.5,3.0,0.375,1,1
14106,646,1,214.8,24,1,1,214.8,646.0,0.0,0.0,1,1
14107,5,10,4636.01,3302,99,10,463.601,70.44444444444444,2.0,0.16666666666666666,1,0
14108,11,3,738.38,488,32,2,246.12666666666667,318.0,1.0,0.25,1,0
14110,28,26,10564.42,4914,154,14,406.32384615384615,24.76,2.0,0.07142857142857142,1,0
14111,5,3,295.5,202,5,3,98.5,73.0,0.0,0.0,1,0
14112,40,10,4820.26,3036,174,7,482.026,58.111111111111114,13.0,0.5652173913043478,1,0
14113,264,13,5685.6900000000005,2796,58,8,437.3607692307693,31.416666666666668,14.0,0.5185185185185185,1,0
14114,183,7,1364.09,650,72,7,194.86999999999998,55.333333333333336,0.0,0.0,1,1
14115,411,2,622.67,509,22,2,311.335,165.0,0.0,0.0,1,1
14116,2,2,628.87,380,29,2,314.435,28.0,0.0,0.0,1,0
14117,53,1,90.0,72,3,1,90.0,53.0,0.0,0.0,1,1
14118,338,1,458.45,97,15,1,458.45,338.0,0.0,0.0,1,1
14119,285,2,183.37,177,11,2,91.685,342.0,1.0,0.3333333333333333,1,1
14122,315,3,362.42,114,12,2,120.80666666666667,165.5,2.0,0.4,1,1
14123,642,1,436.18,234,24,1,436.18,642.0,0.0,0.0,1,1
14126,353,1,466.33000000000004,379,28,1,466.33000000000004,353.0,0.0,0.0,1,0
14127,32,6,1900.0800000000002,828,96,5,316.68,60.4,0.0,0.0,1,1
14128,165,2,592.25,519,34,2,296.125,295.0,1.0,0.3333333333333333,1,0
14129,5,7,2193.71,1177,40,6,313.38714285714286,80.5,0.0,0.0,1,0
14130,228,4,1858.77,1215,189,4,464.6925,136.0,0.0,0.0,1,1
14131,558,1,168.22,105,45,1,168.22,558.0,0.0,0.0,1,1
14132,23,5,1552.46,1420,48,3,310.492,17.25,0.0,0.0,1,0
14133,39,4,911.14,398,33,3,227.785,201.0,2.0,0.3333333333333333,1,1
14134,292,15,11123.35,5814,130,9,741.5566666666667,24.785714285714285,0.0,0.0,1,1
14135,14,19,7339.68,8048,126,12,386.29894736842107,35.111111111111114,1.0,0.05,1,0
14136,310,5,1570.81,1148,86,5,314.162,82.75,2.0,0.2857142857142857,1,1
14137,605,1,332.7,462,11,1,332.7,605.0,1.0,0.5,1,1
14139,399,3,670.98,539,29,3,223.66,26.0,0.0,0.0,1,0
14141,14,1,285.16,140,16,1,285.16,14.0,0.0,0.0,1,0
14142,282,2,671.34,518,42,2,335.67,273.0,2.0,0.5,1,1
14143,43,1,115.8,30,7,1,115.8,43.0,0.0,0.0,1,1
14144,395,1,30.6,12,1,1,30.6,395.0,0.0,0.0,1,1
14145,66,6,6709.05,1475,11,5,1118.175,90.8,1.0,0.14285714285714285,1,0
14146,164,9,7163.03,4154,248,7,795.8922222222222,55.0,1.0,0.1,1,0
14147,195,8,2289.6,927,23,5,286.2,50.57142857142857,2.0,0.2,1,0
14148,143,2,466.29,223,15,2,233.145,180.0,0.0,0.0,1,1
14149,130,1,446.62,218,28,1,446.62,130.0,2.0,0.6666666666666666,1,1
14150,269,1,306.18,262,12,1,306.18,269.0,0.0,0.0,1,0
14151,582,2,679.45,405,44,2,339.725,43.0,1.0,0.3333333333333333,1,1
14152,143,6,1690.56,1502,90,5,281.76,85.0,2.0,0.25,1,0
14153,392,1,233.39999999999998,312,17,1,233.39999999999998,392.0,0.0,0.0,1,1
14154,148,8,6460.7,3222,236,5,807.5875,65.14285714285714,2.0,0.2,1,1
14155,175,1,118.75,25,6,1,118.75,175.0,0.0,0.0,1,1
14156,2,132,286198.59,155262,1383,22,2168.1711363636364,4.923664122137405,40.0,0.23255813953488372,0,0
14157,194,4,822.98,436,68,4,205.745,120.0,1.0,0.2,1,0
14159,5,16,5954.33,4656,625,12,372.145625,42.666666666666664,4.0,0.2,1,0
14160,519,7,8421.47,4661,80,4,1203.0671428571427,14.666666666666666,0.0,0.0,1,1
14161,125,7,2996.93,1480,202,7,428.1328571428571,85.0,0.0,0.0,1,1
14162,83,2,289.36,142,25,2,144.68,118.0,0.0,0.0,1,1
14163,61,4,1808.1000000000001,646,37,4,452.02500000000003,103.0,0.0,0.0,1,0
14165,185,1,120.44,53,23,1,120.44,185.0,0.0,0.0,1,1
14166,414,2,251.15,82,39,2,125.575,121.0,0.0,0.0,1,1
14167,74,7,1101.55,296,45,7,157.3642857142857,86.0,0.0,0.0,1,0
14168,330,2,370.45,147,11,2,185.225,143.0,1.0,0.3333333333333333,1,1
14169,340,2,613.11,201,49,2,306.555,13.0,0.0,0.0,1,1
14170,284,3,570.18,270,123,1,190.05999999999997,9.5,0.0,0.0,1,1
14171,7,2,498.79,211,61,2,249.395,632.0,0.0,0.0,1,1
14172,514,3,369.02,78,38,2,123.00666666666666,18.5,1.0,0.25,1,1
14173,128,3,249.2,84,13,3,83.06666666666666,255.5,1.0,0.25,1,0
14175,80,7,5662.57,2120,166,7,808.9385714285714,76.0,8.0,0.5333333333333333,1,0
14176,206,5,756.46,265,33,4,151.292,20.75,1.0,0.16666666666666666,1,1
14177,5,12,1959.69,983,141,7,163.3075,50.54545454545455,0.0,0.0,1,0
14178,7,3,477.29,387,87,3,159.09666666666666,42.0,0.0,0.0,1,0
14180,0,30,5627.9,763,120,15,187.59666666666666,15.724137931034482,9.0,0.23076923076923078,1,0
14181,320,2,308.35,120,48,2,154.175,151.0,0.0,0.0,1,1
14182,353,4,678.77,174,42,4,169.6925,50.666666666666664,1.0,0.2,1,1
14183,320,2,278.34000000000003,60,27,2,139.17000000000002,69.0,0.0,0.0,1,1
14185,240,1,197.65,6,3,1,197.65,240.0,0.0,0.0,1,1
14186,336,5,1550.63,1550,75,5,310.12600000000003,54.25,0.0,0.0,1,1
14187,383,1,123.5,50,8,1,123.5,383.0,0.0,0.0,1,1
14188,18,4,1383.46,783,25,4,345.865,66.66666666666667,2.0,0.3333333333333333,1,0
14189,5,12,4116.99,3175,150,10,343.0825,26.545454545454547,5.0,0.29411764705882354,1,0
14190,575,1,79.9,2,1,1,79.9,575.0,0.0,0.0,1,1
14191,17,9,2391.16,1450,73,6,265.6844444444444,77.5,2.0,0.18181818181818182,1,0
14192,297,1,293.74,218,14,1,293.74,297.0,0.0,0.0,1,1
14193,179,2,779.34,458,39,2,389.67,126.0,0.0,0.0,1,0
14194,15,27,12987.52,7440,380,15,481.0192592592593,22.923076923076923,15.0,0.35714285714285715,1,0
14195,111,6,2615.6,2144,10,5,435.93333333333334,86.4,4.0,0.4,1,1
14196,16,1,335.52,142,6,1,335.52,16.0,0.0,0.0,1,1
14197,320,1,390.05,143,20,1,390.05,320.0,0.0,0.0,1,1
14198,54,7,1225.28,500,45,7,175.04,93.0,2.0,0.2222222222222222,1,0
14199,127,4,1091.7,254,15,4,272.925,104.0,2.0,0.3333333333333333,1,1
14200,526,1,379.2,140,21,1,379.2,526.0,0.0,0.0,1,1
14201,58,8,967.34,576,35,8,120.9175,62.714285714285715,2.0,0.2,1,0
14202,290,3,847.76,166,27,3,282.58666666666664,121.5,0.0,0.0,1,1
14203,306,1,339.34,80,16,1,339.34,306.0,0.0,0.0,1,1
14204,331,3,874.22,397,158,3,291.4066666666667,157.5,0.0,0.0,1,0
14205,173,8,2170.4,1264,70,7,271.3,54.0,2.0,0.2,1,0
14206,148,3,1185.01,930,62,2,395.00333333333333,81.5,2.0,0.4,1,1
14207,597,1,157.8,36,2,1,157.8,597.0,0.0,0.0,1,1
14208,4,2,567.05,529,34,2,283.525,456.0,0.0,0.0,1,1
14209,30,14,4796.17,1705,132,13,342.5835714285714,43.46153846153846,4.0,0.2222222222222222,1,0
14210,15,16,5556.570000000001,2511,143,14,347.28562500000004,39.8,5.0,0.23809523809523808,1,1
14211,6,15,3291.12,1926,126,10,219.408,45.214285714285715,7.0,0.3181818181818182,1,0
14212,355,1,1119.66,894,12,1,1119.66,355.0,0.0,0.0,1,0
14213,314,1,1192.2,244,5,1,1192.2,314.0,1.0,0.5,1,1
14214,65,3,899.16,671,56,3,299.71999999999997,60.5,2.0,0.4,1,0
14215,96,7,2558.88,1412,128,6,365.55428571428575,90.83333333333333,1.0,0.125,1,0
14216,323,1,310.74,118,18,1,310.74,323.0,1.0,0.5,1,0
14217,9,16,2505.11,921,103,13,156.569375,28.466666666666665,6.0,0.2727272727272727,1,0
14219,319,2,543.89,285,32,2,271.945,83.0,0.0,0.0,1,0
14220,156,4,1515.0,468,26,3,378.75,107.0,0.0,0.0,1,1
14221,22,15,5701.7,3163,136,11,380.11333333333334,35.642857142857146,2.0,0.11764705882352941,1,0
14222,86,1,683.17,607,41,1,683.17,86.0,0.0,0.0,1,1
14223,1,3,991.13,585,50,3,330.37666666666667,85.5,1.0,0.25,1,1
14224,19,9,1841.71,826,189,8,204.63444444444445,54.125,0.0,0.0,1,1
14225,344,4,2031.07,1167,70,4,507.7675,87.0,1.0,0.2,1,1
14226,119,3,2462.34,1493,66,3,820.7800000000001,115.0,3.0,0.5,1,0
14227,105,12,5414.72,3504,236,7,451.2266666666667,43.0,6.0,0.3333333333333333,1,0
14228,347,3,745.5,260,38,3,248.5,54.0,0.0,0.0,1,1
14229,201,6,1808.97,627,37,5,301.495,35.8,4.0,0.4,1,0
14230,345,3,979.8000000000001,246,27,2,326.6,56.0,0.0,0.0,1,1
14231,93,4,1235.6200000000001,610,66,4,308.90500000000003,89.0,2.0,0.3333333333333333,1,1
14232,24,4,1573.33,1503,71,4,393.3325,49.666666666666664,2.0,0.3333333333333333,1,0
14233,121,6,2400.65,991,30,6,400.10833333333335,86.4,2.0,0.25,1,0
14235,67,8,4375.99,2896,104,6,546.99875,65.85714285714286,0.0,0.0,1,0
14236,281,4,1253.78,502,29,4,313.445,44.333333333333336,2.0,0.3333333333333333,1,0
14237,282,2,471.14,238,26,2,235.57,217.0,1.0,0.3333333333333333,1,1
14238,235,3,434.23,189,13,3,144.74333333333334,204.0,0.0,0.0,1,1
14239,4,19,3763.21,1539,91,15,198.0636842105263,35.55555555555556,3.0,0.13636363636363635,1,0
14240,135,2,584.0,316,26,2,292.0,197.0,0.0,0.0,1,0
14241,93,2,333.7,242,12,2,166.85,512.0,0.0,0.0,1,1
14242,144,2,280.55,123,13,2,140.275,91.0,0.0,0.0,1,1
14243,4,15,6934.93,3441,232,11,462.32866666666666,27.142857142857142,6.0,0.2857142857142857,1,0
14244,570,1,366.41999999999996,814,16,1,366.41999999999996,570.0,1.0,0.5,1,1
14245,129,2,1693.45,976,107,2,846.725,43.0,3.0,0.6,1,1
14246,20,3,1474.06,804,57,3,491.3533333333333,67.5,0.0,0.0,1,1
14247,187,5,753.56,378,82,5,150.712,68.25,1.0,0.16666666666666666,1,1
14248,227,3,1032.95,692,41,3,344.31666666666666,98.5,0.0,0.0,1,1
14249,320,12,5400.46,2382,177,7,450.03833333333336,24.363636363636363,0.0,0.0,1,1
14252,290,1,350.99,111,10,1,350.99,290.0,0.0,0.0,1,1
14253,402,2,363.40000000000003,88,11,2,181.70000000000002,129.0,0.0,0.0,1,1
14254,342,1,601.03,263,23,1,601.03,342.0,0.0,0.0,1,1
14256,169,5,2460.79,1147,100,4,492.158,108.5,4.0,0.4444444444444444,1,1
14257,32,8,5580.57,2988,163,8,697.57125,74.85714285714286,0.0,0.0,1,0
14258,61,23,28767.68,15808,94,17,1250.7686956521738,26.545454545454547,7.0,0.23333333333333334,1,0
14259,51,1,120.0,68,5,1,120.0,51.0,0.0,0.0,1,1
14260,380,3,824.28,544,50,2,274.76,38.5,0.0,0.0,1,1
14262,16,3,855.0,593,42,3,285.0,66.5,0.0,0.0,1,0
14263,332,1,322.93,171,16,1,322.93,332.0,0.0,0.0,1,1
14264,64,6,1517.3600000000001,553,59,6,252.89333333333335,91.2,2.0,0.25,1,1
14265,18,4,1373.35,715,74,4,343.3375,167.33333333333334,0.0,0.0,0,1
14266,337,1,40.56,24,1,1,40.56,337.0,0.0,0.0,1,1
14267,72,3,1516.24,530,25,2,505.41333333333336,48.5,6.0,0.6666666666666666,1,1
14268,380,1,354.85,147,19,1,354.85,380.0,0.0,0.0,1,1
14269,348,1,295.73,123,16,1,295.73,348.0,1.0,0.5,1,1
14270,241,1,492.65000000000003,197,29,1,492.65000000000003,241.0,0.0,0.0,1,1
14271,135,2,214.18,148,38,2,107.09,183.0,0.0,0.0,1,1
14272,163,3,614.94,585,38,2,204.98000000000002,163.5,0.0,0.0,1,0
14273,45,3,450.05,196,18,3,150.01666666666668,53.0,0.0,0.0,1,0
14274,595,1,256.6,178,15,1,256.6,595.0,0.0,0.0,1,1
14275,305,6,1189.3799999999999,538,14,4,198.23,42.2,0.0,0.0,1,1
14276,8,7,2102.68,1406,75,6,300.3828571428571,93.5,5.0,0.4166666666666667,1,1
14277,121,6,14266.19,88683,216,5,2377.6983333333333,102.6,4.0,0.4,0,0
14278,319,1,205.83,131,13,1,205.83,319.0,0.0,0.0,1,1
14279,430,2,191.86,46,3,2,95.93,160.0,0.0,0.0,1,1
14280,106,1,134.04,52,8,1,134.04,106.0,0.0,0.0,1,1
14281,317,1,245.15,45,7,1,245.15,317.0,0.0,0.0,1,1
14282,19,19,6016.86,4298,91,12,316.6768421052631,30.666666666666668,1.0,0.05,1,0
14283,372,4,628.44,550,36,4,157.11,35.333333333333336,0.0,0.0,1,1
14284,563,1,704.4,349,35,1,704.4,563.0,0.0,0.0,1,0
14285,86,5,1380.31,415,33,5,276.062,138.5,1.0,0.16666666666666666,1,0
14286,152,5,5901.09,6455,218,4,1180.218,123.0,3.0,0.375,1,0
14287,108,2,83.28,216,4,1,41.64,0.0,1.0,0.3333333333333333,1,0
14288,122,1,426.6,188,16,1,426.6,122.0,1.0,0.5,1,1
14289,44,5,832.78,278,33,5,166.55599999999998,38.5,0.0,0.0,1,0
14290,271,4,2979.4700000000003,905,59,4,744.8675000000001,123.0,6.0,0.6,1,0
14291,30,19,6376.39,4875,203,11,335.5994736842105,33.888888888888886,2.0,0.09523809523809523,1,0
14292,55,11,6944.53,2591,106,8,631.320909090909,48.5,9.0,0.45,1,0
14293,56,8,2595.86,1276,78,6,324.4825,83.14285714285714,1.0,0.1111111111111111,1,0
14294,316,1,375.34000000000003,190,23,1,375.34000000000003,316.0,0.0,0.0,1,1
14295,348,3,2186.71,944,60,3,728.9033333333333,145.5,3.0,0.5,1,0
14296,330,2,456.4,314,27,2,228.2,152.0,1.0,0.3333333333333333,1,1
14297,184,1,232.6,78,11,1,232.6,184.0,0.0,0.0,1,0
14298,8,75,80849.7,89623,1233,20,1077.9959999999999,8.5,1.0,0.013157894736842105,1,0
14299,17,23,12541.77,6909,148,13,545.294347826087,28.636363636363637,11.0,0.3235294117647059,1,0
14301,26,4,1992.18,1686,37,4,498.045,183.0,3.0,0.42857142857142855,1,1
14302,340,3,742.9000000000001,298,25,3,247.63333333333335,153.0,0.0,0.0,1,1
14303,316,2,277.94,218,21,1,138.97,27.0,0.0,0.0,1,1
14304,132,3,1725.01,775,69,3,575.0033333333333,174.0,2.0,0.4,1,1
14305,23,2,1048.45,582,62,2,524.225,21.0,2.0,0.5,1,0
14306,288,4,1058.0800000000002,990,12,3,264.52000000000004,99.33333333333333,0.0,0.0,1,0
14307,44,8,3600.09,2469,174,8,450.01125,85.28571428571429,1.0,0.1111111111111111,1,0
14309,3,9,3061.98,2150,117,7,340.22,57.125,1.0,0.1,1,0
14310,342,1,492.1,230,22,1,492.1,342.0,0.0,0.0,1,1
14311,152,2,516.45,235,31,2,258.225,324.0,1.0,0.3333333333333333,1,1
14312,0,10,2525.89,1372,129,8,252.589,45.77777777777778,0.0,0.0,1,0
14314,16,2,229.79999999999998,332,10,2,114.89999999999999,324.0,1.0,0.3333333333333333,1,1
14315,38,7,2266.84,1012,68,6,323.8342857142857,84.16666666666667,1.0,0.125,1,0
14316,331,5,1370.34,4494,21,4,274.068,52.0,1.0,0.16666666666666666,1,1
14318,369,1,158.02,152,9,1,158.02,369.0,0.0,0.0,1,1
14319,333,1,494.85,329,26,1,494.85,333.0,1.0,0.5,1,1
14320,116,5,1346.75,713,68,5,269.35,120.0,2.0,0.2857142857142857,1,1
14321,26,5,1587.96,2385,129,5,317.592,89.0,1.0,0.16666666666666666,1,0
14322,338,4,474.1,158,10,3,118.525,76.66666666666667,2.0,0.3333333333333333,1,1
14323,24,2,605.0600000000001,350,32,2,302.53000000000003,123.0,2.0,0.5,1,1
14324,319,2,701.61,402,41,2,350.805,283.0,0.0,0.0,1,1
14325,479,1,245.48000000000002,320,18,1,245.48000000000002,479.0,0.0,0.0,1,1
14326,151,3,940.98,572,54,3,313.66,145.0,1.0,0.25,1,1
14327,72,6,1894.93,1296,99,6,315.82166666666666,107.2,0.0,0.0,1,1
14329,18,12,8397.41,5010,309,12,699.7841666666667,55.81818181818182,10.0,0.45454545454545453,1,0
14330,533,1,200.63,103,13,1,200.63,533.0,0.0,0.0,1,1
14331,33,2,462.66,252,27,2,231.33,10.0,0.0,0.0,1,1
14332,57,3,1196.24,460,33,3,398.74666666666667,134.0,0.0,0.0,1,0
14334,3,11,4094.98,2852,146,11,372.2709090909091,47.5,2.0,0.15384615384615385,1,0
14335,5,1,347.5,337,40,1,347.5,5.0,0.0,0.0,0,0
14336,107,3,1114.39,989,53,2,371.46333333333337,38.5,0.0,0.0,1,0
14338,70,3,928.1,622,43,3,309.3666666666667,187.5,2.0,0.4,1,1
14339,152,2,620.27,456,21,2,310.135,186.0,3.0,0.6,1,1
14340,128,1,134.7,58,6,1,134.7,128.0,0.0,0.0,1,1
14341,39,16,3424.56,2125,137,10,214.035,40.53333333333333,2.0,0.1111111111111111,1,0
14342,46,4,669.62,350,20,4,167.405,111.66666666666667,3.0,0.42857142857142855,1,0
14343,330,4,1079.66,626,193,4,269.915,89.33333333333333,0.0,0.0,1,1
14344,36,20,2993.05,1546,140,12,149.6525,26.210526315789473,0.0,0.0,1,1
14346,30,5,2315.75,1878,123,4,463.15,94.0,0.0,0.0,1,1
14347,646,1,82.60000000000001,48,6,1,82.60000000000001,646.0,0.0,0.0,1,1
14348,169,1,409.57,183,18,1,409.57,169.0,0.0,0.0,1,1
14350,183,3,972.03,543,55,3,324.01,77.5,1.0,0.25,1,1
14351,74,1,51.0,12,1,1,51.0,74.0,0.0,0.0,1,1
14352,66,4,1078.96,538,44,3,269.74,38.666666666666664,0.0,0.0,1,1
14353,124,3,376.5,344,18,2,125.5,108.0,0.0,0.0,1,1
14355,275,3,840.0500000000001,617,57,3,280.0166666666667,130.5,0.0,0.0,1,1
14358,298,2,400.06,338,21,2,200.03,38.0,1.0,0.3333333333333333,1,1
14360,4,1,1124.49,733,71,1,1124.49,4.0,0.0,0.0,1,0
14361,488,1,214.71,251,14,1,214.71,488.0,0.0,0.0,1,1
14363,311,2,227.47000000000003,105,8,2,113.73500000000001,49.0,0.0,0.0,1,1
14364,18,8,3717.35,1967,61,4,464.66875,14.571428571428571,0.0,0.0,1,1
14365,304,2,634.68,557,50,2,317.34,287.0,0.0,0.0,1,1
14366,434,1,136.0,16,1,1,136.0,434.0,0.0,0.0,1,1
14367,47,10,5419.7,2562,209,5,541.97,15.333333333333334,2.0,0.16666666666666666,1,0
14368,229,1,155.0,36,8,1,155.0,229.0,0.0,0.0,1,1
14369,551,2,469.13,255,24,2,234.565,19.0,0.0,0.0,1,1
14370,360,6,1175.78,266,37,5,195.96333333333334,45.2,3.0,0.3333333333333333,1,1
14371,204,1,100.5,34,4,1,100.5,204.0,0.0,0.0,1,1
14372,352,2,860.08,378,36,2,430.04,156.0,1.0,0.3333333333333333,1,1
14373,267,1,76.55,17,4,1,76.55,267.0,0.0,0.0,1,1
14374,450,1,108.0,20,7,1,108.0,450.0,0.0,0.0,1,1
14375,94,3,1106.82,647,176,3,368.94,177.5,0.0,0.0,1,1
14376,592,1,215.46,50,17,1,215.46,592.0,0.0,0.0,1,1
14377,100,2,617.05,219,11,2,308.525,70.0,0.0,0.0,1,1
14378,531,1,131.25,57,9,1,131.25,531.0,0.0,0.0,1,1
14379,204,3,1028.04,548,75,3,342.68,92.0,0.0,0.0,1,0
14381,360,1,423.26,303,56,1,423.26,360.0,0.0,0.0,1,0
14382,299,1,578.14,436,137,1,578.14,299.0,1.0,0.5,1,0
14383,73,1,242.09,201,15,1,242.09,73.0,0.0,0.0,1,0
14384,410,1,58.5,30,3,1,58.5,410.0,0.0,0.0,1,1
14386,206,1,142.4,54,7,1,142.4,206.0,0.0,0.0,1,1
14387,18,1,440.76,209,40,1,440.76,18.0,0.0,0.0,1,0
14388,0,14,5453.13,3638,159,14,389.50928571428574,45.92307692307692,3.0,0.17647058823529413,1,0
14389,100,4,1165.69,848,40,4,291.4225,133.0,5.0,0.5555555555555556,1,0
14390,53,8,3098.17,1436,166,6,387.27125,40.0,3.0,0.2727272727272727,1,0
14391,486,1,135.6,168,14,1,135.6,486.0,0.0,0.0,1,1
14392,341,1,266.4,114,14,1,266.4,341.0,0.0,0.0,1,1
14393,127,1,67.95,13,5,1,67.95,127.0,0.0,0.0,1,1
14394,474,1,93.8,58,6,1,93.8,474.0,0.0,0.0,1,1
14395,87,17,6274.34,3153,261,12,369.07882352941175,26.375,2.0,0.10526315789473684,1,0
14396,280,6,1591.74,773,167,5,265.29,73.2,0.0,0.0,1,0
14397,3,10,1036.1200000000001,764,16,5,103.61200000000001,13.222222222222221,0.0,0.0,1,0
14398,310,2,707.79,267,50,2,353.895,126.0,0.0,0.0,1,1
14399,303,8,2108.21,965,119,8,263.52625,40.0,1.0,0.1111111111111111,1,1
14400,58,3,1732.47,1706,71,3,577.49,241.0,2.0,0.4,1,1
14401,5,19,5823.8,5443,137,13,306.5157894736842,34.94444444444444,2.0,0.09523809523809523,1,0
14402,561,1,285.6,240,8,1,285.6,561.0,0.0,0.0,1,1
14403,39,6,1880.51,737,20,6,313.41833333333335,101.6,3.0,0.3333333333333333,1,1
14404,18,12,2597.33,1519,118,11,216.44416666666666,55.45454545454545,2.0,0.14285714285714285,1,0
14405,296,1,195.0,100,2,1,195.0,296.0,0.0,0.0,1,1
14406,28,1,156.75,77,8,1,156.75,28.0,0.0,0.0,1,1
14407,16,5,2142.73,1414,66,4,428.546,42.25,3.0,0.375,1,1
14408,4,10,3794.05,2276,62,9,379.40500000000003,70.77777777777777,0.0,0.0,1,0
14409,32,8,3311.57,2163,72,7,413.94625,63.42857142857143,1.0,0.1111111111111111,1,0
14410,1,11,2630.9,1367,306,8,239.1727272727273,34.4,5.0,0.3125,1,1
14411,220,1,1063.0,196,14,1,1063.0,220.0,0.0,0.0,1,1
14412,334,1,656.16,642,41,1,656.16,334.0,0.0,0.0,1,0
14413,271,3,421.72,276,92,3,140.57333333333335,163.0,0.0,0.0,1,1
14414,1,8,2399.33,2877,99,5,299.91625,40.42857142857143,1.0,0.1111111111111111,1,1
14415,7,19,9890.65,5065,377,18,520.5605263157895,34.72222222222222,8.0,0.2962962962962963,1,0
14417,297,1,524.65,543,106,1,524.65,297.0,0.0,0.0,1,1
14418,17,1,150.44,148,17,1,150.44,17.0,0.0,0.0,1,0
14419,162,3,509.99,230,53,3,169.99666666666667,65.0,0.0,0.0,1,0
14420,8,4,1639.17,1120,85,4,409.7925,197.33333333333334,2.0,0.3333333333333333,1,1
14421,121,5,2111.44,1171,67,4,422.288,119.75,1.0,0.16666666666666666,1,0
14422,79,15,7040.03,3702,227,13,469.3353333333333,39.42857142857143,2.0,0.11764705882352941,1,0
14423,127,3,916.61,419,12,3,305.5366666666667,238.0,1.0,0.25,1,1
14425,344,3,661.39,325,35,2,220.46333333333334,151.0,2.0,0.4,1,1
14426,50,13,10131.85,5927,426,10,779.373076923077,42.0,8.0,0.38095238095238093,1,0
14427,404,2,900.1800000000001,310,27,2,450.09000000000003,137.0,0.0,0.0,1,0
14428,149,2,330.62,145,25,2,165.31,85.0,1.0,0.3333333333333333,1,0
14429,313,1,516.28,286,22,1,516.28,313.0,0.0,0.0,1,1
14430,421,3,1220.9,446,29,2,406.9666666666667,47.5,2.0,0.4,1,1
14431,212,4,2614.2,1202,72,4,653.55,128.0,1.0,0.2,1,1
14433,375,1,280.7,131,72,1,280.7,375.0,0.0,0.0,1,1
14435,411,1,90.42,282,3,1,90.42,411.0,0.0,0.0,1,1
14436,8,2,271.7,297,11,2,135.85,454.0,0.0,0.0,1,1
14437,275,5,873.34,420,34,5,174.668,54.25,2.0,0.2857142857142857,1,1
14438,215,1,131.9,82,9,1,131.9,215.0,0.0,0.0,1,1
14439,229,5,9443.04,2244,105,4,1888.6080000000002,91.75,0.0,0.0,0,1
14440,226,10,4810.06,1358,55,8,481.00600000000003,46.666666666666664,2.0,0.16666666666666666,1,0
14441,4,9,3596.2,1026,83,8,399.5777777777778,74.375,5.0,0.35714285714285715,1,0
14442,114,7,5367.02,1431,128,6,766.7171428571429,80.83333333333333,4.0,0.36363636363636365,0,1
14443,48,4,1654.29,1085,93,4,413.5725,80.0,3.0,0.42857142857142855,1,0
14444,365,1,120.44,172,11,1,120.44,365.0,0.0,0.0,1,1
14445,365,1,221.65,83,32,1,221.65,365.0,0.0,0.0,1,1
14446,156,2,492.96999999999997,493,113,2,246.48499999999999,140.0,0.0,0.0,1,0
14447,105,3,1149.53,655,63,3,383.1766666666667,102.0,0.0,0.0,1,0
14448,273,1,102.35000000000001,44,18,1,102.35000000000001,273.0,0.0,0.0,1,0
14449,156,6,1745.07,1196,211,5,290.84499999999997,37.8,0.0,0.0,1,0
14450,90,7,1128.44,522,47,5,161.2057142857143,71.5,0.0,0.0,1,1
14451,104,11,2974.78,1563,218,10,270.43454545454546,49.7,6.0,0.35294117647058826,1,0
14452,3,3,527.27,215,86,3,175.75666666666666,213.5,0.0,0.0,1,0
14453,99,1,119.93,49,22,1,119.93,99.0,0.0,0.0,1,1
14454,285,5,977.3000000000001,400,93,5,195.46,89.25,1.0,0.16666666666666666,1,1
14455,341,4,617.72,706,65,3,154.43,21.0,1.0,0.2,1,1
14456,40,3,633.69,539,219,1,211.23000000000002,5.5,0.0,0.0,1,0
14457,220,1,113.64,88,4,1,113.64,220.0,0.0,0.0,1,1
14458,290,1,219.26999999999998,309,45,1,219.26999999999998,290.0,0.0,0.0,1,1
14459,64,2,5375.74,2302,112,2,2687.87,496.0,1.0,0.3333333333333333,1,1
14460,19,9,1093.5,1879,33,8,121.5,76.625,3.0,0.25,1,1
14461,57,13,6676.52,3004,514,10,513.5784615384616,45.166666666666664,1.0,0.07142857142857142,1,1
14462,30,10,1767.89,783,159,8,176.78900000000002,34.55555555555556,3.0,0.23076923076923078,1,0
14463,7,4,786.5699999999999,210,7,4,196.64249999999998,133.66666666666666,0.0,0.0,1,1
14464,477,2,111.0,62,4,2,55.5,59.0,0.0,0.0,1,1
14465,156,11,3925.85,2539,128,9,356.8954545454545,45.4,0.0,0.0,1,1
14466,25,11,3575.2,2098,76,10,325.0181818181818,61.0,0.0,0.0,1,0
14467,222,9,1738.68,948,120,8,193.18666666666667,53.0,0.0,0.0,1,0
14468,643,1,204.24,164,12,1,204.24,643.0,0.0,0.0,1,1
14469,325,4,2093.46,973,120,4,523.365,87.66666666666667,0.0,0.0,1,1
14470,197,2,548.49,227,48,2,274.245,142.0,0.0,0.0,1,0
14471,500,2,400.95,187,38,2,200.475,141.0,0.0,0.0,1,1
14472,13,9,2118.72,1271,173,8,235.4133333333333,73.125,0.0,0.0,1,1
14473,191,1,85.0,10,1,1,85.0,191.0,0.0,0.0,1,0
14474,489,1,711.23,308,97,1,711.23,489.0,0.0,0.0,1,0
14475,95,3,847.47,337,28,3,282.49,111.0,3.0,0.5,1,0
14476,166,1,193.0,110,17,1,193.0,166.0,0.0,0.0,1,1
14477,93,5,1183.0,700,5,5,236.6,129.75,2.0,0.2857142857142857,1,0
14478,291,4,1276.66,1226,59,4,319.165,118.66666666666667,0.0,0.0,1,1
14479,163,4,1124.71,562,127,4,281.1775,159.66666666666666,0.0,0.0,1,1
14480,312,3,1020.47,527,43,3,340.1566666666667,157.5,1.0,0.25,1,0
14481,74,5,2284.69,1568,114,5,456.938,128.0,1.0,0.16666666666666666,1,1
14482,8,8,2749.86,1476,101,5,343.7325,53.0,2.0,0.2,1,0
14483,191,2,257.1,193,13,2,128.55,455.0,1.0,0.3333333333333333,1,1
14484,310,3,749.0600000000001,534,37,3,249.6866666666667,160.5,0.0,0.0,1,0
14486,421,2,175.5,90,4,2,87.75,41.0,0.0,0.0,1,1
14487,277,2,225.89000000000001,86,32,2,112.94500000000001,10.0,1.0,0.3333333333333333,1,0
14489,116,4,1574.93,1011,65,4,393.7325,135.0,0.0,0.0,1,1
14490,315,2,1273.47,933,72,1,636.735,22.0,0.0,0.0,1,1
14491,84,2,340.93,139,17,2,170.465,197.0,0.0,0.0,1,1
14492,339,7,1921.91,751,70,4,274.55857142857144,31.333333333333332,3.0,0.3,1,1
14493,64,6,3315.84,2190,228,6,552.64,97.2,2.0,0.25,1,0
14494,310,2,261.9,118,10,2,130.95,329.0,0.0,0.0,1,0
14495,30,2,91.6,28,3,2,45.8,538.0,1.0,0.3333333333333333,1,0
14496,221,7,2363.89,905,64,6,337.6985714285714,53.5,3.0,0.3,1,1
14497,218,2,697.0600000000001,332,40,2,348.53000000000003,364.0,1.0,0.3333333333333333,1,1
14498,25,9,3225.3,1711,231,9,358.3666666666667,54.125,0.0,0.0,1,0
14499,43,6,1661.16,923,141,5,276.86,67.0,3.0,0.3333333333333333,1,0
14500,21,2,335.85,107,5,2,167.925,77.0,0.0,0.0,1,0
14501,93,2,251.21,161,9,2,125.605,136.0,0.0,0.0,1,1
14502,58,7,1163.22,532,201,5,166.17428571428573,27.166666666666668,2.0,0.2222222222222222,1,0
14503,88,1,597.07,381,40,1,597.07,88.0,0.0,0.0,1,0
14504,152,3,542.71,263,81,2,180.90333333333334,17.5,0.0,0.0,1,0
14505,18,17,10236.39,4506,776,12,602.1405882352941,38.75,7.0,0.2916666666666667,1,0
14506,71,5,1818.56,483,143,5,363.712,109.25,0.0,0.0,1,0
14507,10,9,2773.55,1375,180,8,308.1722222222222,78.375,3.0,0.25,1,0
14508,285,3,554.87,218,100,2,184.95666666666668,82.0,1.0,0.25,1,0
14509,443,1,110.95,38,25,1,110.95,443.0,0.0,0.0,1,1
14510,285,3,979.85,793,67,2,326.6166666666667,30.0,1.0,0.25,1,1
14511,1,2,329.89,145,16,2,164.945,41.0,0.0,0.0,1,0
14512,97,7,1215.97,736,55,7,173.71,90.66666666666667,0.0,0.0,1,1
14513,10,6,788.01,593,15,5,131.335,93.4,1.0,0.14285714285714285,1,1
14514,110,8,3792.95,1971,197,8,474.11875,75.0,1.0,0.1111111111111111,1,0
14515,100,8,2412.82,1154,72,5,301.6025,51.285714285714285,3.0,0.2727272727272727,1,0
14516,425,1,151.17,63,35,1,151.17,425.0,0.0,0.0,1,1
14517,51,1,252.45,73,14,1,252.45,51.0,0.0,0.0,1,0
14519,593,2,203.14,81,38,2,101.57,45.0,0.0,0.0,1,1
14520,200,1,165.0,100,1,1,165.0,200.0,0.0,0.0,1,0
14521,400,1,199.45000000000002,211,17,1,199.45000000000002,400.0,1.0,0.5,1,1
14522,1,6,1534.58,850,34,6,255.76333333333332,118.4,0.0,0.0,1,0
14523,17,1,241.09,251,12,1,241.09,17.0,0.0,0.0,1,1
14524,88,9,2094.9,916,211,5,232.76666666666668,29.75,0.0,0.0,1,0
14525,9,15,6622.98,4188,288,14,441.532,44.714285714285715,3.0,0.16666666666666666,1,0
14526,298,1,258.65,178,41,1,258.65,298.0,0.0,0.0,1,1
14527,8,106,23965.39,5885,560,22,226.08858490566038,6.085714285714285,60.0,0.3614457831325301,1,0
14529,19,1,135.24,84,49,1,135.24,19.0,0.0,0.0,1,0
14530,2,15,5709.08,2645,250,13,380.6053333333333,42.42857142857143,3.0,0.16666666666666666,1,0
14531,389,1,376.34,260,29,1,376.34,389.0,0.0,0.0,1,1
14532,145,11,3845.78,1111,209,10,349.61636363636364,46.2,1.0,0.08333333333333333,1,1
14533,22,6,2251.63,2931,44,6,375.2716666666667,99.4,2.0,0.25,1,0
14534,5,22,4817.15,2275,384,14,218.96136363636361,25.61904761904762,7.0,0.2413793103448276,1,0
14535,36,8,4759.86,2329,494,8,594.9825,75.14285714285714,1.0,0.1111111111111111,1,0
14536,169,1,170.95,39,18,1,170.95,169.0,0.0,0.0,1,1
14537,532,1,285.84,108,13,1,285.84,532.0,1.0,0.5,1,0
14538,165,4,1089.0900000000001,159,30,3,272.27250000000004,142.0,0.0,0.0,1,0
14540,218,9,2952.88,1306,149,8,328.09777777777776,52.875,1.0,0.1,1,0
14541,78,13,2345.38,1079,99,11,180.41384615384615,44.333333333333336,0.0,0.0,1,0
14542,95,1,103.25,19,5,1,103.25,95.0,0.0,0.0,1,1
14543,18,36,14187.99,2556,99,19,394.11083333333335,17.97142857142857,9.0,0.2,1,0
14544,271,2,2036.0,1712,111,2,1018.0,108.0,0.0,0.0,1,0
14545,583,1,349.25,236,23,1,349.25,583.0,0.0,0.0,1,1
14546,111,8,3485.79,1876,314,8,435.72375,75.85714285714286,6.0,0.42857142857142855,1,0
14548,60,9,2541.29,986,66,6,282.36555555555555,72.75,0.0,0.0,1,1
14549,220,4,913.6,394,117,4,228.4,141.66666666666666,0.0,0.0,1,1
14550,297,2,587.69,382,46,2,293.845,95.0,0.0,0.0,1,0
14551,113,6,817.29,446,68,4,136.215,95.4,2.0,0.25,1,0
14552,61,3,507.93,258,124,3,169.31,220.0,0.0,0.0,1,1
14553,128,6,1271.65,807,169,5,211.9416666666667,58.0,1.0,0.14285714285714285,1,0
14555,211,5,2177.83,810,93,5,435.566,104.75,1.0,0.16666666666666666,1,0
14556,505,3,815.69,323,158,3,271.8966666666667,46.0,0.0,0.0,1,1
14558,563,3,655.5,162,13,3,218.5,38.5,2.0,0.4,1,1
14559,299,1,75.6,72,2,1,75.6,299.0,0.0,0.0,1,1
14560,4,37,5441.46,3945,51,18,147.0664864864865,17.86111111111111,1.0,0.02631578947368421,1,0
14561,71,2,566.99,375,35,1,283.495,22.0,0.0,0.0,1,0
14562,1,15,3940.76,1752,194,13,262.71733333333333,41.285714285714285,2.0,0.11764705882352941,1,0
14563,419,2,625.42,243,94,2,312.71,82.0,0.0,0.0,1,1
14564,344,2,2605.62,1295,107,2,1302.81,300.0,3.0,0.6,0,1
14565,5,5,3859.2200000000003,1940,139,5,771.844,94.25,2.0,0.2857142857142857,1,1
14566,20,4,4092.0,2400,9,4,1023.0,141.0,0.0,0.0,0,1
14567,39,1,800.76,172,13,1,800.76,39.0,0.0,0.0,1,0
14568,344,1,919.7,645,47,1,919.7,344.0,1.0,0.5,0,1
14569,362,3,369.94,178,21,3,123.31333333333333,75.0,0.0,0.0,1,0
14570,190,3,512.4,363,63,2,170.79999999999998,81.0,0.0,0.0,1,1
14571,334,1,160.0,56,30,1,160.0,334.0,0.0,0.0,1,1
14572,19,9,4779.68,2639,303,7,531.0755555555556,63.75,4.0,0.3076923076923077,1,0
14573,89,13,2163.12,683,183,7,166.39384615384614,43.333333333333336,4.0,0.23529411764705882,1,1
14574,642,1,143.70000000000002,63,11,1,143.70000000000002,642.0,0.0,0.0,1,1
14575,397,1,420.22,163,71,1,420.22,397.0,0.0,0.0,1,1
14576,281,1,35.400000000000006,12,1,1,35.400000000000006,281.0,0.0,0.0,1,1
14577,73,6,1151.08,496,95,6,191.84666666666666,112.8,0.0,0.0,1,0
14579,341,1,105.56,56,24,1,105.56,341.0,0.0,0.0,1,1
14580,427,1,14.85,3,1,1,14.85,427.0,0.0,0.0,1,1
14581,453,1,271.05,87,43,1,271.05,453.0,0.0,0.0,1,0
14583,53,7,1415.05,872,292,6,202.15,79.33333333333333,0.0,0.0,1,0
14584,78,8,1738.16,960,127,6,217.27,70.14285714285714,1.0,0.1111111111111111,1,1
14585,292,4,986.22,539,64,2,246.555,11.333333333333334,0.0,0.0,1,0
14586,186,1,237.35999999999999,444,19,1,237.35999999999999,186.0,2.0,0.6666666666666666,1,1
14587,93,8,1452.68,716,166,6,181.585,21.0,1.0,0.1111111111111111,1,0
14588,487,1,135.39,62,16,1,135.39,487.0,0.0,0.0,1,1
14589,281,1,39.75,5,3,1,39.75,281.0,0.0,0.0,1,1
14590,334,20,2993.37,901,124,10,149.6685,16.157894736842106,8.0,0.2857142857142857,1,1
14591,122,1,204.02,91,33,1,204.02,122.0,0.0,0.0,1,0
14593,108,11,3380.47,1634,368,6,307.31545454545454,53.1,6.0,0.35294117647058826,1,0
14594,282,1,255.0,146,31,1,255.0,282.0,0.0,0.0,1,0
14595,222,3,587.65,326,30,3,195.88333333333333,187.0,0.0,0.0,1,0
14596,536,1,222.22,75,50,1,222.22,536.0,0.0,0.0,1,1
14597,101,5,1483.49,988,44,3,296.698,61.25,0.0,0.0,1,0
14598,478,1,162.07,165,40,1,162.07,478.0,1.0,0.5,1,0
14599,299,2,457.89,292,77,2,228.945,118.0,0.0,0.0,1,1
14600,215,2,865.17,487,53,2,432.585,87.0,0.0,0.0,1,1
14602,565,1,205.35999999999999,80,31,1,205.35999999999999,565.0,0.0,0.0,1,1
14603,184,1,660.0,400,2,1,660.0,184.0,0.0,0.0,1,1
14604,542,1,136.35999999999999,86,19,1,136.35999999999999,542.0,0.0,0.0,1,1
14605,283,4,920.71,415,87,3,230.1775,119.0,0.0,0.0,1,1
14606,3,162,27081.51,13859,1218,22,167.1698148148148,3.9937888198757765,59.0,0.2669683257918552,1,0
14607,170,9,8048.63,4109,76,7,894.2922222222222,57.875,2.0,0.18181818181818182,1,0
14608,271,7,1761.79,537,9,6,251.68428571428572,61.833333333333336,1.0,0.125,1,0
14609,52,9,1371.0,12000,6,9,152.33333333333334,65.625,1.0,0.1,1,0
14610,305,2,24.35,15,10,2,12.175,118.0,0.0,0.0,1,1
14611,353,2,604.33,582,37,2,302.165,154.0,1.0,0.3333333333333333,1,1
14612,324,1,877.7,134,14,1,877.7,324.0,0.0,0.0,1,1
14613,589,1,76.32000000000001,72,1,1,76.32000000000001,589.0,0.0,0.0,1,1
14614,295,1,295.13,189,19,1,295.13,295.0,0.0,0.0,1,1
14615,303,5,951.76,495,40,4,190.352,38.25,1.0,0.16666666666666666,1,1
14616,152,5,527.78,170,3,5,105.556,76.5,0.0,0.0,1,1
14617,312,2,190.47,81,7,2,95.235,13.0,0.0,0.0,1,1
14618,247,5,1000.6800000000001,532,35,4,200.13600000000002,52.25,2.0,0.2857142857142857,1,0
14619,155,2,1291.24,594,58,2,645.62,295.0,1.0,0.3333333333333333,1,1
14620,115,2,412.78000000000003,214,26,2,206.39000000000001,78.0,1.0,0.3333333333333333,1,1
14621,66,7,2215.12,1123,100,6,316.44571428571425,87.83333333333333,7.0,0.5,1,0
14622,94,1,320.58000000000004,146,21,1,320.58000000000004,94.0,0.0,0.0,1,1
14623,25,8,1731.76,860,174,7,216.47,69.28571428571429,1.0,0.1111111111111111,1,0
14624,324,4,588.22,483,30,3,147.055,63.0,0.0,0.0,1,0
14625,105,11,4497.88,2155,167,8,408.89818181818185,52.7,7.0,0.3888888888888889,1,1
14626,32,9,4190.94,2611,139,9,465.65999999999997,75.75,2.0,0.18181818181818182,1,0
14627,288,1,462.75,284,29,1,462.75,288.0,2.0,0.6666666666666666,1,1
14628,0,5,1998.0,1147,65,5,399.6,148.0,0.0,0.0,1,1
14630,393,1,338.65,111,21,1,338.65,393.0,0.0,0.0,1,1
14631,144,5,1648.79,1137,55,5,329.758,63.0,1.0,0.16666666666666666,1,0
14632,172,1,114.56,96,8,1,114.56,172.0,0.0,0.0,1,1
14633,175,1,344.90000000000003,96,20,1,344.90000000000003,175.0,0.0,0.0,1,1
14634,347,4,2124.46,1906,105,3,531.115,34.666666666666664,3.0,0.42857142857142855,1,1
14635,363,1,215.22,118,15,1,215.22,363.0,0.0,0.0,1,1
14636,178,1,300.19,117,16,1,300.19,178.0,0.0,0.0,1,0
14637,586,1,106.68,100,7,1,106.68,586.0,0.0,0.0,1,1
14639,29,7,3983.7000000000003,1768,166,6,569.1,90.16666666666667,2.0,0.2222222222222222,1,0
14640,37,8,3025.34,1337,142,8,378.1675,79.71428571428571,5.0,0.38461538461538464,1,0
14643,79,5,1679.89,1377,57,5,335.978,139.5,1.0,0.16666666666666666,1,1
14644,207,6,1604.46,578,37,4,267.41,87.4,3.0,0.3333333333333333,1,0
14645,66,3,876.89,587,45,3,292.2966666666667,238.5,1.0,0.25,1,1
14646,2,115,425343.12,297934,804,22,3698.6358260869565,5.649122807017544,12.0,0.09448818897637795,0,0
14647,110,2,506.04,175,42,2,253.02,322.0,0.0,0.0,1,1
14648,325,15,4463.39,3259,285,9,297.55933333333337,22.285714285714285,4.0,0.21052631578947367,1,1
14649,121,7,2830.72,1760,301,6,404.3885714285714,79.33333333333333,2.0,0.2222222222222222,1,0
14650,498,1,62.5,22,4,1,62.5,498.0,0.0,0.0,1,1
14651,120,8,1787.24,722,185,7,223.405,60.0,0.0,0.0,1,0
14653,247,5,1832.91,1328,149,5,366.582,99.75,0.0,0.0,1,0
14654,647,1,246.86,273,27,1,246.86,647.0,0.0,0.0,1,1
14655,131,4,2756.84,1774,55,4,689.21,124.66666666666667,4.0,0.5,1,0
14656,78,5,790.0,309,148,5,158.0,108.5,0.0,0.0,1,1
14657,64,5,1240.91,752,132,5,248.18200000000002,69.75,1.0,0.16666666666666666,1,0
14658,26,1,123.14,23,14,1,123.14,26.0,0.0,0.0,1,0
14659,55,6,1641.55,767,107,6,273.59166666666664,33.8,3.0,0.3333333333333333,1,0
14660,10,1,128.95,104,14,1,128.95,10.0,0.0,0.0,1,0
14662,144,6,1147.34,651,139,6,191.22333333333333,100.2,0.0,0.0,1,0
14663,339,2,490.6,397,60,1,245.3,0.0,0.0,0.0,1,1
14665,206,5,1645.6100000000001,672,78,3,329.122,73.75,1.0,0.16666666666666666,1,0
14667,4,47,17196.01,9924,508,22,365.8725531914893,13.956521739130435,7.0,0.12962962962962962,1,0
14668,354,1,111.63,49,10,1,111.63,354.0,0.0,0.0,1,1
14669,151,7,3216.78,2043,334,5,459.54,82.5,0.0,0.0,1,1
14670,189,3,583.33,423,159,2,194.44333333333336,226.0,0.0,0.0,1,1
14671,458,2,1127.45,571,48,2,563.725,18.0,0.0,0.0,1,1
14672,144,4,1113.14,646,93,4,278.285,148.33333333333334,0.0,0.0,1,1
14673,277,3,1674.41,1031,65,3,558.1366666666667,21.0,0.0,0.0,1,0
14674,418,1,173.66,103,14,1,173.66,418.0,0.0,0.0,1,1
14675,298,1,419.21999999999997,324,114,1,419.21999999999997,298.0,0.0,0.0,1,0
14676,57,10,7499.47,8116,68,7,749.947,54.666666666666664,4.0,0.2857142857142857,1,0
14677,502,1,184.91,139,14,1,184.91,502.0,0.0,0.0,1,1
14678,488,1,403.39,179,24,1,403.39,488.0,1.0,0.5,1,1
14679,291,3,1289.44,794,49,3,429.81333333333333,174.5,2.0,0.4,1,1
14680,4,56,52356.95,25534,220,22,934.9455357142857,11.636363636363637,27.0,0.3253012048192771,1,0
14681,121,4,770.1500000000001,144,18,4,192.53750000000002,147.33333333333334,0.0,0.0,1,0
14682,97,6,1514.81,949,79,6,252.46833333333333,96.8,0.0,0.0,1,1
14683,497,1,146.56,386,21,1,146.56,497.0,0.0,0.0,1,1
14684,124,3,721.96,454,195,3,240.65333333333334,87.0,0.0,0.0,1,0
14685,485,8,4536.64,1969,109,5,567.08,21.428571428571427,5.0,0.38461538461538464,1,1
14686,323,5,852.53,457,185,2,170.506,61.25,1.0,0.16666666666666666,1,1
14687,16,3,1402.06,850,34,3,467.3533333333333,222.5,0.0,0.0,1,1
14688,2,23,5797.77,4410,162,13,252.07695652173916,16.5,3.0,0.11538461538461539,1,0
14689,118,1,112.80000000000001,76,13,1,112.80000000000001,118.0,0.0,0.0,1,1
14690,61,3,635.19,258,65,3,211.73000000000002,129.0,1.0,0.25,1,0
14691,6,2,1274.68,464,37,2,637.34,116.0,0.0,0.0,1,0
14692,46,12,1715.14,890,101,10,142.92833333333334,43.63636363636363,1.0,0.07692307692307693,1,1
14693,174,7,1165.3600000000001,388,43,5,166.48000000000002,43.5,1.0,0.125,1,1
14694,526,1,244.31,193,15,1,244.31,526.0,0.0,0.0,1,1
14695,428,3,1534.22,661,76,2,511.4066666666667,106.5,1.0,0.25,1,1
14696,29,6,1852.8700000000001,1323,105,6,308.81166666666667,60.4,2.0,0.25,1,0
14697,127,2,188.61,181,22,1,94.305,0.0,0.0,0.0,1,1
14699,123,4,702.6,484,45,4,175.65,103.66666666666667,0.0,0.0,1,1
14700,99,4,2422.06,1140,88,4,605.515,98.33333333333333,0.0,0.0,1,0
14701,82,13,3902.4500000000003,1489,377,8,300.1884615384616,42.583333333333336,3.0,0.1875,1,0
14702,26,21,4756.44,2071,259,16,226.49714285714285,30.6,2.0,0.08695652173913043,1,0
14704,52,4,466.46,222,102,4,116.615,160.33333333333334,0.0,0.0,1,0
14705,108,1,179.0,100,1,1,179.0,108.0,0.0,0.0,1,1
14706,528,1,367.54,246,25,1,367.54,528.0,0.0,0.0,1,1
14707,345,2,139.2,96,1,2,69.6,141.0,0.0,0.0,1,1
14708,63,4,1368.03,948,14,4,342.0075,100.33333333333333,1.0,0.2,1,0
14709,3,21,7918.03,3661,99,19,377.0490476190476,32.0,2.0,0.08695652173913043,1,0
14710,288,9,1300.31,760,203,7,144.4788888888889,44.5,0.0,0.0,1,0
14711,0,9,2355.63,795,177,6,261.7366666666667,21.375,1.0,0.1,1,0
14712,21,2,526.72,198,14,2,263.36,305.0,0.0,0.0,1,0
14713,8,19,4482.7699999999995,2950,207,16,235.93526315789472,35.333333333333336,4.0,0.17391304347826086,1,0
14714,316,3,746.05,413,59,3,248.6833333333333,140.0,3.0,0.5,1,0
14715,4,7,1536.92,804,86,7,219.56,99.0,0.0,0.0,1,0
14716,58,2,417.49,467,61,2,208.745,296.0,0.0,0.0,1,0
14717,642,1,81.3,32,11,1,81.3,642.0,1.0,0.5,1,1
14718,319,1,226.42,202,11,1,226.42,319.0,0.0,0.0,1,1
14719,88,2,488.12,398,70,2,244.06,69.0,0.0,0.0,1,0
14720,36,1,155.8,40,9,1,155.8,36.0,0.0,0.0,1,0
14721,288,1,109.07,57,24,1,109.07,288.0,0.0,0.0,1,1
14722,56,3,489.52,214,72,2,163.17333333333332,169.5,0.0,0.0,1,1
14723,267,8,1134.65,692,179,6,141.83125,53.857142857142854,0.0,0.0,1,0
14724,499,1,341.9,184,40,1,341.9,499.0,0.0,0.0,1,1
14725,304,3,591.28,719,40,2,197.09333333333333,70.0,1.0,0.25,1,0
14726,564,1,116.5,82,15,1,116.5,564.0,0.0,0.0,1,1
14727,183,3,461.03000000000003,452,42,2,153.67666666666668,136.0,1.0,0.25,1,1
14728,322,1,190.58,68,14,1,190.58,322.0,0.0,0.0,1,1
14729,283,3,586.24,372,126,2,195.41333333333333,125.5,0.0,0.0,1,1
14730,16,5,872.13,509,142,4,174.426,42.25,0.0,0.0,1,0
14731,115,2,251.01999999999998,182,23,1,125.50999999999999,6.0,0.0,0.0,1,0
14732,53,16,4432.88,1828,132,12,277.055,39.06666666666667,4.0,0.2,1,0
14733,20,14,13793.44,5680,137,9,985.2457142857144,22.384615384615383,2.0,0.125,1,0
14734,335,4,1056.42,378,48,4,264.105,41.666666666666664,1.0,0.2,1,1
14735,8,47,9770.18,3614,168,22,207.87617021276597,13.826086956521738,3.0,0.06,1,0
14736,394,2,374.05,148,70,1,187.025,0.0,0.0,0.0,1,1
14737,38,3,3471.37,1029,28,3,1157.1233333333332,135.5,0.0,0.0,1,0
14738,43,7,1265.1000000000001,507,47,6,180.72857142857146,99.83333333333333,2.0,0.2222222222222222,1,0
14739,3,22,9918.92,8554,123,14,450.86,30.61904761904762,2.0,0.08333333333333333,1,0
14740,106,11,4161.06,2081,173,9,378.27818181818185,45.5,2.0,0.15384615384615385,1,1
14741,22,5,1177.71,723,38,4,235.542,76.0,0.0,0.0,1,0
14742,344,1,579.85,374,34,1,579.85,344.0,0.0,0.0,1,1
14743,502,1,50.480000000000004,40,3,1,50.480000000000004,502.0,0.0,0.0,1,1
14744,207,12,3488.13,2291,53,6,290.6775,24.727272727272727,3.0,0.2,1,0
14745,22,12,2551.41,1969,74,7,212.61749999999998,47.63636363636363,5.0,0.29411764705882354,1,1
14746,315,4,593.5,398,7,1,148.375,5.666666666666667,0.0,0.0,1,1
14747,158,1,328.2,84,18,1,328.2,158.0,1.0,0.5,1,1
14748,33,9,2384.92,2260,118,7,264.99111111111114,65.125,6.0,0.4,1,0
14749,389,1,310.15,403,18,1,310.15,389.0,0.0,0.0,1,1
14750,645,1,112.03,65,32,1,112.03,645.0,0.0,0.0,1,1
14751,593,2,126.45,65,7,2,63.225,41.0,0.0,0.0,1,1
14753,370,1,306.36,201,18,1,306.36,370.0,0.0,0.0,1,0
14754,205,5,1138.15,697,90,5,227.63000000000002,98.75,1.0,0.16666666666666666,1,0
14755,22,21,7829.95,3423,202,17,372.8547619047619,31.15,5.0,0.19230769230769232,1,0
14756,292,2,1914.8,1007,68,2,957.4,41.0,1.0,0.3333333333333333,1,0
14758,54,7,2864.9700000000003,840,91,7,409.2814285714286,77.5,0.0,0.0,1,1
14759,22,2,870.85,247,47,2,435.425,119.0,0.0,0.0,1,0
14760,206,1,89.2,40,5,1,89.2,206.0,1.0,0.5,1,1
14761,244,2,289.52000000000004,146,20,2,144.76000000000002,109.0,0.0,0.0,1,0
14762,173,2,417.57,428,28,2,208.785,362.0,0.0,0.0,1,1
14765,21,2,95.5,22,8,2,47.75,63.0,0.0,0.0,1,0
14766,77,9,5433.68,3634,226,9,603.7422222222223,47.875,3.0,0.25,1,0
14767,383,1,382.81,117,18,1,382.81,383.0,0.0,0.0,1,1
14768,36,1,133.20000000000002,40,4,1,133.20000000000002,36.0,0.0,0.0,1,0
14769,17,15,11381.97,8148,625,13,758.798,43.92857142857143,3.0,0.16666666666666666,1,0
14770,141,8,3637.6400000000003,1598,152,7,454.70500000000004,59.857142857142854,1.0,0.1111111111111111,1,1
14771,530,2,594.62,622,46,2,297.31,115.0,1.0,0.3333333333333333,1,1
14772,21,1,139.26,82,9,1,139.26,21.0,0.0,0.0,1,1
14773,502,1,140.55,53,10,1,140.55,502.0,1.0,0.5,1,1
14774,438,1,241.45000000000002,99,13,1,241.45000000000002,438.0,0.0,0.0,1,1
14775,47,2,701.46,802,39,2,350.73,234.0,0.0,0.0,1,0
14776,14,12,3032.22,3754,68,9,252.68499999999997,31.0,3.0,0.2,1,0
14777,313,1,307.56,212,16,1,307.56,313.0,2.0,0.6666666666666666,1,1
14778,36,2,730.86,306,34,2,365.43,181.0,0.0,0.0,1,1
14779,190,3,386.15,84,40,2,128.71666666666667,21.5,0.0,0.0,1,1
14782,229,1,200.10000000000002,114,6,1,200.10000000000002,229.0,0.0,0.0,1,1
14783,568,1,307.3,262,17,1,307.3,568.0,1.0,0.5,1,1
14784,233,2,274.62,182,14,2,137.31,65.0,0.0,0.0,1,0
14786,459,1,90.96,112,7,1,90.96,459.0,0.0,0.0,1,1
14787,380,1,110.65,59,14,1,110.65,380.0,0.0,0.0,1,1
14788,505,1,476.88,298,28,1,476.88,505.0,0.0,0.0,1,0
14790,29,8,2145.6,2327,62,7,268.2,86.85714285714286,0.0,0.0,1,0
14791,516,1,303.63,127,19,1,303.63,516.0,0.0,0.0,1,1
14793,444,1,396.91,270,25,1,396.91,444.0,0.0,0.0,1,0
14794,113,7,1313.53,421,57,6,187.64714285714285,47.166666666666664,2.0,0.2222222222222222,1,0
14795,75,1,131.45000000000002,17,6,1,131.45000000000002,75.0,0.0,0.0,1,1
14796,4,24,8773.460000000001,6039,427,17,365.5608333333334,27.391304347826086,12.0,0.3333333333333333,1,0
14797,416,1,300.31,99,16,1,300.31,416.0,0.0,0.0,1,1
14798,53,7,647.97,555,26,6,92.56714285714285,84.0,1.0,0.125,1,0
14799,647,1,180.45000000000002,349,10,1,180.45000000000002,647.0,0.0,0.0,1,0
14800,19,14,6680.78,6008,301,10,477.1985714285714,25.0,5.0,0.2631578947368421,1,0
14803,71,3,845.5500000000001,370,35,3,281.85,65.0,0.0,0.0,1,1
14805,223,4,645.4,331,82,4,161.35,102.33333333333333,0.0,0.0,1,0
14806,348,1,110.04,93,9,1,110.04,348.0,0.0,0.0,1,0
14807,300,2,504.14,234,37,2,252.07,259.0,0.0,0.0,1,1
14808,53,6,1833.82,1241,146,2,305.63666666666666,5.6,4.0,0.4,1,0
14809,530,2,686.76,232,18,1,343.38,0.0,0.0,0.0,1,1
14810,13,12,2135.48,1059,116,9,177.95666666666668,29.545454545454547,0.0,0.0,1,0
14811,296,1,170.5,74,28,1,170.5,296.0,0.0,0.0,1,1
14812,508,1,178.85,135,36,1,178.85,508.0,0.0,0.0,1,1
14813,279,4,888.91,392,110,3,222.2275,80.33333333333333,0.0,0.0,1,1
14814,490,1,152.96,92,27,1,152.96,490.0,0.0,0.0,1,1
14816,106,1,271.85,5,4,1,271.85,106.0,0.0,0.0,1,1
14817,109,7,3959.86,2462,142,7,565.6942857142857,71.16666666666667,2.0,0.2222222222222222,1,1
14818,78,5,905.39,421,70,5,181.078,119.5,0.0,0.0,1,0
14819,101,3,269.06,109,43,3,89.68666666666667,262.5,0.0,0.0,1,0
14820,82,6,907.24,558,38,5,151.20666666666668,100.8,0.0,0.0,1,0
14821,276,7,1230.15,459,65,4,175.7357142857143,51.5,0.0,0.0,1,1
14822,394,1,157.7,94,9,1,157.7,394.0,0.0,0.0,1,1
14823,89,3,321.43,88,56,2,107.14333333333333,7.0,0.0,0.0,1,1
14824,0,7,3337.11,1646,82,6,476.73,91.0,2.0,0.2222222222222222,1,0
14825,37,19,3847.54,2325,178,13,202.5021052631579,26.88888888888889,3.0,0.13636363636363635,1,0
14826,491,2,385.2,152,10,2,192.6,113.0,0.0,0.0,1,1
14828,106,13,9839.460000000001,9718,72,11,756.8815384615385,44.583333333333336,1.0,0.07142857142857142,1,1
14829,93,6,1289.95,869,72,4,214.99166666666667,50.4,2.0,0.25,1,0
14831,589,3,1676.57,885,67,2,558.8566666666667,28.5,4.0,0.5714285714285714,1,1
14833,408,1,94.8,58,7,1,94.8,408.0,0.0,0.0,1,1
14834,29,3,915.16,318,34,3,305.05333333333334,143.0,1.0,0.25,1,0
14835,438,2,297.0,180,1,2,148.5,88.0,1.0,0.3333333333333333,1,1
14837,14,8,3156.38,2820,159,7,394.5475,82.71428571428571,3.0,0.2727272727272727,1,0
14838,332,2,769.9200000000001,361,69,2,384.96000000000004,313.0,0.0,0.0,1,1
14839,327,3,915.28,927,61,3,305.0933333333333,142.5,0.0,0.0,1,1
14840,177,2,362.71000000000004,179,20,2,181.35500000000002,271.0,1.0,0.3333333333333333,1,1
14841,88,12,6242.81,3621,182,9,520.2341666666667,50.63636363636363,0.0,0.0,1,0
14842,4,3,1901.52,711,86,3,633.84,106.0,2.0,0.4,1,0
14843,346,1,211.8,132,9,1,211.8,346.0,0.0,0.0,1,1
14844,32,9,5770.3,3837,140,7,641.1444444444445,60.375,2.0,0.18181818181818182,1,0
14845,509,1,150.0,600,1,1,150.0,509.0,0.0,0.0,1,1
14846,336,1,437.4,193,12,1,437.4,336.0,1.0,0.5,1,1
14847,58,3,1348.95,533,56,3,449.65000000000003,207.5,1.0,0.25,1,1
14848,314,1,310.56,260,11,1,310.56,314.0,0.0,0.0,1,1
14849,4,35,13261.6,10232,267,19,378.90285714285716,17.735294117647058,6.0,0.14634146341463414,1,0
14850,221,7,1770.96,1393,129,3,252.99428571428572,42.666666666666664,2.0,0.2222222222222222,1,1
14851,165,2,524.19,445,24,2,262.095,374.0,0.0,0.0,1,0
14852,5,17,5484.16,4009,126,11,322.5976470588235,34.1875,3.0,0.15,1,0
14853,120,4,1115.57,297,21,4,278.8925,131.33333333333334,1.0,0.2,1,0
14854,42,10,3844.86,2596,158,8,384.486,61.44444444444444,3.0,0.23076923076923078,1,0
14855,28,7,6520.3,3510,168,5,931.4714285714286,81.83333333333333,0.0,0.0,1,1
14857,57,6,3001.25,1804,148,4,500.2083333333333,97.2,3.0,0.3333333333333333,1,0
14858,415,1,180.75,105,11,1,180.75,415.0,0.0,0.0,1,1
14859,113,2,648.76,426,17,2,324.38,350.0,1.0,0.3333333333333333,1,0
14861,290,9,1254.94,959,58,7,139.4377777777778,43.75,4.0,0.3076923076923077,1,0
14862,58,1,304.1,430,21,1,304.1,58.0,0.0,0.0,1,0
14865,281,3,77.52,192,3,3,25.84,183.0,0.0,0.0,1,0
14866,15,9,7474.04,2887,34,5,830.4488888888889,42.25,0.0,0.0,1,0
14867,95,16,2952.06,996,67,11,184.50375,36.53333333333333,3.0,0.15789473684210525,1,1
14868,29,8,2527.4900000000002,1514,105,5,315.93625000000003,42.857142857142854,0.0,0.0,1,0
14869,12,5,2443.75,1935,171,5,488.75,155.0,2.0,0.2857142857142857,1,0
14870,171,6,1838.95,483,43,5,306.4916666666667,84.4,3.0,0.3333333333333333,1,1
14871,87,8,1062.19,376,101,7,132.77375,80.0,0.0,0.0,1,0
14872,393,3,816.6,662,34,3,272.2,74.5,1.0,0.25,1,1
14873,119,2,854.13,311,48,2,427.065,423.0,0.0,0.0,1,1
14874,444,1,116.18,148,6,1,116.18,444.0,0.0,0.0,1,1
14875,17,3,2862.4,1332,88,3,954.1333333333333,167.0,3.0,0.5,1,1
14876,430,2,256.7,162,12,2,128.35,40.0,0.0,0.0,1,1
14877,327,2,425.85,168,57,2,212.925,224.0,0.0,0.0,1,1
14878,83,22,3683.43,2244,150,15,167.42863636363634,23.0,3.0,0.12,1,0
14879,594,1,185.06,104,27,1,185.06,594.0,0.0,0.0,1,1
14880,94,2,347.67,237,25,2,173.835,103.0,0.0,0.0,1,0
14882,299,12,2956.95,1456,31,5,246.4125,20.727272727272727,1.0,0.07692307692307693,1,0
14883,73,2,358.48,322,25,2,179.24,47.0,0.0,0.0,1,0
14884,578,1,120.6,72,8,1,120.6,578.0,0.0,0.0,1,1
14885,41,3,1598.12,1308,24,3,532.7066666666666,167.0,1.0,0.25,1,1
14886,162,1,364.8,160,18,1,364.8,162.0,0.0,0.0,1,1
14888,116,1,369.2,184,20,1,369.2,116.0,0.0,0.0,1,1
14889,245,1,135.9,90,10,1,135.9,245.0,0.0,0.0,1,1
14890,163,3,817.25,636,55,3,272.4166666666667,203.0,0.0,0.0,1,1
14891,57,4,1106.73,788,55,4,276.6825,96.0,0.0,0.0,1,1
14892,600,1,202.35000000000002,79,13,1,202.35000000000002,600.0,0.0,0.0,1,1
14893,527,1,571.76,248,33,1,571.76,527.0,3.0,0.75,1,0
14894,352,2,837.0600000000001,338,23,2,418.53000000000003,294.0,2.0,0.5,1,0
14895,0,31,21955.62,9281,415,16,708.2458064516129,21.266666666666666,9.0,0.225,1,0
14896,114,8,1826.0,931,150,6,228.25,75.42857142857143,2.0,0.2,1,1
14897,206,5,1949.66,816,65,5,389.932,106.75,1.0,0.16666666666666666,1,0
14898,43,13,3087.82,2058,163,11,237.5246153846154,50.083333333333336,4.0,0.23529411764705882,1,0
14899,304,1,1331.38,570,126,1,1331.38,304.0,0.0,0.0,1,1
14900,431,1,13.919999999999998,48,1,1,13.919999999999998,431.0,0.0,0.0,1,1
14901,11,8,1319.83,628,80,5,164.97875,56.714285714285715,1.0,0.1111111111111111,1,0
14902,305,2,702.96,498,34,2,351.48,157.0,1.0,0.3333333333333333,1,0
14903,34,4,2398.62,1330,195,4,599.655,51.333333333333336,5.0,0.5555555555555556,1,0
14904,317,2,605.05,537,62,1,302.525,19.0,0.0,0.0,1,0
14905,67,8,1971.39,1009,45,8,246.42375,82.57142857142857,2.0,0.2,1,1
14907,8,14,4654.8,2199,142,6,332.4857142857143,38.69230769230769,5.0,0.2631578947368421,1,0
14908,372,1,104.10000000000001,50,5,1,104.10000000000001,372.0,0.0,0.0,1,0
14909,346,3,1404.68,888,61,3,468.2266666666667,113.0,2.0,0.4,1,1
14911,2,286,217670.41,111168,2179,22,761.0853496503497,2.263157894736842,91.0,0.2413793103448276,0,0
14912,156,4,1464.52,1292,36,3,366.13,114.66666666666667,4.0,0.5,0,0
14913,92,7,3762.85,3574,161,7,537.55,50.333333333333336,0.0,0.0,1,0
14915,0,11,1811.25,707,65,9,164.6590909090909,64.5,1.0,0.08333333333333333,1,1
14916,3,7,2741.73,2109,97,6,391.67571428571426,87.16666666666667,3.0,0.3,1,0
14917,506,2,1123.75,891,29,1,561.875,0.0,0.0,0.0,1,1
14918,25,9,5955.81,2551,79,8,661.7566666666667,61.875,0.0,0.0,1,1
14919,448,1,359.35,129,13,1,359.35,448.0,0.0,0.0,1,1
14920,122,3,1607.17,886,90,2,535.7233333333334,176.0,0.0,0.0,1,1
14921,110,1,903.01,631,53,1,903.01,110.0,0.0,0.0,1,0
14922,303,2,843.74,376,49,2,421.87,114.0,0.0,0.0,1,1
14924,155,3,931.01,312,30,3,310.33666666666664,196.5,0.0,0.0,1,1
14926,291,2,359.4,204,2,2,179.7,216.0,1.0,0.3333333333333333,1,1
14927,306,1,308.2,196,20,1,308.2,306.0,0.0,0.0,1,1
14928,537,1,223.91000000000003,268,21,1,223.91000000000003,537.0,1.0,0.5,1,1
14929,331,1,612.8100000000001,351,23,1,612.8100000000001,331.0,0.0,0.0,1,0
14930,18,6,5236.7300000000005,2193,213,5,872.7883333333334,99.4,3.0,0.3333333333333333,0,1
14931,150,1,293.0,97,9,1,293.0,150.0,1.0,0.5,0,0
14932,275,2,666.13,257,29,2,333.065,20.0,0.0,0.0,0,1
14933,353,4,1770.0,600,1,1,442.5,0.0,1.0,0.2,0,1
14934,192,4,2441.4,1517,89,3,610.35,52.666666666666664,3.0,0.42857142857142855,0,0
14935,206,2,2849.83,1931,25,2,1424.915,322.0,0.0,0.0,0,1
14936,18,7,9346.67,4541,195,6,1335.2385714285715,79.16666666666667,1.0,0.125,0,0
14937,39,1,759.56,172,13,1,759.56,39.0,1.0,0.5,0,0
14938,471,2,2322.43,1369,71,1,1161.215,0.0,2.0,0.5,0,1
14940,327,2,531.49,384,32,2,265.745,315.0,0.0,0.0,1,1
14941,488,1,182.1,80,7,1,182.1,488.0,0.0,0.0,1,1
14942,311,4,746.56,354,12,4,186.64,109.33333333333333,1.0,0.2,1,1
14943,572,1,107.62,46,5,1,107.62,572.0,0.0,0.0,1,1
14944,4,14,7048.610000000001,3748,161,10,503.4721428571429,43.53846153846154,4.0,0.2222222222222222,1,0
14945,323,1,179.4,156,11,1,179.4,323.0,0.0,0.0,1,1
14947,40,5,937.47,355,43,5,187.494,123.25,0.0,0.0,1,0
14948,7,4,639.23,453,39,4,159.8075,40.0,0.0,0.0,1,0
14949,378,4,515.0,250,16,4,128.75,84.0,2.0,0.3333333333333333,1,1
14952,116,28,13064.47,5409,209,13,466.5882142857143,19.59259259259259,10.0,0.2631578947368421,1,0
14953,327,3,683.15,788,152,2,227.71666666666667,8.5,1.0,0.25,1,0
14954,612,1,167.27,92,41,1,167.27,612.0,0.0,0.0,1,0
14955,642,1,163.77,74,30,1,163.77,642.0,0.0,0.0,1,1
14956,330,1,1325.0,2500,4,1,1325.0,330.0,0.0,0.0,1,1
14957,162,2,261.69,97,27,2,130.845,391.0,0.0,0.0,1,1
14958,56,6,941.99,248,52,6,156.99833333333333,117.6,0.0,0.0,1,1
14959,19,3,537.32,400,33,3,179.10666666666668,93.0,0.0,0.0,1,0
14960,80,1,88.3,20,2,1,88.3,80.0,0.0,0.0,1,0
14961,0,20,14283.4,7333,297,11,714.17,33.89473684210526,6.0,0.23076923076923078,1,0
14962,180,4,366.91,123,14,3,91.7275,104.33333333333333,0.0,0.0,1,1
14963,93,8,1945.43,1295,215,5,243.17875,48.714285714285715,1.0,0.1111111111111111,1,0
14964,156,1,206.21,143,13,1,206.21,156.0,0.0,0.0,1,1
14965,5,2,596.09,363,80,1,298.045,0.0,0.0,0.0,1,1
14966,296,5,881.24,881,93,2,176.248,84.0,0.0,0.0,1,0
14967,351,5,1518.81,512,19,3,303.762,73.5,1.0,0.16666666666666666,1,0
14968,367,1,349.9,129,46,1,349.9,367.0,0.0,0.0,1,0
14969,613,1,906.23,665,13,1,906.23,613.0,0.0,0.0,1,1
14970,46,11,4447.04,897,57,8,404.2763636363636,52.6,4.0,0.26666666666666666,1,0
14972,37,2,145.07,40,20,2,72.535,252.0,0.0,0.0,1,1
14973,16,3,1314.45,369,29,3,438.15000000000003,59.0,0.0,0.0,1,1
14975,330,1,192.45,127,15,1,192.45,330.0,0.0,0.0,1,0
14976,10,4,559.96,162,38,4,139.99,75.0,1.0,0.2,1,0
14977,635,1,31.93,17,4,1,31.93,635.0,0.0,0.0,1,1
14978,145,9,2718.05,628,159,7,302.0055555555556,44.375,2.0,0.18181818181818182,1,0
14979,644,1,429.66,209,42,1,429.66,644.0,0.0,0.0,1,1
14980,646,1,150.68,79,24,1,150.68,646.0,0.0,0.0,1,1
14981,155,2,372.92,241,20,2,186.46,177.0,1.0,0.3333333333333333,1,1
14982,481,1,234.88,123,38,1,234.88,481.0,0.0,0.0,1,1
14983,598,1,183.20000000000002,90,30,1,183.20000000000002,598.0,0.0,0.0,1,1
14984,90,5,1160.37,310,27,4,232.07399999999998,129.0,0.0,0.0,1,0
14985,107,2,292.01,256,78,2,146.005,159.0,0.0,0.0,1,1
14986,285,2,563.1,338,87,2,281.55,307.0,0.0,0.0,1,1
14987,275,7,1387.4499999999998,543,4,3,198.20714285714283,61.833333333333336,1.0,0.125,1,0
14988,121,7,2038.65,1260,171,5,291.2357142857143,65.0,0.0,0.0,1,1
14989,571,1,342.4,200,18,1,342.4,571.0,0.0,0.0,1,1
14990,521,2,304.17,129,41,2,152.085,118.0,0.0,0.0,1,1
14991,339,1,314.67,191,21,1,314.67,339.0,0.0,0.0,1,1
14992,351,1,210.5,145,27,1,210.5,351.0,0.0,0.0,1,1
14993,473,1,36.13,21,9,1,36.13,473.0,0.0,0.0,1,1
14994,291,5,942.77,566,232,4,188.554,60.0,3.0,0.375,1,1
14995,189,1,119.31,51,37,1,119.31,189.0,0.0,0.0,1,0
14996,390,2,442.28999999999996,404,37,1,221.14499999999998,0.0,0.0,0.0,1,1
14997,87,2,385.68,600,20,2,192.84,477.0,0.0,0.0,1,0
14998,79,4,753.18,352,111,4,188.295,145.0,0.0,0.0,1,1
14999,502,1,129.48000000000002,88,9,1,129.48000000000002,502.0,0.0,0.0,1,1
15001,303,2,197.10999999999999,69,43,1,98.55499999999999,0.0,0.0,0.0,1,1
15002,25,9,4138.08,2214,220,8,459.78666666666663,72.5,0.0,0.0,1,1
15003,382,6,1027.03,525,253,4,171.17166666666665,41.8,1.0,0.14285714285714285,1,1
15004,56,1,1220.38,622,153,1,1220.38,56.0,0.0,0.0,1,1
15005,5,48,11964.76,7451,523,22,249.26583333333335,13.659574468085106,19.0,0.2835820895522388,1,0
15006,362,1,277.4,101,47,1,277.4,362.0,0.0,0.0,1,0
15007,68,1,156.91,69,12,1,156.91,68.0,0.0,0.0,1,1
15008,389,2,360.0,1500,6,2,180.0,157.0,0.0,0.0,1,1
15011,305,2,416.6,289,17,2,208.3,20.0,0.0,0.0,1,1
15012,283,2,429.78,242,107,2,214.89,203.0,0.0,0.0,1,0
15013,397,10,1610.82,1715,177,8,161.082,21.0,0.0,0.0,1,1
15014,85,1,117.72999999999999,68,2,1,117.72999999999999,85.0,0.0,0.0,1,0
15015,410,13,2344.47,1559,157,7,180.34384615384613,18.583333333333332,7.0,0.35,1,1
15016,82,5,620.89,243,93,4,124.178,92.5,1.0,0.16666666666666666,1,1
15018,162,2,291.34000000000003,94,17,2,145.67000000000002,114.0,1.0,0.3333333333333333,1,0
15019,176,1,252.81,150,64,1,252.81,176.0,0.0,0.0,1,1
15020,288,1,198.47,111,27,1,198.47,288.0,0.0,0.0,1,1
15021,66,8,1709.05,765,289,7,213.63125,48.714285714285715,4.0,0.3333333333333333,1,0
15022,586,1,281.05,113,19,1,281.05,586.0,0.0,0.0,1,0
15023,25,17,9863.06,4114,424,14,580.18,34.8125,3.0,0.15,1,0
15024,22,11,2753.58,1426,130,5,250.32545454545453,31.1,0.0,0.0,1,0
15025,477,1,609.88,318,71,1,609.88,477.0,0.0,0.0,1,0
15026,149,4,810.6700000000001,451,83,4,202.66750000000002,69.33333333333333,0.0,0.0,1,0
15027,77,9,3096.42,2740,67,6,344.0466666666667,56.875,3.0,0.25,1,0
15028,278,3,521.78,333,45,2,173.92666666666665,12.5,0.0,0.0,1,0
15029,529,1,365.1,234,10,1,365.1,529.0,1.0,0.5,1,1
15030,177,7,1614.39,1009,21,5,230.62714285714287,62.666666666666664,1.0,0.125,1,0
15031,19,12,2711.54,1291,213,9,225.96166666666667,56.45454545454545,2.0,0.14285714285714285,1,0
15032,165,8,11010.05,6601,39,7,1376.25625,67.42857142857143,2.0,0.2,1,1
15033,18,6,1605.65,901,202,5,267.60833333333335,44.0,1.0,0.14285714285714285,1,0
15034,142,11,6597.42,3661,308,9,599.7654545454545,34.4,1.0,0.08333333333333333,1,0
15036,86,2,212.49,143,49,1,106.245,2.0,0.0,0.0,1,0
15037,285,2,397.76,298,40,1,198.88,0.0,0.0,0.0,1,1
15038,97,7,958.49,292,176,6,136.92714285714285,39.5,0.0,0.0,1,0
15039,1,84,37759.54,17114,542,22,449.5183333333333,7.674698795180723,14.0,0.14285714285714285,1,0
15040,451,1,7.49,1,1,1,7.49,451.0,0.0,0.0,1,1
15041,79,2,288.98,192,97,2,144.49,274.0,0.0,0.0,1,1
15042,108,2,315.45,238,9,2,157.725,396.0,0.0,0.0,1,1
15043,372,5,2318.3199999999997,707,38,4,463.66399999999993,17.25,0.0,0.0,1,0
15044,45,28,13286.960000000001,3991,268,17,474.5342857142858,21.703703703703702,11.0,0.28205128205128205,1,0
15045,61,2,735.66,114,11,2,367.83,105.0,1.0,0.3333333333333333,1,1
15046,6,21,6458.1,3748,225,16,307.52857142857147,29.85,3.0,0.125,1,0
15047,179,1,343.62,222,22,1,343.62,179.0,0.0,0.0,1,1
15048,26,3,321.48,170,74,3,107.16000000000001,125.5,1.0,0.25,1,0
15049,183,1,121.17000000000002,63,3,1,121.17000000000002,183.0,0.0,0.0,1,1
15050,330,2,2349.5,1384,58,2,1174.75,59.0,0.0,0.0,1,0
15051,59,7,2921.29,2393,133,7,417.32714285714286,98.0,1.0,0.125,1,0
15052,228,1,207.73000000000002,79,27,1,207.73000000000002,228.0,0.0,0.0,1,1
15053,65,2,478.6,514,28,2,239.3,125.0,0.0,0.0,1,0
15055,384,3,549.12,225,77,3,183.04,124.0,0.0,0.0,1,1
15056,429,1,113.65,69,6,1,113.65,429.0,0.0,0.0,1,1
15057,184,5,3255.96,1394,62,5,651.192,114.5,1.0,0.16666666666666666,1,1
15058,34,12,2519.8,1198,169,9,209.98333333333335,48.0,1.0,0.07692307692307693,1,0
15059,16,17,3161.28,1398,282,13,185.95764705882354,39.125,8.0,0.32,1,0
15061,37,116,108428.43,64552,119,20,934.7278448275862,5.304347826086956,10.0,0.07936507936507936,1,0
15062,127,7,2411.8,1650,95,6,344.54285714285714,65.33333333333333,0.0,0.0,1,0
15063,122,1,370.79999999999995,56,5,1,370.79999999999995,122.0,0.0,0.0,1,1
15064,319,4,1254.41,810,75,4,313.6025,102.0,0.0,0.0,1,1
15065,74,4,3027.48,1244,140,4,756.87,82.0,2.0,0.3333333333333333,1,0
15067,192,3,2966.17,1532,125,3,988.7233333333334,162.0,1.0,0.25,1,0
15068,165,3,861.5,598,139,3,287.1666666666667,182.5,0.0,0.0,1,0
15069,88,1,1109.53,520,70,1,1109.53,88.0,0.0,0.0,1,1
15070,282,3,737.0500000000001,339,26,3,245.68333333333337,175.5,0.0,0.0,1,1
15071,3,4,1455.5600000000002,416,41,4,363.89000000000004,158.66666666666666,0.0,0.0,1,1
15072,388,1,187.52,164,13,1,187.52,388.0,0.0,0.0,1,1
15073,95,7,2606.57,1347,109,5,372.3671428571429,82.66666666666667,1.0,0.125,1,0
15074,14,3,1553.13,1039,63,3,517.71,181.0,0.0,0.0,1,1
15076,82,3,1447.74,866,68,3,482.58,174.5,2.0,0.4,1,1
15077,404,2,2428.08,528,28,2,1214.04,235.0,2.0,0.5,1,1
15078,15,42,14236.210000000001,7058,103,19,338.95738095238096,15.341463414634147,11.0,0.20754716981132076,1,0
15079,122,11,3625.4,1459,119,8,329.58181818181816,51.9,6.0,0.35294117647058826,1,1
15080,337,2,546.25,287,31,2,273.125,74.0,0.0,0.0,1,1
15081,117,9,1597.82,672,65,8,177.53555555555556,40.875,1.0,0.1,1,0
15082,578,1,93.35000000000001,43,6,1,93.35000000000001,578.0,0.0,0.0,1,1
15083,166,1,88.2,38,5,1,88.2,166.0,0.0,0.0,1,1
15084,289,2,965.1999999999999,600,31,2,482.59999999999997,266.0,0.0,0.0,1,1
15085,639,1,347.54,169,9,1,347.54,639.0,0.0,0.0,1,1
15086,474,2,218.53,95,10,2,109.265,60.0,0.0,0.0,1,1
15087,191,1,306.94,470,15,1,306.94,191.0,0.0,0.0,1,1
15089,3,3,2036.28,1189,117,2,678.76,17.0,0.0,0.0,1,0
15090,217,1,381.32,208,23,1,381.32,217.0,0.0,0.0,1,1
15091,584,2,565.9,236,27,1,282.95,0.0,2.0,0.5,1,0
15092,124,3,776.46,230,39,3,258.82,123.5,1.0,0.25,1,1
15093,26,22,13132.460000000001,10297,104,16,596.9300000000001,29.238095238095237,11.0,0.3333333333333333,1,0
15094,372,2,83.0,28,4,2,41.5,181.0,0.0,0.0,1,1
15095,13,10,3141.64,2233,90,8,314.164,64.88888888888889,1.0,0.09090909090909091,1,1
15097,492,2,660.27,254,39,1,330.135,0.0,2.0,0.5,1,0
15098,91,3,39916.5,121,1,1,13305.5,0.0,2.0,0.4,1,1
15100,243,7,2193.8999999999996,270,11,4,313.41428571428565,61.166666666666664,7.0,0.5,1,1
15101,268,5,1262.69,469,48,4,252.538,57.5,5.0,0.5,1,0
15102,440,2,554.67,339,26,1,277.335,16.0,0.0,0.0,1,1
15104,106,2,993.54,635,66,2,496.77,85.0,1.0,0.3333333333333333,1,1
15105,44,3,1328.96,810,67,3,442.9866666666667,245.5,0.0,0.0,1,0
15106,50,3,1032.83,822,67,3,344.27666666666664,64.0,1.0,0.25,1,0
15107,220,9,824.35,330,32,5,91.59444444444445,17.5,3.0,0.25,1,1
15108,51,3,1159.25,490,49,3,386.4166666666667,42.5,1.0,0.25,0,1
15109,155,3,983.1,258,46,3,327.7,244.5,1.0,0.25,1,1
15110,36,4,886.3000000000001,212,20,4,221.57500000000002,119.33333333333333,2.0,0.3333333333333333,1,0
15111,282,3,1163.39,454,60,3,387.7966666666667,109.5,0.0,0.0,1,0
15112,520,1,209.4,72,7,1,209.4,520.0,0.0,0.0,1,1
15114,2,9,2318.53,2253,94,9,257.6144444444445,40.875,0.0,0.0,1,0
15115,642,1,191.74,88,14,1,191.74,642.0,1.0,0.5,1,0
15116,44,2,790.97,255,20,2,395.485,70.0,0.0,0.0,1,0
15117,30,5,1609.92,2230,65,4,321.98400000000004,128.25,0.0,0.0,1,0
15118,43,1,244.8,1440,1,1,244.8,43.0,0.0,0.0,1,1
15119,155,1,266.4,88,14,1,266.4,155.0,0.0,0.0,1,1
15120,43,1,358.82,296,21,1,358.82,43.0,1.0,0.5,1,1
15121,198,1,295.15,125,18,1,295.15,198.0,0.0,0.0,1,0
15122,23,11,4487.27,2033,155,9,407.9336363636364,50.5,4.0,0.26666666666666666,1,1
15123,115,4,3526.33,1838,113,4,881.5825,142.33333333333334,0.0,0.0,1,0
15124,101,3,357.38,318,25,3,119.12666666666667,229.5,0.0,0.0,1,0
15125,22,21,16291.87,8149,146,11,775.8033333333334,25.25,10.0,0.3225806451612903,1,0
15126,446,2,449.49,273,25,2,224.745,150.0,0.0,0.0,1,1
15127,429,1,304.97,213,12,1,304.97,429.0,0.0,0.0,1,0
15128,36,4,1482.92,1247,80,4,370.73,101.0,4.0,0.5,1,0
15129,16,22,6209.51,3829,80,14,282.25045454545455,23.952380952380953,0.0,0.0,1,0
15130,79,1,330.11,197,22,1,330.11,79.0,0.0,0.0,1,1
15131,304,1,80.28,88,7,1,80.28,304.0,0.0,0.0,1,1
15132,15,3,842.23,633,47,3,280.74333333333334,78.0,0.0,0.0,1,0
15133,37,5,1806.9,960,45,5,361.38,98.0,0.0,0.0,1,1
15134,36,6,823.16,560,31,6,137.19333333333333,59.0,0.0,0.0,1,0
15135,148,2,305.68,84,17,2,152.84,317.0,1.0,0.3333333333333333,1,1
15136,5,1,582.9,374,29,1,582.9,5.0,0.0,0.0,1,0
15137,430,2,823.4,596,34,2,411.7,159.0,3.0,0.6,1,1
15138,303,1,502.52,300,31,1,502.52,303.0,1.0,0.5,1,1
15139,149,2,178.96,208,13,2,89.48,96.0,0.0,0.0,1,1
15140,25,6,2617.55,1704,82,5,436.2583333333334,65.2,1.0,0.14285714285714285,1,0
15141,367,7,1388.47,1197,44,5,198.35285714285715,27.166666666666668,2.0,0.2222222222222222,1,1
15142,319,5,2121.18,1790,97,3,424.236,22.5,1.0,0.16666666666666666,1,0
15143,135,2,563.63,320,27,2,281.815,206.0,0.0,0.0,1,1
15144,2,22,9140.710000000001,4121,170,14,415.48681818181825,30.19047619047619,4.0,0.15384615384615385,1,0
15145,136,2,724.03,438,35,1,362.015,21.0,0.0,0.0,1,0
15146,74,2,1327.16,1473,90,2,663.58,126.0,1.0,0.3333333333333333,1,1
15147,149,1,623.5,366,28,1,623.5,149.0,1.0,0.5,1,1
15149,43,4,1524.6100000000001,379,61,3,381.15250000000003,171.66666666666666,0.0,0.0,1,1
15150,18,8,7256.2300000000005,4999,441,6,907.0287500000001,62.0,0.0,0.0,1,0
15151,332,2,2085.61,795,56,2,1042.805,86.0,0.0,0.0,1,1
15152,22,7,2901.35,1463,131,4,414.4785714285714,97.83333333333333,4.0,0.36363636363636365,1,0
15154,387,2,1089.44,244,101,1,544.72,0.0,0.0,0.0,1,0
15155,292,1,383.96999999999997,192,24,1,383.96999999999997,292.0,0.0,0.0,1,1
15157,63,4,2223.41,2984,116,4,555.8525,191.33333333333334,2.0,0.3333333333333333,1,0
15158,310,1,204.62,21,4,1,204.62,310.0,1.0,0.5,1,0
15159,22,22,12445.69,7737,271,10,565.7131818181819,15.19047619047619,2.0,0.08333333333333333,1,0
15160,266,4,589.27,307,17,3,147.3175,21.0,0.0,0.0,1,1
15161,297,1,119.92,144,33,1,119.92,297.0,0.0,0.0,1,1
15162,640,1,312.9,74,12,1,312.9,640.0,1.0,0.5,1,1
15163,101,1,155.0,48,10,1,155.0,101.0,0.0,0.0,1,0
15164,117,8,1566.76,703,223,8,195.845,68.71428571428571,1.0,0.1111111111111111,1,0
15165,282,1,487.75,160,27,1,487.75,282.0,0.0,0.0,1,1
15166,377,1,167.16,140,12,1,167.16,377.0,0.0,0.0,1,1
15167,230,5,1627.62,863,262,4,325.524,88.0,0.0,0.0,1,1
15169,291,2,569.22,356,58,2,284.61,344.0,0.0,0.0,1,1
15170,316,1,81.15,33,4,1,81.15,316.0,0.0,0.0,1,1
15171,240,1,1289.5,290,5,1,1289.5,240.0,1.0,0.5,1,1
15172,45,3,886.74,838,60,3,295.58,50.0,0.0,0.0,1,0
15173,290,7,1494.6,840,68,5,213.5142857142857,39.333333333333336,1.0,0.125,1,1
15174,232,2,481.46,382,34,2,240.73,87.0,0.0,0.0,1,1
15176,577,1,988.0400000000001,448,52,1,988.0400000000001,577.0,1.0,0.5,1,1
15177,335,1,948.9300000000001,485,26,1,948.9300000000001,335.0,0.0,0.0,1,1
15178,169,1,40.5,30,3,1,40.5,169.0,0.0,0.0,1,1
15179,143,11,6740.09,4772,190,10,612.7354545454546,50.2,3.0,0.21428571428571427,1,0
15180,276,3,816.9300000000001,654,46,3,272.31,110.5,0.0,0.0,1,1
15181,84,4,945.72,396,14,4,236.43,185.0,3.0,0.42857142857142855,1,0
15182,63,11,2998.9500000000003,1184,77,7,272.63181818181823,50.2,3.0,0.21428571428571427,1,1
15183,457,3,639.93,297,33,2,213.30999999999997,18.0,1.0,0.25,1,1
15184,100,3,518.42,336,34,3,172.80666666666664,266.5,0.0,0.0,1,0
15186,77,4,1221.05,663,26,4,305.2625,176.0,0.0,0.0,1,0
15187,5,5,1868.88,800,36,5,373.776,29.0,1.0,0.16666666666666666,1,0
15188,634,1,310.43,233,23,1,310.43,634.0,0.0,0.0,1,1
15189,0,38,13934.76,5380,84,13,366.7042105263158,11.297297297297296,12.0,0.24,1,0
15190,343,1,834.4399999999999,790,40,1,834.4399999999999,343.0,0.0,0.0,1,1
15191,372,3,588.05,287,33,2,196.01666666666665,112.5,0.0,0.0,1,1
15192,29,5,1666.39,1448,56,5,333.278,140.0,0.0,0.0,1,1
15194,36,24,8874.53,6502,227,14,369.77208333333334,26.52173913043478,10.0,0.29411764705882354,1,0
15196,342,2,313.7,130,34,2,156.85,293.0,0.0,0.0,1,1
15197,162,5,1571.1499999999999,791,35,5,314.22999999999996,118.75,3.0,0.375,1,0
15198,1,5,571.35,327,28,5,114.27000000000001,149.25,1.0,0.16666666666666666,1,1
15199,4,9,2821.4500000000003,803,17,9,313.49444444444447,60.0,0.0,0.0,1,0
15200,404,1,549.0500000000001,195,30,1,549.0500000000001,404.0,0.0,0.0,1,1
15201,35,6,1539.67,1364,38,5,256.6116666666667,96.8,5.0,0.45454545454545453,1,0
15203,15,13,3900.7,3768,141,12,300.05384615384617,52.083333333333336,0.0,0.0,1,0
15204,266,1,316.58,258,9,1,316.58,266.0,0.0,0.0,1,1
15205,36,1,476.29999999999995,196,24,1,476.29999999999995,36.0,1.0,0.5,1,0
15206,9,3,236.70000000000002,90,3,3,78.9,88.0,0.0,0.0,1,0
15207,325,3,683.92,428,19,2,227.97333333333333,65.0,2.0,0.4,1,1
15208,72,3,423.92,194,19,3,141.30666666666667,130.0,0.0,0.0,1,0
15209,639,1,178.98000000000002,94,13,1,178.98000000000002,639.0,0.0,0.0,1,1
15210,134,3,1176.19,841,66,3,392.06333333333333,175.0,0.0,0.0,1,1
15211,274,1,383.07,117,23,1,383.07,274.0,0.0,0.0,1,0
15212,150,2,208.28,84,7,2,104.14,135.0,1.0,0.3333333333333333,1,1
15213,228,2,328.35,272,22,1,164.175,11.0,1.0,0.3333333333333333,1,1
15214,93,2,651.63,556,46,2,325.815,58.0,0.0,0.0,1,0
15215,6,5,1987.53,643,71,5,397.506,129.0,3.0,0.375,1,0
15216,528,1,389.49,189,22,1,389.49,528.0,0.0,0.0,1,0
15217,472,1,426.24,190,28,1,426.24,472.0,0.0,0.0,1,1
15218,26,19,9562.29,5447,131,14,503.27842105263164,31.444444444444443,3.0,0.13636363636363635,1,0
15219,85,2,685.45,271,26,2,342.725,472.0,0.0,0.0,1,1
15220,24,5,1284.05,1137,84,5,256.81,41.25,1.0,0.16666666666666666,1,0
15221,275,4,2062.2,244,21,4,515.55,90.33333333333333,3.0,0.42857142857142855,1,1
15222,228,11,3550.91,4458,98,8,322.81,40.4,6.0,0.35294117647058826,1,1
15223,135,5,1417.95,385,26,4,283.59000000000003,127.25,1.0,0.16666666666666666,1,1
15224,267,5,871.36,443,24,4,174.272,83.5,3.0,0.375,1,1
15225,143,1,409.40000000000003,226,23,1,409.40000000000003,143.0,0.0,0.0,1,1
15226,220,1,154.41,71,8,1,154.41,220.0,0.0,0.0,1,1
15227,125,7,2145.91,1056,79,7,306.5585714285714,69.66666666666667,0.0,0.0,1,0
15228,39,5,4417.59,2625,163,5,883.518,92.5,1.0,0.16666666666666666,1,0
15229,495,1,160.5,114,9,1,160.5,495.0,0.0,0.0,1,1
15230,148,2,429.6,351,23,1,214.8,1.0,0.0,0.0,1,1
15231,530,1,250.26000000000002,190,14,1,250.26000000000002,530.0,1.0,0.5,1,1
15232,22,2,612.06,686,26,2,306.03,27.0,0.0,0.0,1,1
15233,310,1,59.400000000000006,12,1,1,59.400000000000006,310.0,0.0,0.0,1,1
15234,186,1,197.0,196,14,1,197.0,186.0,0.0,0.0,1,1
15235,127,16,2772.76,1676,161,6,173.2975,11.333333333333334,0.0,0.0,1,1
15236,208,1,321.05,269,15,1,321.05,208.0,0.0,0.0,1,1
15237,112,2,1093.65,798,74,2,546.825,23.0,0.0,0.0,1,0
15238,4,2,772.78,577,37,2,386.39,88.0,2.0,0.5,1,0
15240,101,10,3798.79,2600,108,9,379.879,60.22222222222222,8.0,0.4444444444444444,1,0
15241,36,9,2638.58,3068,112,8,293.17555555555555,65.875,1.0,0.1,1,0
15242,331,1,302.04,196,4,1,302.04,331.0,0.0,0.0,1,1
15243,344,1,610.6,358,39,1,610.6,344.0,0.0,0.0,1,0
15244,157,2,578.45,307,28,2,289.225,418.0,1.0,0.3333333333333333,1,0
15245,43,8,4610.84,3021,72,7,576.355,65.85714285714286,0.0,0.0,1,1
15246,147,3,780.4,359,45,3,260.1333333333333,158.5,0.0,0.0,1,1
15247,31,3,976.06,514,13,3,325.3533333333333,207.0,1.0,0.25,1,1
15248,320,3,1893.93,1065,103,3,631.3100000000001,61.0,1.0,0.25,1,1
15249,1,16,8216.880000000001,4474,282,11,513.5550000000001,35.4,3.0,0.15789473684210525,1,0
15250,550,1,60.0,48,3,1,60.0,550.0,0.0,0.0,1,1
15251,0,18,19535.37,11641,178,14,1085.2983333333332,34.588235294117645,8.0,0.3076923076923077,1,0
15252,92,4,1663.18,1007,82,4,415.795,142.66666666666666,2.0,0.3333333333333333,1,0
15253,79,4,1310.74,933,67,4,327.685,139.0,3.0,0.42857142857142855,1,0
15254,36,3,1088.35,711,64,3,362.7833333333333,216.5,1.0,0.25,1,1
15255,305,8,2815.17,1725,101,6,351.89625,48.57142857142857,2.0,0.2,1,0
15256,58,2,170.4,92,6,2,85.2,413.0,0.0,0.0,1,1
15257,192,2,685.9,71,11,2,342.95,130.0,1.0,0.3333333333333333,1,1
15258,78,2,623.16,142,32,2,311.58,48.0,0.0,0.0,1,1
15259,422,4,1182.3799999999999,631,50,3,295.59499999999997,56.333333333333336,0.0,0.0,1,1
15260,9,25,8767.73,4468,186,16,350.7092,26.375,5.0,0.16666666666666666,1,1
15261,44,4,1508.0,806,87,3,377.0,99.66666666666667,0.0,0.0,1,1
15262,233,3,418.82,218,22,3,139.60666666666665,82.0,0.0,0.0,1,1
15263,16,1,156.51,89,12,1,156.51,16.0,0.0,0.0,1,1
15264,439,1,454.66,178,32,1,454.66,439.0,1.0,0.5,1,0
15265,60,4,3345.64,1570,179,4,836.41,195.33333333333334,0.0,0.0,1,1
15266,247,5,852.21,236,38,4,170.442,90.75,1.0,0.16666666666666666,1,1
15267,65,2,1407.76,704,7,2,703.88,27.0,0.0,0.0,1,0
15268,388,3,961.9000000000001,428,21,2,320.6333333333334,63.0,1.0,0.25,1,1
15269,289,2,816.5600000000001,346,32,1,408.28000000000003,10.0,0.0,0.0,1,0
15270,27,19,7995.66,3506,66,8,420.82421052631577,33.55555555555556,10.0,0.3448275862068966,1,0
15271,4,19,3627.78,1947,314,11,190.93578947368422,22.0,1.0,0.05,1,0
15272,359,4,1309.01,355,209,4,327.2525,71.0,0.0,0.0,1,0
15273,509,1,228.96,216,1,1,228.96,509.0,0.0,0.0,1,1
15276,303,3,491.17,256,115,2,163.72333333333333,20.0,1.0,0.25,1,0
15277,334,1,220.44,168,14,1,220.44,334.0,0.0,0.0,1,0
15278,471,4,496.16,458,29,2,124.04,34.333333333333336,0.0,0.0,1,1
15279,264,5,1580.54,802,74,5,316.108,80.25,2.0,0.2857142857142857,1,1
15280,81,3,397.52,507,48,3,132.50666666666666,199.5,0.0,0.0,1,1
15281,46,15,8403.2,5150,421,7,560.2133333333334,20.714285714285715,6.0,0.2857142857142857,1,0
15282,479,1,348.59,395,27,1,348.59,479.0,0.0,0.0,1,1
15283,299,3,148.32999999999998,27,9,3,49.44333333333333,63.5,1.0,0.25,1,1
15284,409,1,24.75,5,1,1,24.75,409.0,0.0,0.0,1,1
15285,317,1,94.92,120,6,1,94.92,317.0,0.0,0.0,1,1
15287,289,3,369.34000000000003,577,13,3,123.11333333333334,178.5,0.0,0.0,1,0
15288,65,9,3406.37,1279,123,8,378.48555555555555,63.625,0.0,0.0,1,0
15289,47,4,1351.29,1387,65,4,337.8225,161.0,2.0,0.3333333333333333,1,0
15290,13,20,5945.65,3789,66,15,297.28249999999997,28.94736842105263,3.0,0.13043478260869565,1,0
15291,4,36,12489.48,4258,111,16,346.93,18.314285714285713,13.0,0.2653061224489796,1,0
15292,110,1,178.39,55,24,1,178.39,110.0,0.0,0.0,1,1
15293,575,1,247.5,178,19,1,247.5,575.0,0.0,0.0,1,1
15294,320,1,233.35,97,15,1,233.35,320.0,1.0,0.5,1,1
15295,563,1,207.04,139,50,1,207.04,563.0,0.0,0.0,1,1
15296,18,11,9249.66,4961,334,8,840.8781818181818,57.8,5.0,0.3125,1,0
15298,2,18,7620.09,5004,180,16,423.33833333333337,37.529411764705884,5.0,0.21739130434782608,1,0
15299,173,7,4084.5299999999997,2985,6,5,583.5042857142856,72.16666666666667,5.0,0.4166666666666667,1,0
15301,23,14,5587.12,3010,202,10,399.08,25.846153846153847,1.0,0.06666666666666667,1,0
15302,639,1,308.0,102,15,1,308.0,639.0,1.0,0.5,1,1
15303,199,3,1224.18,514,63,3,408.06,196.5,1.0,0.25,1,1
15304,74,7,593.9,82,8,6,84.84285714285714,42.666666666666664,2.0,0.2222222222222222,1,0
15305,464,1,93.6,40,5,1,93.6,464.0,0.0,0.0,1,1
15306,2,8,2967.4500000000003,2776,99,6,370.93125000000003,80.85714285714286,1.0,0.1111111111111111,1,0
15307,5,1,205.3,37,12,1,205.3,5.0,0.0,0.0,1,1
15308,183,1,310.47,175,19,1,310.47,183.0,1.0,0.5,1,1
15309,520,4,797.96,440,49,4,199.49,41.333333333333336,6.0,0.6,1,1
15310,388,1,1634.64,1476,45,1,1634.64,388.0,0.0,0.0,1,1
15311,3,181,100059.42,61225,778,22,552.8144751381216,3.577777777777778,56.0,0.23628691983122363,1,0
15312,12,11,2800.14,1587,111,10,254.5581818181818,62.0,2.0,0.15384615384615385,1,0
15313,19,1,52.0,25,1,1,52.0,19.0,0.0,0.0,1,1
15314,108,3,820.45,750,49,2,273.48333333333335,114.0,1.0,0.25,1,1
15315,25,1,233.54,262,16,1,233.54,25.0,1.0,0.5,1,0
15316,236,1,165.0,100,1,1,165.0,236.0,0.0,0.0,1,1
15317,586,1,129.75,45,5,1,129.75,586.0,1.0,0.5,1,1
15319,193,1,204.5,175,16,1,204.5,193.0,0.0,0.0,1,1
15321,201,10,5120.89,3017,206,5,512.089,42.55555555555556,5.0,0.3333333333333333,1,0
15322,385,1,711.18,555,41,1,711.18,385.0,0.0,0.0,1,0
15323,472,3,434.6,188,29,3,144.86666666666667,49.5,1.0,0.25,1,1
15324,610,1,140.22000000000003,74,8,1,140.22000000000003,610.0,0.0,0.0,1,1
15325,13,8,1601.46,1382,164,6,200.1825,79.57142857142857,1.0,0.1111111111111111,1,1
15326,243,5,1700.52,1351,94,4,340.104,101.0,5.0,0.5,1,1
15328,317,1,107.24,88,8,1,107.24,317.0,0.0,0.0,1,1
15329,43,10,2663.13,1117,91,9,266.313,65.66666666666667,8.0,0.4444444444444444,1,0
15331,409,3,767.91,701,41,2,255.97,54.5,1.0,0.25,1,1
15332,275,6,4892.68,2306,113,3,815.4466666666667,29.4,0.0,0.0,0,1
15333,117,1,1028.56,344,16,1,1028.56,117.0,0.0,0.0,1,1
15334,66,3,347.87,272,66,2,115.95666666666666,8.0,0.0,0.0,1,1
15336,311,1,240.5,84,15,1,240.5,311.0,0.0,0.0,1,1
15337,320,1,373.02,200,21,1,373.02,320.0,1.0,0.5,1,1
15338,586,1,277.93,148,56,1,277.93,586.0,0.0,0.0,1,1
15339,227,6,1504.85,881,134,5,250.8083333333333,70.0,3.0,0.3333333333333333,1,0
15340,471,1,105.5,76,7,1,105.5,471.0,0.0,0.0,1,1
15341,358,1,382.2,196,7,1,382.2,358.0,1.0,0.5,1,0
15342,39,1,406.09000000000003,283,24,1,406.09000000000003,39.0,1.0,0.5,1,1
15346,242,3,596.12,260,36,2,198.70666666666668,49.0,1.0,0.25,1,1
15347,275,4,1162.0,542,29,3,290.5,23.666666666666668,2.0,0.3333333333333333,1,1
15349,67,2,463.91,321,65,2,231.955,29.0,0.0,0.0,1,1
15350,282,2,547.6,272,26,2,273.8,9.0,0.0,0.0,1,1
15351,279,4,1770.23,737,103,2,442.5575,20.666666666666668,3.0,0.42857142857142855,1,0
15352,458,1,111.15,40,34,1,111.15,458.0,0.0,0.0,1,1
15353,164,7,2794.47,1391,274,7,399.21,80.5,1.0,0.125,1,1
15356,14,11,2752.71,1604,276,9,250.24636363636364,31.7,0.0,0.0,1,0
15358,30,35,13718.47,12785,320,20,391.9562857142857,18.0,11.0,0.2391304347826087,1,0
15359,572,8,181.35,145,10,2,22.66875,4.285714285714286,1.0,0.1111111111111111,1,1
15361,271,4,689.07,373,10,3,172.2675,60.333333333333336,0.0,0.0,1,1
15362,358,2,613.08,368,38,2,306.54,290.0,0.0,0.0,1,1
15363,282,2,678.11,383,32,2,339.055,120.0,1.0,0.3333333333333333,1,1
15364,5,2,913.19,493,29,2,456.595,158.0,0.0,0.0,1,1
15365,5,8,3204.09,1451,105,5,400.51125,82.28571428571429,0.0,0.0,1,0
15366,267,6,1892.1100000000001,1887,68,6,315.3516666666667,58.6,0.0,0.0,1,0
15367,155,9,4619.92,2637,191,7,513.3244444444445,60.375,2.0,0.18181818181818182,1,0
15368,303,1,275.8,176,4,1,275.8,303.0,0.0,0.0,1,0
15369,401,11,6251.26,3288,44,6,568.2963636363637,23.9,2.0,0.15384615384615385,1,1
15370,50,5,2866.42,1178,82,5,573.284,67.25,1.0,0.16666666666666666,1,0
15371,571,1,59.400000000000006,12,1,1,59.400000000000006,571.0,0.0,0.0,1,1
15372,46,8,6017.0599999999995,6410,45,4,752.1324999999999,75.14285714285714,2.0,0.2,1,1
15373,25,14,2355.53,580,98,11,168.25214285714287,36.15384615384615,1.0,0.06666666666666667,1,0
15374,38,2,307.32,290,8,2,153.66,495.0,0.0,0.0,1,1
15375,599,1,60.959999999999994,84,6,1,60.959999999999994,599.0,0.0,0.0,1,1
15376,26,2,977.22,533,94,2,488.61,105.0,0.0,0.0,1,0
15377,292,4,1211.75,253,15,2,302.9375,10.666666666666666,1.0,0.2,1,1
15378,372,2,246.5,130,8,2,123.25,39.0,0.0,0.0,1,1
15379,78,8,4877.84,3000,177,6,609.73,33.0,1.0,0.1111111111111111,1,1
15380,50,8,2141.26,794,22,7,267.6575,85.28571428571429,1.0,0.1111111111111111,1,0
15381,123,5,1890.57,802,20,5,378.114,92.25,1.0,0.16666666666666666,1,1
15382,94,10,9904.960000000001,6794,243,8,990.4960000000001,61.111111111111114,8.0,0.4444444444444444,1,0
15384,79,4,2027.79,1767,83,4,506.9475,140.66666666666666,1.0,0.2,1,1
15385,302,2,625.2,267,8,2,312.6,284.0,0.0,0.0,1,0
15386,95,1,394.14,446,31,1,394.14,95.0,0.0,0.0,1,1
15387,401,1,468.65,335,20,1,468.65,401.0,0.0,0.0,1,1
15388,179,1,140.54,88,10,1,140.54,179.0,0.0,0.0,0,1
15389,81,5,2733.8,3940,2,5,546.76,127.25,0.0,0.0,1,1
15390,305,2,1216.66,894,77,2,608.33,12.0,0.0,0.0,0,1
15391,493,1,289.87,109,12,1,289.87,493.0,1.0,0.5,1,1
15392,269,4,1715.07,1269,54,3,428.7675,23.666666666666668,1.0,0.2,1,0
15393,190,4,783.58,322,35,4,195.895,147.33333333333334,0.0,0.0,1,0
15394,113,9,4539.7,2008,119,8,504.4111111111111,64.875,2.0,0.18181818181818182,1,0
15395,235,1,107.45,17,7,1,107.45,235.0,0.0,0.0,1,1
15396,22,2,796.38,278,16,2,398.19,471.0,0.0,0.0,1,1
15397,199,1,94.0,20,6,1,94.0,199.0,0.0,0.0,1,1
15400,1,8,1302.3,662,16,7,162.7875,66.85714285714286,1.0,0.1111111111111111,1,1
15401,361,2,216.95,93,14,2,108.475,116.0,0.0,0.0,1,1
15402,58,6,1830.1200000000001,2033,78,6,305.02000000000004,88.6,1.0,0.14285714285714285,1,1
15403,401,2,170.88,492,6,2,85.44,238.0,0.0,0.0,1,1
15404,285,1,257.06,334,16,1,257.06,285.0,0.0,0.0,1,1
15405,98,2,659.84,348,29,2,329.92,386.0,0.0,0.0,1,1
15406,210,3,717.45,423,101,2,239.15,76.0,0.0,0.0,1,0
15407,93,3,740.73,329,62,3,246.91,60.5,0.0,0.0,1,0
15408,173,1,267.18,106,34,1,267.18,173.0,0.0,0.0,1,1
15409,630,1,131.25,59,9,1,131.25,630.0,1.0,0.5,1,1
15410,8,9,4324.29,1751,75,8,480.4766666666667,62.5,0.0,0.0,1,0
15411,33,2,382.21000000000004,155,22,2,191.10500000000002,58.0,0.0,0.0,1,0
15412,80,1,190.53,108,10,1,190.53,80.0,0.0,0.0,1,1
15413,601,5,6798.72,2694,20,2,1359.7440000000001,11.75,2.0,0.2857142857142857,1,1
15414,151,1,36.2,12,5,1,36.2,151.0,0.0,0.0,1,0
15415,222,1,559.61,551,46,1,559.61,222.0,0.0,0.0,1,1
15416,64,6,3732.83,2028,161,5,622.1383333333333,104.2,2.0,0.25,1,0
15418,334,2,449.42,264,64,2,224.71,161.0,0.0,0.0,1,1
15420,343,6,743.0,844,52,5,123.83333333333333,60.0,0.0,0.0,1,1
15421,124,9,3594.34,1806,170,8,399.37111111111113,64.5,0.0,0.0,1,0
15422,232,7,1619.97,710,80,5,231.42428571428573,57.833333333333336,1.0,0.125,1,1
15423,491,2,223.39000000000001,97,12,2,111.69500000000001,39.0,1.0,0.3333333333333333,1,0
15424,163,3,597.78,873,33,2,199.26,104.0,0.0,0.0,1,1
15425,309,4,1941.1200000000001,1041,114,4,485.28000000000003,87.66666666666667,0.0,0.0,1,1
15426,166,6,1386.41,640,218,5,231.06833333333336,65.8,1.0,0.14285714285714285,1,0
15428,296,3,668.97,245,35,3,222.99,167.0,0.0,0.0,1,0
15430,377,2,954.75,309,36,2,477.375,60.0,1.0,0.3333333333333333,1,1
15431,412,1,153.24,84,2,1,153.24,412.0,0.0,0.0,1,1
15432,450,1,149.57,27,6,1,149.57,450.0,2.0,0.6666666666666666,1,0
15433,123,2,533.3,534,40,2,266.65,53.0,0.0,0.0,1,1
15434,16,9,2112.86,1255,79,6,234.76222222222225,72.125,2.0,0.18181818181818182,1,0
15436,143,1,484.1,246,124,1,484.1,143.0,0.0,0.0,1,0
15437,171,2,393.45,177,56,2,196.725,378.0,0.0,0.0,1,1
15438,40,1,156.57999999999998,59,25,1,156.57999999999998,40.0,0.0,0.0,1,1
15439,314,4,1269.05,572,49,2,317.2625,82.66666666666667,0.0,0.0,1,1
15440,45,2,237.66,125,25,2,118.83,72.0,0.0,0.0,1,0
15441,305,3,1254.21,587,45,3,418.07,167.0,0.0,0.0,1,1
15442,158,1,594.0,120,2,1,594.0,158.0,0.0,0.0,1,1
15443,18,9,2585.44,1407,263,7,287.2711111111111,66.625,1.0,0.1,1,0
15445,173,2,284.5,118,12,2,142.25,326.0,0.0,0.0,1,1
15446,286,3,396.75,262,89,3,132.25,174.5,2.0,0.4,1,1
15447,240,5,492.88,228,27,4,98.576,73.5,1.0,0.16666666666666666,1,1
15448,222,2,788.8100000000001,487,49,2,394.40500000000003,361.0,0.0,0.0,1,1
15449,94,2,647.7,516,30,2,323.85,76.0,1.0,0.3333333333333333,1,0
15451,343,2,226.86,76,56,2,113.43,164.0,0.0,0.0,1,1
15452,173,4,1493.63,941,148,4,373.4075,82.33333333333333,0.0,0.0,1,0
15453,1,4,701.2,357,102,3,175.3,31.666666666666668,0.0,0.0,1,0
15454,271,2,303.89,141,34,2,151.945,256.0,0.0,0.0,1,1
15455,507,1,38.25,3,2,1,38.25,507.0,0.0,0.0,1,1
15456,192,10,2091.52,2727,128,8,209.152,49.77777777777778,0.0,0.0,1,1
15457,171,1,237.07,132,56,1,237.07,171.0,0.0,0.0,1,1
15458,311,1,208.8,144,6,1,208.8,311.0,0.0,0.0,1,0
15459,326,2,202.83,121,6,2,101.415,80.0,0.0,0.0,1,1
15460,263,1,214.26,107,53,1,214.26,263.0,0.0,0.0,1,1
15461,370,2,429.7,230,1,2,214.85,170.0,1.0,0.3333333333333333,1,1
15462,3,4,737.05,495,32,4,184.2625,117.0,0.0,0.0,1,1
15464,247,1,1044.65,348,155,1,1044.65,247.0,0.0,0.0,1,1
15465,48,29,10737.91,2287,94,15,370.2727586206897,21.107142857142858,6.0,0.17142857142857143,1,0
15466,299,3,1225.93,695,172,3,408.6433333333334,173.5,0.0,0.0,1,0
15467,54,2,402.56,235,36,1,201.28,7.0,0.0,0.0,1,0
15468,302,1,962.97,1245,56,1,962.97,302.0,2.0,0.6666666666666666,1,0
15469,29,2,640.0,262,30,2,320.0,318.0,2.0,0.5,1,0
15470,485,1,63.419999999999995,232,4,1,63.419999999999995,485.0,0.0,0.0,1,1
15471,289,2,837.53,414,67,2,418.765,170.0,0.0,0.0,1,0
15472,22,1,371.56,251,76,1,371.56,22.0,0.0,0.0,1,1
15473,354,1,274.8,104,3,1,274.8,354.0,0.0,0.0,1,0
15474,505,1,150.35,55,19,1,150.35,505.0,0.0,0.0,1,1
15476,289,4,2209.98,1174,67,2,552.495,20.666666666666668,1.0,0.2,1,1
15477,559,1,368.4,216,2,1,368.4,559.0,0.0,0.0,1,1
15478,484,1,541.0600000000001,269,23,1,541.0600000000001,484.0,0.0,0.0,1,0
15479,642,1,147.4,38,9,1,147.4,642.0,0.0,0.0,1,1
15480,25,3,3592.25,1850,198,3,1197.4166666666667,279.5,2.0,0.4,0,1
15481,310,1,1993.34,1450,38,1,1993.34,310.0,0.0,0.0,0,1
15482,75,11,5465.9,2187,46,8,496.9,57.1,1.0,0.08333333333333333,1,0
15483,70,10,810.68,871,215,6,81.068,58.0,0.0,0.0,1,1
15484,449,2,1061.69,924,53,2,530.845,194.0,0.0,0.0,1,0
15485,245,6,3514.55,1450,56,5,585.7583333333333,80.2,1.0,0.14285714285714285,1,0
15486,436,1,102.0,40,1,1,102.0,436.0,0.0,0.0,1,1
15487,589,1,231.32,144,14,1,231.32,589.0,0.0,0.0,1,1
15488,2,5,431.92,251,10,4,86.384,122.5,0.0,0.0,1,1
15489,120,6,1633.5900000000001,876,66,6,272.26500000000004,96.2,3.0,0.3333333333333333,1,0
15490,339,1,210.85,82,22,1,210.85,339.0,1.0,0.5,1,1
15491,4,6,3100.09,1646,108,5,516.6816666666667,28.0,1.0,0.14285714285714285,1,1
15493,59,7,3446.73,1012,241,7,492.39,84.16666666666667,2.0,0.2222222222222222,1,0
15494,30,4,3541.9,2984,275,4,885.475,202.33333333333334,1.0,0.2,1,0
15495,288,1,246.5,194,20,1,246.5,288.0,0.0,0.0,1,1
15496,540,1,146.14,98,22,1,146.14,540.0,0.0,0.0,1,1
15497,229,8,8365.79,2841,65,8,1045.72375,57.285714285714285,2.0,0.2,1,0
15498,30,36,20782.83,10554,537,16,577.3008333333333,17.2,8.0,0.18181818181818182,1,0
15499,633,1,158.65,59,40,1,158.65,633.0,0.0,0.0,1,1
15501,314,2,399.95,205,64,1,199.975,10.0,0.0,0.0,1,1
15502,33,7,8574.47,5084,216,5,1224.9242857142856,71.83333333333333,9.0,0.5625,1,0
15503,272,2,257.3,130,112,2,128.65,363.0,0.0,0.0,1,1
15504,430,3,338.62,105,32,3,112.87333333333333,72.0,1.0,0.25,1,0
15505,23,3,2091.14,964,36,2,697.0466666666666,20.5,0.0,0.0,1,0
15506,48,4,1267.02,939,114,4,316.755,112.66666666666667,0.0,0.0,1,0
15507,81,1,475.86,160,41,1,475.86,81.0,0.0,0.0,1,1
15508,98,6,1000.27,440,78,3,166.71166666666667,9.2,0.0,0.0,1,1
15509,289,1,152.41,58,26,1,152.41,289.0,0.0,0.0,1,1
15510,240,1,250.0,2,1,1,250.0,240.0,0.0,0.0,1,1
15512,65,4,331.58,235,29,4,82.895,173.33333333333334,0.0,0.0,1,1
15513,4,33,23030.97,9192,258,17,697.9081818181819,18.75,4.0,0.10810810810810811,1,0
15514,135,13,4866.5,3155,128,8,374.34615384615387,42.416666666666664,2.0,0.13333333333333333,1,0
15515,296,1,171.81,131,7,1,171.81,296.0,0.0,0.0,1,1
15517,142,1,267.03,293,27,1,267.03,142.0,0.0,0.0,1,1
15518,33,14,3872.3,2664,241,10,276.59285714285716,45.76923076923077,8.0,0.36363636363636365,1,0
15519,292,2,344.61,116,34,2,172.305,63.0,0.0,0.0,1,1
15521,4,15,6414.22,4138,182,11,427.61466666666666,43.42857142857143,6.0,0.2857142857142857,1,0
15523,297,15,16847.18,15501,63,10,1123.1453333333334,24.928571428571427,2.0,0.11764705882352941,1,0
15524,516,1,151.4,24,8,1,151.4,516.0,0.0,0.0,1,0
15525,282,2,430.78000000000003,253,66,2,215.39000000000001,9.0,0.0,0.0,1,0
15527,54,20,4456.3,1728,169,13,222.815,30.473684210526315,7.0,0.25925925925925924,1,0
15528,163,1,229.33,123,26,1,229.33,163.0,0.0,0.0,1,1
15529,52,9,3205.74,2840,332,7,356.1933333333333,31.375,0.0,0.0,1,0
15530,59,4,1475.06,1044,98,4,368.765,121.0,0.0,0.0,1,0
15532,40,9,3366.96,1184,385,7,374.1066666666667,52.125,2.0,0.18181818181818182,1,0
15534,635,1,162.25,63,8,1,162.25,635.0,0.0,0.0,1,1
15535,82,6,1044.37,314,88,5,174.06166666666664,55.0,4.0,0.4,1,1
15536,318,1,259.09,242,16,1,259.09,318.0,0.0,0.0,1,1
15537,72,1,110.92,29,24,1,110.92,72.0,0.0,0.0,1,1
15538,447,6,3358.4,1016,3,4,559.7333333333333,25.0,5.0,0.45454545454545453,1,1
15540,285,1,247.38,244,16,1,247.38,285.0,0.0,0.0,1,0
15541,23,1,85.13000000000001,49,29,1,85.13000000000001,23.0,0.0,0.0,1,1
15542,421,3,855.71,418,212,2,285.2366666666667,112.5,1.0,0.25,1,1
15543,197,2,242.26,167,50,2,121.13,171.0,0.0,0.0,1,1
15544,29,18,7033.55,5848,154,13,390.7527777777778,32.94117647058823,5.0,0.21739130434782608,1,0
15545,280,1,135.32999999999998,75,31,1,135.32999999999998,280.0,0.0,0.0,1,0
15546,516,2,1079.1000000000001,198,6,1,539.5500000000001,0.0,1.0,0.3333333333333333,1,1
15547,19,20,7837.21,5093,472,15,391.8605,32.78947368421053,2.0,0.09090909090909091,1,0
15548,505,1,158.09,64,23,1,158.09,505.0,0.0,0.0,1,1
15549,67,7,2272.58,898,129,6,324.6542857142857,89.83333333333333,1.0,0.125,1,0
15550,15,11,2068.7,1096,160,8,188.06363636363633,63.0,2.0,0.15384615384615385,1,0
15551,303,6,1243.75,578,95,4,207.29166666666666,31.0,2.0,0.25,1,0
15552,126,2,252.52,166,29,2,126.26,405.0,0.0,0.0,1,1
15554,187,1,217.2,74,14,1,217.2,187.0,0.0,0.0,1,1
15555,13,30,9250.29,6484,549,16,308.343,21.724137931034484,8.0,0.21052631578947367,1,0
15558,548,1,202.68,73,23,1,202.68,548.0,1.0,0.5,1,1
15559,477,1,1109.4,526,62,1,1109.4,477.0,0.0,0.0,1,1
15560,307,2,153.52,72,10,1,76.76,0.0,0.0,0.0,1,1
15561,59,7,1583.47,1162,55,6,226.21,85.5,1.0,0.125,1,0
15562,261,3,671.4300000000001,560,32,3,223.81000000000003,187.0,0.0,0.0,1,1
15563,110,5,2194.64,2246,151,5,438.928,120.0,1.0,0.16666666666666666,1,0
15564,372,2,70.74000000000001,42,4,2,35.370000000000005,212.0,0.0,0.0,1,1
15566,302,2,227.87,153,9,2,113.935,331.0,0.0,0.0,1,1
15569,13,10,3583.45,1734,123,8,358.34499999999997,60.55555555555556,0.0,0.0,1,1
15570,51,22,7397.65,3151,405,13,336.2568181818182,22.80952380952381,2.0,0.08333333333333333,1,0
15571,295,10,3241.92,2147,410,6,324.192,38.55555555555556,0.0,0.0,1,0
15572,19,7,2984.57,1563,204,6,426.3671428571429,82.33333333333333,0.0,0.0,1,0
15573,527,3,597.23,415,104,3,199.07666666666668,55.0,0.0,0.0,1,0
15574,87,6,1101.44,750,191,4,183.57333333333335,57.2,1.0,0.14285714285714285,1,1
15575,529,1,30.1,6,3,1,30.1,529.0,0.0,0.0,1,1
15577,60,5,396.03,120,58,3,79.20599999999999,143.75,0.0,0.0,1,1
15578,71,1,127.1,52,13,1,127.1,71.0,0.0,0.0,1,1
15579,223,4,1118.38,651,125,3,279.595,39.333333333333336,2.0,0.3333333333333333,1,0
15580,286,8,1375.39,955,150,7,171.92375,41.857142857142854,6.0,0.42857142857142855,1,1
15581,65,34,4505.16,3023,541,13,132.50470588235294,17.606060606060606,5.0,0.1282051282051282,1,1
15582,9,2,541.51,407,33,2,270.755,120.0,0.0,0.0,1,0
15583,285,1,95.96,56,37,1,95.96,285.0,0.0,0.0,1,1
15584,71,3,697.74,218,125,3,232.58,254.0,0.0,0.0,1,0
15585,86,1,455.3,320,31,1,455.3,86.0,0.0,0.0,1,1
15586,502,3,1139.1000000000001,1338,30,3,379.70000000000005,54.0,1.0,0.25,1,1
15587,52,5,1065.24,372,3,5,213.048,87.25,0.0,0.0,1,0
15588,587,1,579.6,96,4,1,579.6,587.0,0.0,0.0,1,1
15589,165,3,478.53,243,28,2,159.51,27.0,1.0,0.25,1,1
15590,291,5,1496.6,832,75,4,299.32,56.0,1.0,0.16666666666666666,1,1
15591,492,3,217.9,58,6,3,72.63333333333334,45.5,0.0,0.0,1,1
15594,3,2,788.22,464,43,2,394.11,141.0,1.0,0.3333333333333333,1,0
15595,397,1,357.59999999999997,144,4,1,357.59999999999997,397.0,0.0,0.0,1,1
15596,10,9,2727.72,1208,82,8,303.08,49.75,7.0,0.4375,1,1
15597,484,1,238.8,114,15,1,238.8,484.0,0.0,0.0,1,0
15598,337,1,307.34,244,22,1,307.34,337.0,0.0,0.0,1,0
15599,113,2,937.15,741,58,2,468.575,241.0,0.0,0.0,1,0
15600,337,4,1199.31,657,55,4,299.8275,55.0,1.0,0.2,1,1
15601,32,27,13000.64,9415,286,16,481.50518518518516,23.653846153846153,4.0,0.12903225806451613,1,0
15602,110,12,2383.04,1500,53,9,198.58666666666667,48.81818181818182,9.0,0.42857142857142855,1,0
15603,557,1,40.0,32,2,1,40.0,557.0,1.0,0.5,1,0
15605,161,7,1233.9,466,59,6,176.27142857142857,73.5,1.0,0.125,1,0
15606,28,16,4750.21,1485,78,12,296.888125,35.2,0.0,0.0,1,0
15607,246,9,1708.97,1470,95,6,189.88555555555556,45.5,4.0,0.3076923076923077,1,1
15608,30,2,977.98,778,57,2,488.99,294.0,0.0,0.0,1,0
15609,93,1,298.48,148,16,1,298.48,93.0,1.0,0.5,1,1
15611,13,20,2337.97,499,36,11,116.89849999999998,30.473684210526315,5.0,0.2,1,0
15613,519,1,433.71999999999997,700,27,1,433.71999999999997,519.0,0.0,0.0,1,1
15614,347,4,3147.36,1632,73,3,786.84,62.666666666666664,3.0,0.42857142857142855,1,1
15615,15,43,18342.08,10419,268,20,426.56000000000006,15.023809523809524,7.0,0.14,1,0
15616,347,1,317.11,137,13,1,317.11,347.0,0.0,0.0,1,1
15617,305,3,828.5500000000001,485,41,3,276.18333333333334,55.5,0.0,0.0,1,1
15618,1,3,419.04,214,21,2,139.68,22.0,0.0,0.0,1,0
15620,130,3,1264.19,934,84,3,421.3966666666667,94.0,3.0,0.5,1,0
15622,106,13,6745.05,3642,296,8,518.85,37.333333333333336,11.0,0.4583333333333333,1,0
15623,50,8,2437.05,1087,91,8,304.63125,84.0,0.0,0.0,1,1
15624,26,4,588.13,357,26,4,147.0325,46.333333333333336,0.0,0.0,1,1
15625,13,9,3236.4,3020,106,7,359.6,54.75,5.0,0.35714285714285715,1,1
15626,239,2,673.6,684,50,2,336.8,91.0,1.0,0.3333333333333333,1,0
15627,366,2,566.9,344,23,2,283.45,65.0,0.0,0.0,1,1
15628,7,13,4088.2400000000002,2733,113,12,314.48,52.25,4.0,0.23529411764705882,1,0
15629,359,4,2240.9,1518,39,3,560.225,27.333333333333332,0.0,0.0,1,1
15630,114,2,691.91,467,41,2,345.955,439.0,1.0,0.3333333333333333,1,0
15631,551,1,596.67,525,39,1,596.67,551.0,0.0,0.0,1,1
15632,31,6,2351.84,1304,76,5,391.97333333333336,30.6,1.0,0.14285714285714285,1,0
15633,418,13,4335.96,2048,77,8,333.5353846153846,18.416666666666668,5.0,0.2777777777777778,1,1
15634,292,1,311.1,128,19,1,311.1,292.0,0.0,0.0,1,0
15635,305,1,100.35,5,2,1,100.35,305.0,0.0,0.0,1,1
15636,191,3,1026.52,358,28,3,342.17333333333335,143.5,0.0,0.0,1,0
15637,323,4,574.23,523,23,4,143.5575,103.33333333333333,0.0,0.0,1,0
15638,288,6,2265.2,1134,20,4,377.5333333333333,46.2,3.0,0.3333333333333333,1,1
15639,43,3,1065.08,849,61,3,355.02666666666664,235.5,2.0,0.4,1,1
15640,31,25,19880.14,10405,260,16,795.2056,25.125,5.0,0.16666666666666666,1,0
15641,14,12,5345.55,4422,249,10,445.46250000000003,57.0,0.0,0.0,1,1
15642,639,1,105.78,270,6,1,105.78,639.0,0.0,0.0,1,1
15643,101,3,664.0,246,31,2,221.33333333333334,45.0,3.0,0.5,1,1
15644,75,4,803.54,550,166,2,200.885,31.333333333333332,0.0,0.0,1,1
15645,323,2,443.16,140,16,1,221.58,11.0,1.0,0.3333333333333333,1,0
15646,67,5,784.8100000000001,821,65,5,156.96200000000002,63.0,1.0,0.16666666666666666,1,1
15647,324,1,169.0,124,11,1,169.0,324.0,0.0,0.0,1,1
15648,113,2,639.5,218,23,2,319.75,62.0,2.0,0.5,1,1
15649,245,4,1660.35,365,8,3,415.0875,16.666666666666668,0.0,0.0,1,1
15650,431,2,553.88,210,33,2,276.94,106.0,1.0,0.3333333333333333,1,1
15651,170,3,840.08,630,44,3,280.0266666666667,167.5,0.0,0.0,1,0
15652,0,5,1405.94,657,93,4,281.188,98.25,1.0,0.16666666666666666,1,1
15653,2,2,877.44,1200,4,2,438.72,23.0,0.0,0.0,1,1
15655,152,1,560.6700000000001,324,34,1,560.6700000000001,152.0,1.0,0.5,1,1
15656,87,3,563.63,202,34,3,187.87666666666667,52.5,0.0,0.0,1,0
15658,99,8,2117.27,627,79,8,264.65875,78.0,5.0,0.38461538461538464,1,1
15659,296,2,226.04,50,8,2,113.02,266.0,0.0,0.0,1,0
15660,45,12,1887.17,1311,57,10,157.26416666666668,48.72727272727273,3.0,0.2,1,0
15661,226,8,1215.95,779,27,7,151.99375,37.285714285714285,0.0,0.0,1,1
15662,570,2,283.73,145,12,2,141.865,77.0,0.0,0.0,1,1
15663,15,1,138.14,106,9,1,138.14,15.0,0.0,0.0,1,1
15664,358,3,845.1,367,45,3,281.7,100.0,3.0,0.5,1,0
15665,77,5,3987.07,2777,163,5,797.414,116.5,0.0,0.0,1,1
15666,381,2,632.94,469,62,1,316.47,23.0,0.0,0.0,1,1
15668,127,1,76.32000000000001,72,1,1,76.32000000000001,127.0,0.0,0.0,1,1
15669,13,3,565.54,262,29,3,188.51333333333332,80.0,1.0,0.25,1,0
15670,206,2,325.2,132,19,2,162.6,259.0,1.0,0.3333333333333333,1,1
15671,4,5,1972.89,1185,47,4,394.57800000000003,44.0,3.0,0.375,1,0
15672,634,1,45.300000000000004,10,3,1,45.300000000000004,634.0,0.0,0.0,1,1
15673,66,8,5492.79,2854,153,8,686.59875,71.14285714285714,1.0,0.1111111111111111,1,0
15674,124,11,5546.58,2998,218,10,504.23454545454547,51.5,5.0,0.3125,1,0
15675,64,3,443.74,582,28,3,147.91333333333333,124.5,0.0,0.0,1,0
15676,193,1,897.8,555,61,1,897.8,193.0,1.0,0.5,1,0
15677,330,2,648.4,356,32,2,324.2,42.0,0.0,0.0,1,0
15678,304,2,1473.24,838,67,2,736.62,127.0,0.0,0.0,1,0
15679,63,2,260.26,398,18,2,130.13,28.0,0.0,0.0,1,0
15680,275,8,3173.9,2122,128,8,396.7375,53.0,2.0,0.2,1,0
15681,92,12,2266.76,1026,40,7,188.89666666666668,34.63636363636363,1.0,0.07692307692307693,1,0
15682,508,2,318.24,222,25,2,159.12,88.0,1.0,0.3333333333333333,1,1
15683,26,2,524.54,332,25,2,262.27,356.0,0.0,0.0,1,1
15684,456,3,173.95,77,9,3,57.98333333333333,94.0,3.0,0.5,1,1
15685,359,1,55.980000000000004,36,17,1,55.980000000000004,359.0,0.0,0.0,1,1
15686,329,1,90.0,72,1,1,90.0,329.0,0.0,0.0,1,1
15687,96,5,1679.45,657,69,4,335.89,35.75,2.0,0.2857142857142857,1,0
15688,328,1,190.57,95,26,1,190.57,328.0,0.0,0.0,1,1
15689,29,3,521.03,207,20,3,173.67666666666665,248.5,0.0,0.0,1,1
15690,10,1,111.0,204,8,1,111.0,10.0,0.0,0.0,1,0
15691,161,4,571.3,212,12,4,142.825,160.0,1.0,0.2,1,1
15693,568,1,37.5,30,1,1,37.5,568.0,0.0,0.0,1,1
15694,85,18,6789.86,1528,45,13,377.21444444444444,32.705882352941174,5.0,0.21739130434782608,1,0
15695,176,4,1131.04,484,55,3,282.76,138.0,0.0,0.0,1,1
15696,130,11,2800.06,1088,116,8,254.55090909090907,46.3,7.0,0.3888888888888889,1,0
15697,599,1,246.75,127,14,1,246.75,599.0,0.0,0.0,1,1
15698,533,1,46.2,60,2,1,46.2,533.0,0.0,0.0,1,1
15700,81,2,696.68,357,85,1,348.34,1.0,1.0,0.3333333333333333,1,1
15701,20,1,853.9,472,119,1,853.9,20.0,0.0,0.0,1,0
15702,385,1,112.57,102,29,1,112.57,385.0,0.0,0.0,0,1
15703,174,1,211.5,66,5,1,211.5,174.0,0.0,0.0,1,1
15704,49,6,3734.6600000000003,1709,129,5,622.4433333333334,88.4,2.0,0.25,1,1
15705,110,1,143.1,62,6,1,143.1,110.0,0.0,0.0,1,1
15706,25,1,450.05,160,29,1,450.05,25.0,1.0,0.5,1,0
15708,48,8,3241.2400000000002,1237,114,7,405.15500000000003,41.0,5.0,0.38461538461538464,1,0
15709,193,2,327.85,169,26,2,163.925,305.0,0.0,0.0,1,1
15710,326,1,898.87,641,110,1,898.87,326.0,0.0,0.0,1,1
15711,466,2,420.25,199,25,2,210.125,128.0,0.0,0.0,1,1
15712,19,10,3166.36,1162,79,10,316.636,69.88888888888889,1.0,0.09090909090909091,1,0
15713,52,4,839.64,451,48,4,209.91,193.33333333333334,2.0,0.3333333333333333,1,1
15714,362,3,453.93,175,14,2,151.31,51.0,0.0,0.0,1,0
15715,465,5,658.02,246,33,3,131.60399999999998,15.75,0.0,0.0,1,1
15716,55,11,2482.7400000000002,1373,187,11,225.70363636363638,58.6,0.0,0.0,1,1
15717,143,5,607.0,224,17,5,121.4,89.5,0.0,0.0,1,1
15718,449,1,293.79,95,18,1,293.79,449.0,0.0,0.0,1,1
15719,9,29,9226.22,4810,414,21,318.1455172413793,22.785714285714285,8.0,0.21621621621621623,1,0
15720,459,1,140.49,46,25,1,140.49,459.0,0.0,0.0,1,0
15722,18,9,4436.24,1846,84,7,492.91555555555556,66.375,4.0,0.3076923076923077,1,0
15723,274,4,930.7,427,108,4,232.675,69.66666666666667,0.0,0.0,1,1
15724,110,3,310.85,117,17,3,103.61666666666667,99.5,2.0,0.4,1,1
15726,299,1,321.91,123,23,1,321.91,299.0,0.0,0.0,1,1
15727,16,14,8802.04,5470,407,12,628.7171428571429,44.38461538461539,0.0,0.0,1,0
15728,289,2,544.6,132,10,2,272.3,64.0,0.0,0.0,1,1
15729,122,3,192.55,47,10,2,64.18333333333334,95.0,2.0,0.4,1,1
15730,1,4,1382.92,861,81,4,345.73,113.0,2.0,0.3333333333333333,1,0
15731,463,1,125.3,122,8,1,125.3,463.0,0.0,0.0,1,1
15732,121,10,1543.97,1264,53,6,154.397,51.22222222222222,2.0,0.16666666666666666,1,1
15733,192,1,162.3,62,10,1,162.3,192.0,0.0,0.0,1,1
15734,24,4,2263.3,516,36,4,565.825,144.0,0.0,0.0,1,1
15735,330,1,327.68,206,19,1,327.68,330.0,0.0,0.0,1,1
15736,344,2,1767.1200000000001,1208,95,1,883.5600000000001,0.0,1.0,0.3333333333333333,1,1
15737,57,5,880.9300000000001,443,43,3,176.186,23.75,3.0,0.375,1,0
15738,6,38,12084.35,8405,70,21,318.0092105263158,17.08108108108108,4.0,0.09523809523809523,1,0
15741,367,2,208.62,70,11,2,104.31,160.0,0.0,0.0,1,1
15742,528,1,156.87,51,41,1,156.87,528.0,0.0,0.0,1,1
15743,23,2,434.05,119,31,2,217.025,71.0,0.0,0.0,1,0
15745,145,1,302.85,127,18,1,302.85,145.0,0.0,0.0,1,0
15746,43,1,196.88,178,28,1,196.88,43.0,1.0,0.5,1,1
15747,29,8,2078.54,1159,95,8,259.8175,81.42857142857143,1.0,0.1111111111111111,1,0
15748,358,2,465.45,211,16,1,232.725,0.0,0.0,0.0,1,0
15749,144,3,44534.3,18028,5,2,14844.766666666668,48.5,1.0,0.25,1,1
15750,80,14,5098.12,3550,327,9,364.15142857142854,43.61538461538461,6.0,0.3,1,0
15751,370,11,1380.44,443,90,6,125.49454545454546,27.2,3.0,0.21428571428571427,1,1
15752,2,8,3391.68,2489,332,8,423.96,52.0,1.0,0.1111111111111111,1,0
15753,214,1,79.2,144,1,1,79.2,214.0,0.0,0.0,1,1
15754,156,7,2670.84,1599,96,6,381.54857142857145,68.0,2.0,0.2222222222222222,1,0
15755,17,14,4773.7,3231,230,13,340.9785714285714,48.23076923076923,1.0,0.06666666666666667,1,0
15756,62,3,359.89,166,118,3,119.96333333333332,48.0,0.0,0.0,1,0
15757,127,5,2487.3,1433,140,5,497.46000000000004,82.25,0.0,0.0,1,0
15759,127,7,830.9300000000001,523,10,7,118.70428571428572,86.5,3.0,0.3,1,1
15761,352,1,143.05,31,5,1,143.05,352.0,0.0,0.0,1,1
15764,16,7,4499.7300000000005,2943,187,5,642.8185714285715,61.833333333333336,4.0,0.36363636363636365,1,0
15765,576,1,370.63,335,25,1,370.63,576.0,0.0,0.0,1,1
15766,365,2,516.0,164,15,2,258.0,225.0,1.0,0.3333333333333333,1,0
15768,25,34,15308.89,4215,437,12,450.2614705882353,18.78787878787879,2.0,0.05555555555555555,1,1
15769,11,39,74223.52,41536,19,21,1903.1671794871795,16.5,3.0,0.07142857142857142,1,0
15770,522,1,321.45,67,18,1,321.45,522.0,0.0,0.0,1,1
15771,513,3,1006.54,512,26,2,335.5133333333333,44.5,0.0,0.0,1,1
15772,327,1,280.88,110,16,1,280.88,327.0,0.0,0.0,1,1
15773,318,1,138.84,99,37,1,138.84,318.0,0.0,0.0,1,0
15774,327,5,1016.2900000000001,377,68,5,203.258,59.5,1.0,0.16666666666666666,1,0
15775,154,2,150.5,260,9,2,75.25,386.0,0.0,0.0,1,1
15776,42,1,241.62,138,18,1,241.62,42.0,0.0,0.0,1,1
15777,150,7,1762.6100000000001,599,29,6,251.8014285714286,54.5,2.0,0.2222222222222222,1,1
15778,340,1,307.95000000000005,101,17,1,307.95000000000005,340.0,0.0,0.0,1,1
15779,372,2,124.08000000000001,20,8,2,62.040000000000006,69.0,0.0,0.0,1,1
15780,93,3,475.28000000000003,220,26,3,158.42666666666668,87.0,0.0,0.0,1,1
15781,47,2,211.3,66,11,2,105.65,168.0,1.0,0.3333333333333333,1,0
15782,339,1,1399.36,980,18,1,1399.36,339.0,1.0,0.5,1,0
15784,377,2,848.33,381,33,2,424.165,204.0,0.0,0.0,1,1
15785,67,15,5306.79,3878,88,11,353.786,40.42857142857143,9.0,0.375,1,0
15786,23,3,6730.26,4903,267,3,2243.42,211.0,3.0,0.5,1,0
15788,418,1,221.83,115,14,1,221.83,418.0,1.0,0.5,1,1
15789,267,6,1962.01,2499,110,5,327.00166666666667,53.0,1.0,0.14285714285714285,1,1
15791,113,4,3218.89,1797,112,4,804.7225,145.66666666666666,4.0,0.5,1,0
15792,309,2,933.84,606,57,2,466.92,218.0,0.0,0.0,1,1
15793,178,6,1740.6,1324,9,6,290.09999999999997,93.8,0.0,0.0,1,0
15794,645,2,777.0,288,15,1,388.5,0.0,0.0,0.0,1,1
15795,59,8,1979.8700000000001,1411,111,6,247.48375000000001,77.14285714285714,0.0,0.0,1,1
15796,18,14,4034.79,1400,132,11,288.19928571428574,39.15384615384615,5.0,0.2631578947368421,1,0
15797,22,5,2806.08,1280,11,5,561.216,142.0,0.0,0.0,1,1
15798,402,3,1535.37,915,73,3,511.78999999999996,94.0,0.0,0.0,1,1
15799,94,3,1018.44,925,91,3,339.48,116.5,0.0,0.0,1,0
15800,16,7,1227.07,575,198,4,175.29571428571427,85.16666666666667,0.0,0.0,1,1
15801,19,1,137.22,70,9,1,137.22,19.0,0.0,0.0,1,0
15803,354,3,1513.84,740,42,2,504.6133333333333,115.0,0.0,0.0,1,0
15804,3,5,2554.84,1492,130,5,510.968,26.0,2.0,0.2857142857142857,1,0
15805,15,24,8209.25,5111,278,14,342.0520833333333,27.08695652173913,9.0,0.2727272727272727,1,0
15806,67,2,521.88,413,19,2,260.94,119.0,0.0,0.0,1,0
15807,317,2,913.62,1102,40,2,456.81,257.0,1.0,0.3333333333333333,1,0
15808,215,21,17180.25,6753,348,14,818.1071428571429,21.55,3.0,0.125,1,1
15809,93,6,1157.88,650,45,6,192.98000000000002,70.2,1.0,0.14285714285714285,1,0
15810,79,7,2968.25,1648,87,7,424.0357142857143,83.66666666666667,3.0,0.3,1,0
15811,15,6,2947.73,1422,180,5,491.28833333333336,56.4,2.0,0.25,1,0
15812,16,12,5201.47,3450,87,12,433.4558333333334,56.09090909090909,1.0,0.07692307692307693,1,1
15813,117,2,1303.9099999999999,603,40,2,651.9549999999999,31.0,0.0,0.0,1,1
15814,302,2,689.11,457,23,2,344.555,210.0,0.0,0.0,1,0
15815,50,4,1874.7,1514,24,4,468.675,39.666666666666664,0.0,0.0,1,0
15816,451,2,144.15,54,11,1,72.075,0.0,1.0,0.3333333333333333,1,1
15817,330,3,2766.4,1596,133,3,922.1333333333333,61.0,0.0,0.0,1,1
15818,497,1,340.5,284,11,1,340.5,497.0,0.0,0.0,1,1
15819,40,9,3614.81,2710,171,7,401.6455555555556,62.5,1.0,0.1,1,0
15820,229,1,206.98,128,17,1,206.98,229.0,0.0,0.0,1,1
15822,268,5,1394.79,735,34,5,278.95799999999997,93.25,2.0,0.2857142857142857,1,0
15823,638,2,3867.17,1773,154,1,1933.585,2.0,3.0,0.6,1,1
15824,362,2,890.94,478,24,2,445.47,78.0,0.0,0.0,1,1
15825,81,1,532.94,220,20,1,532.94,81.0,0.0,0.0,1,1
15826,120,2,1663.97,1349,66,2,831.985,357.0,1.0,0.3333333333333333,1,0
15827,23,27,3365.21,1582,112,17,124.63740740740741,22.53846153846154,14.0,0.34146341463414637,1,0
15828,284,1,1108.82,367,74,1,1108.82,284.0,0.0,0.0,1,1
15829,8,2,636.14,996,44,2,318.07,41.0,0.0,0.0,1,1
15831,33,2,451.11,687,22,2,225.555,199.0,1.0,0.3333333333333333,1,0
15832,163,1,836.79,465,54,1,836.79,163.0,0.0,0.0,1,1
15833,647,1,80.4,24,5,1,80.4,647.0,0.0,0.0,1,1
15834,75,6,3319.96,1529,267,4,553.3266666666667,51.6,2.0,0.25,1,0
15835,47,3,675.51,333,32,3,225.17,96.5,0.0,0.0,1,0
15837,395,1,385.03000000000003,216,28,1,385.03000000000003,395.0,0.0,0.0,1,0
15838,18,27,53715.92,53744,58,15,1989.4785185185185,23.692307692307693,4.0,0.12903225806451613,1,0
15839,57,1,299.18,234,20,1,299.18,57.0,0.0,0.0,1,0
15840,82,1,241.74,256,17,1,241.74,82.0,1.0,0.5,1,0
15841,127,7,2131.61,1815,47,6,304.5157142857143,85.16666666666667,2.0,0.2222222222222222,1,0
15842,302,2,548.8000000000001,296,24,2,274.40000000000003,134.0,1.0,0.3333333333333333,1,1
15843,213,1,118.95,27,8,1,118.95,213.0,0.0,0.0,1,1
15845,54,8,3241.27,1580,105,8,405.15875,76.71428571428571,3.0,0.2727272727272727,1,0
15846,294,1,107.01,79,27,1,107.01,294.0,0.0,0.0,1,1
15847,197,4,613.98,542,28,4,153.495,117.66666666666667,0.0,0.0,1,0
15848,531,1,137.99,45,34,1,137.99,531.0,0.0,0.0,1,1
15850,77,5,888.03,1275,231,4,177.606,139.5,0.0,0.0,1,0
15851,436,1,109.73,67,8,1,109.73,436.0,0.0,0.0,1,1
15852,96,3,257.26,60,31,3,85.75333333333333,170.0,0.0,0.0,1,1
15854,49,18,5002.85,1509,135,14,277.93611111111113,34.64705882352941,0.0,0.0,1,0
15855,46,6,1052.72,712,72,6,175.45333333333335,67.8,0.0,0.0,1,1
15856,4,42,27378.98,16122,346,21,651.8804761904762,15.634146341463415,5.0,0.10638297872340426,1,0
15857,339,1,273.48,276,10,1,273.48,339.0,0.0,0.0,1,0
15858,198,10,2941.06,2277,231,8,294.106,48.888888888888886,2.0,0.16666666666666666,1,0
15859,341,1,438.46,174,22,1,438.46,341.0,0.0,0.0,1,1
15860,8,15,2160.78,1166,231,10,144.05200000000002,45.285714285714285,0.0,0.0,1,0
15861,44,7,2337.74,2175,320,6,333.9628571428571,90.83333333333333,2.0,0.2222222222222222,1,0
15862,21,12,2333.99,1429,377,8,194.49916666666664,55.45454545454545,0.0,0.0,1,0
15863,102,4,295.46,145,58,4,73.865,176.66666666666666,0.0,0.0,1,0
15864,8,4,1202.3,852,13,4,300.575,94.0,1.0,0.2,1,0
15865,123,3,1660.22,951,99,3,553.4066666666666,244.5,0.0,0.0,1,0
15866,10,1,211.89,124,43,1,211.89,10.0,0.0,0.0,1,1
15867,22,28,8007.14,4402,508,19,285.9692857142857,22.666666666666668,3.0,0.0967741935483871,1,0
15868,492,1,94.53,57,4,1,94.53,492.0,0.0,0.0,1,1
15869,186,3,321.11,273,29,2,107.03666666666668,174.5,0.0,0.0,1,1
15870,306,3,506.02000000000004,171,61,2,168.67333333333335,24.5,0.0,0.0,1,0
15871,346,1,33.099999999999994,5,5,1,33.099999999999994,346.0,0.0,0.0,1,1
15872,288,2,413.0,280,70,2,206.5,171.0,0.0,0.0,1,0
15873,409,4,313.91999999999996,1152,3,1,78.47999999999999,0.3333333333333333,1.0,0.2,1,1
15874,87,20,9086.63,3633,236,13,454.33149999999995,27.526315789473685,3.0,0.13043478260869565,1,0
15875,555,1,108.52,74,18,1,108.52,555.0,0.0,0.0,1,1
15876,318,2,1449.14,886,11,2,724.57,39.0,0.0,0.0,1,1
15878,471,2,330.77,243,47,2,165.385,171.0,0.0,0.0,1,1
15879,313,4,1137.8,639,171,4,284.45,105.66666666666667,0.0,0.0,1,1
15880,278,1,329.03,202,95,1,329.03,278.0,1.0,0.5,1,1
15881,221,5,501.39,260,26,2,100.27799999999999,13.0,3.0,0.375,1,1
15882,108,8,1122.38,638,48,6,140.2975,75.71428571428571,2.0,0.2,1,1
15884,341,2,244.60000000000002,152,14,2,122.30000000000001,303.0,1.0,0.3333333333333333,1,1
15885,2,13,1921.82,620,81,10,147.8323076923077,49.5,5.0,0.2777777777777778,1,1
15886,326,3,871.78,520,47,2,290.5933333333333,90.5,0.0,0.0,1,0
15887,316,3,1027.15,605,27,3,342.3833333333334,74.0,0.0,0.0,1,1
15888,310,2,260.85,63,24,2,130.425,125.0,0.0,0.0,1,0
15889,66,8,1407.05,793,255,6,175.88125,81.71428571428571,1.0,0.1111111111111111,1,1
15890,304,5,535.65,119,10,2,107.13,52.5,0.0,0.0,1,1
15891,136,1,509.13,417,59,1,509.13,136.0,0.0,0.0,1,1
15892,578,1,128.2,46,38,1,128.2,578.0,0.0,0.0,1,1
15893,391,1,305.28000000000003,288,1,1,305.28000000000003,391.0,0.0,0.0,1,1
15894,162,2,257.6,163,34,2,128.8,115.0,0.0,0.0,1,1
15895,59,1,179.17,94,11,1,179.17,59.0,0.0,0.0,1,1
15897,103,2,208.59,223,17,1,104.295,0.0,0.0,0.0,1,1
15898,136,24,4606.81,2011,279,14,191.95041666666668,21.782608695652176,4.0,0.14285714285714285,1,0
15899,278,1,56.25,39,4,1,56.25,278.0,0.0,0.0,1,1
15900,323,3,549.29,440,68,2,183.09666666666666,74.0,1.0,0.25,1,0
15901,64,4,428.63,523,69,3,107.1575,129.33333333333334,2.0,0.3333333333333333,1,0
15902,289,1,145.01,124,18,1,145.01,289.0,0.0,0.0,1,1
15903,137,7,4454.72,2192,39,6,636.3885714285715,77.83333333333333,3.0,0.3,1,0
15905,452,1,114.69,82,22,1,114.69,452.0,0.0,0.0,1,1
15906,54,7,1760.21,447,86,6,251.45857142857145,50.833333333333336,2.0,0.2222222222222222,1,0
15907,86,2,477.59000000000003,237,93,2,238.79500000000002,33.0,0.0,0.0,1,0
15908,400,2,758.62,173,37,2,379.31,21.0,0.0,0.0,1,1
15909,83,1,191.94,98,7,1,191.94,83.0,0.0,0.0,1,1
15910,8,12,2095.65,1655,343,12,174.63750000000002,53.45454545454545,0.0,0.0,1,0
15911,533,8,1683.79,784,161,4,210.47375,15.142857142857142,2.0,0.2,1,1
15912,87,9,1074.7,759,83,6,119.41111111111111,68.875,0.0,0.0,1,1
15913,443,1,6.300000000000001,3,1,1,6.300000000000001,443.0,0.0,0.0,1,1
15914,287,2,205.99,149,13,1,102.995,0.0,0.0,0.0,1,1
15915,311,1,364.24,413,104,1,364.24,311.0,0.0,0.0,1,1
15916,101,10,2489.33,1259,178,9,248.933,59.666666666666664,3.0,0.23076923076923078,1,0
15917,157,5,530.17,248,127,3,106.03399999999999,122.25,0.0,0.0,1,1
15918,100,3,582.88,240,49,3,194.29333333333332,220.5,0.0,0.0,1,1
15919,278,1,214.07999999999998,175,38,1,214.07999999999998,278.0,0.0,0.0,1,0
15920,63,8,565.19,233,92,5,70.64875,81.57142857142857,0.0,0.0,1,1
15921,82,4,765.61,333,68,4,191.4025,156.0,0.0,0.0,1,1
15922,282,1,369.5,138,11,1,369.5,282.0,1.0,0.5,1,1
15923,282,1,127.08,122,21,1,127.08,282.0,0.0,0.0,1,1
15924,640,1,102.82,103,14,1,102.82,640.0,0.0,0.0,1,1
15925,103,1,207.15,93,12,1,207.15,103.0,0.0,0.0,1,1
15926,451,1,134.44,155,7,1,134.44,451.0,0.0,0.0,1,1
15927,556,1,106.54,66,13,1,106.54,556.0,0.0,0.0,1,1
15928,565,1,293.53,164,11,1,293.53,565.0,0.0,0.0,1,1
15929,553,1,594.0,120,1,1,594.0,553.0,0.0,0.0,1,1
15931,337,1,239.9,118,14,1,239.9,337.0,0.0,0.0,1,1
15932,17,6,1885.95,1509,65,6,314.325,36.2,3.0,0.3333333333333333,1,0
15934,327,2,2190.66,2166,29,1,1095.33,11.0,0.0,0.0,1,1
15935,148,1,108.03999999999999,114,11,1,108.03999999999999,148.0,1.0,0.5,1,1
15936,288,2,282.79,211,16,2,141.395,88.0,0.0,0.0,1,1
15938,21,9,734.8100000000001,449,27,9,81.64555555555556,55.5,0.0,0.0,1,1
15939,16,14,8750.08,6071,50,9,625.0057142857142,20.53846153846154,1.0,0.06666666666666667,1,0
15940,220,1,35.8,4,1,1,35.8,220.0,2.0,0.6666666666666666,1,1
15941,546,1,405.0,60,6,1,405.0,546.0,1.0,0.5,1,1
15942,43,1,337.44,232,14,1,337.44,43.0,0.0,0.0,1,1
15943,559,2,271.28999999999996,183,12,2,135.64499999999998,28.0,0.0,0.0,1,1
15944,186,4,2164.24,859,25,4,541.06,149.66666666666666,0.0,0.0,1,1
15945,274,4,646.27,345,24,4,161.5675,124.0,0.0,0.0,1,1
15946,412,3,2304.18,1614,25,2,768.06,65.5,0.0,0.0,1,1
15948,334,1,553.85,285,35,1,553.85,334.0,0.0,0.0,1,0
15950,15,8,6467.58,3080,208,7,808.4475,82.28571428571429,2.0,0.2,1,0
15951,195,2,680.12,281,35,2,340.06,95.0,0.0,0.0,1,0
15952,68,2,309.20000000000005,140,25,2,154.60000000000002,66.0,0.0,0.0,1,0
15953,121,14,2607.1,1300,69,11,186.22142857142856,40.30769230769231,2.0,0.125,1,0
15954,498,1,187.8,118,19,1,187.8,498.0,0.0,0.0,1,1
15955,16,16,6133.37,2935,153,10,383.335625,36.46666666666667,2.0,0.1111111111111111,1,0
15956,460,2,617.6,278,18,2,308.8,175.0,0.0,0.0,1,1
15957,330,2,492.36,242,88,1,246.18,0.0,0.0,0.0,1,0
15958,313,3,357.77,121,45,3,119.25666666666666,73.5,0.0,0.0,1,0
15959,591,3,542.89,269,58,1,180.96333333333334,0.0,0.0,0.0,1,1
15960,283,4,410.95,258,24,2,102.7375,20.333333333333332,1.0,0.2,1,1
15961,288,1,451.28999999999996,154,42,1,451.28999999999996,288.0,0.0,0.0,1,1
15962,358,1,289.48,228,43,1,289.48,358.0,0.0,0.0,1,1
15964,572,1,269.21000000000004,93,20,1,269.21000000000004,572.0,0.0,0.0,1,1
15965,276,10,2119.26,953,144,8,211.92600000000002,41.0,1.0,0.09090909090909091,1,0
15966,360,1,426.53,275,27,1,426.53,360.0,1.0,0.5,1,1
15967,228,11,2730.22,1038,290,9,248.20181818181817,41.9,1.0,0.08333333333333333,1,0
15968,297,1,401.8,242,69,1,401.8,297.0,0.0,0.0,1,1
15969,95,3,769.65,143,23,3,256.55,168.0,0.0,0.0,1,0
15970,213,2,1017.3199999999999,498,19,2,508.65999999999997,295.0,0.0,0.0,1,1
15971,18,13,3807.48,1445,11,8,292.88307692307694,51.916666666666664,2.0,0.13333333333333333,1,0
15972,365,5,1769.33,468,104,4,353.866,35.75,0.0,0.0,1,1
15973,276,2,665.62,194,7,2,332.81,62.0,2.0,0.5,1,1
15974,4,6,2895.01,1864,119,6,482.5016666666667,38.6,1.0,0.14285714285714285,1,0
15976,74,6,1680.31,1044,264,6,280.0516666666667,77.0,0.0,0.0,1,1
15978,341,2,2180.64,1556,72,2,1090.32,211.0,2.0,0.5,1,0
15979,512,1,329.21999999999997,450,22,1,329.21999999999997,512.0,0.0,0.0,1,1
15980,163,5,4905.0,3854,83,3,981.0,75.5,2.0,0.2857142857142857,1,0
15981,47,19,8412.49,4257,131,14,442.7626315789474,26.833333333333332,6.0,0.24,1,0
15982,514,1,324.51,131,45,1,324.51,514.0,0.0,0.0,1,1
15983,270,7,2783.62,1680,117,3,397.65999999999997,62.0,0.0,0.0,1,0
15984,10,27,7419.9,4858,425,17,274.8111111111111,24.5,1.0,0.03571428571428571,1,0
15985,32,7,2715.28,2750,50,6,387.8971428571429,73.0,1.0,0.125,1,1
15986,291,1,186.3,100,11,1,186.3,291.0,0.0,0.0,1,0
15987,30,7,1296.85,1431,98,5,185.2642857142857,43.0,0.0,0.0,1,0
15988,461,2,579.61,294,92,2,289.805,105.0,0.0,0.0,1,0
15989,285,2,368.31,169,81,2,184.155,361.0,0.0,0.0,1,1
15990,196,6,1607.01,814,95,5,267.835,72.4,0.0,0.0,1,0
15991,443,1,150.55,41,6,1,150.55,443.0,0.0,0.0,1,1
15992,305,2,854.61,497,51,2,427.305,57.0,0.0,0.0,1,0
15994,321,2,761.41,289,69,2,380.705,224.0,2.0,0.5,1,0
15995,323,1,694.54,352,108,1,694.54,323.0,0.0,0.0,1,1
15996,25,6,1233.58,599,128,6,205.59666666666666,56.0,1.0,0.14285714285714285,1,0
15998,81,14,7299.18,4688,614,12,521.37,43.53846153846154,5.0,0.2631578947368421,1,0
15999,645,1,20.4,24,1,1,20.4,645.0,0.0,0.0,1,1
16001,290,1,583.39,337,29,1,583.39,290.0,1.0,0.5,1,1
16002,534,1,169.21,70,42,1,169.21,534.0,0.0,0.0,1,1
16003,44,8,4672.36,1620,126,7,584.045,85.85714285714286,0.0,0.0,1,0
16004,384,5,2146.39,1076,63,4,429.27799999999996,52.0,0.0,0.0,1,1
16005,92,8,2061.77,1104,231,5,257.72125,38.142857142857146,1.0,0.1111111111111111,1,0
16006,120,2,332.82,205,75,2,166.41,176.0,0.0,0.0,1,1
16007,90,5,2086.92,1824,269,5,417.384,90.5,0.0,0.0,1,0
16008,114,13,4999.5,2989,58,8,384.5769230769231,35.416666666666664,0.0,0.0,1,0
16009,69,1,441.59000000000003,196,55,1,441.59000000000003,69.0,0.0,0.0,1,0
16010,155,11,1694.86,919,122,4,154.0781818181818,16.5,1.0,0.08333333333333333,1,1
16011,1,25,4432.01,2705,168,17,177.28040000000001,26.916666666666668,1.0,0.038461538461538464,1,0
16012,38,4,2695.42,1512,176,4,673.855,133.66666666666666,0.0,0.0,1,0
16013,8,72,42357.18,18862,52,20,588.2941666666667,8.915492957746478,9.0,0.1111111111111111,1,0
16014,61,4,967.83,426,211,4,241.9575,175.0,0.0,0.0,1,0
16016,105,7,1408.96,579,127,4,201.28,34.333333333333336,2.0,0.2222222222222222,1,0
16017,326,4,1333.7,533,81,3,333.425,95.33333333333333,0.0,0.0,1,0
16018,89,3,451.13,357,39,3,150.37666666666667,275.5,0.0,0.0,1,0
16019,45,25,16495.170000000002,6419,210,14,659.8068000000001,24.5,7.0,0.21875,1,0
16021,304,2,487.03,276,117,2,243.515,149.0,0.0,0.0,1,1
16022,169,1,602.63,255,68,1,602.63,169.0,0.0,0.0,1,1
16023,101,2,500.69,227,59,2,250.345,74.0,0.0,0.0,1,0
16024,321,2,232.96,107,21,1,116.48,0.0,0.0,0.0,1,0
16027,1,15,2048.36,2099,20,11,136.55733333333333,43.42857142857143,3.0,0.16666666666666666,1,1
16028,505,1,82.2,18,5,1,82.2,505.0,0.0,0.0,1,1
16029,3,95,82900.17,39767,55,22,872.6333684210526,6.776595744680851,13.0,0.12037037037037036,1,0
16030,219,1,331.24,283,28,1,331.24,219.0,0.0,0.0,1,1
16031,1,2,547.9,421,91,2,273.95,154.0,0.0,0.0,1,1
16032,365,6,1965.72,1467,130,3,327.62,13.4,0.0,0.0,1,1
16033,17,23,7694.54,2820,444,12,334.54521739130433,17.09090909090909,9.0,0.28125,1,0
16034,105,6,911.32,585,43,4,151.88666666666668,42.6,1.0,0.14285714285714285,1,1
16035,469,1,217.73,33,21,1,217.73,469.0,0.0,0.0,1,1
16036,172,3,1986.65,780,88,3,662.2166666666667,178.0,0.0,0.0,1,0
16037,179,5,1509.3400000000001,766,62,5,301.86800000000005,94.5,2.0,0.2857142857142857,1,1
16038,86,2,393.33,229,23,2,196.665,24.0,1.0,0.3333333333333333,1,0
16039,333,2,456.4,409,27,2,228.2,204.0,1.0,0.3333333333333333,1,1
16040,57,6,1979.53,1010,82,6,329.9216666666667,92.2,1.0,0.14285714285714285,1,0
16041,50,2,2739.8,1044,5,1,1369.9,0.0,0.0,0.0,1,0
16042,17,5,1508.33,947,58,4,301.666,86.5,3.0,0.375,1,0
16043,120,7,1759.0900000000001,850,48,6,251.29857142857145,45.0,0.0,0.0,1,0
16044,344,1,340.84000000000003,170,19,1,340.84000000000003,344.0,0.0,0.0,1,1
16045,29,8,3434.93,2108,111,6,429.36625,54.0,1.0,0.1111111111111111,1,1
16046,471,1,235.78,248,22,1,235.78,471.0,0.0,0.0,1,1
16048,282,4,818.7900000000001,425,30,3,204.69750000000002,58.666666666666664,1.0,0.2,1,1
16049,284,3,777.34,369,175,2,259.11333333333334,70.5,0.0,0.0,1,0
16050,83,3,300.7,388,19,2,100.23333333333333,113.5,0.0,0.0,1,1
16051,591,1,188.44,80,12,1,188.44,591.0,0.0,0.0,1,1
16053,31,5,3247.08,2277,153,4,649.4159999999999,122.0,2.0,0.2857142857142857,1,0
16054,54,4,2111.88,791,109,4,527.97,157.0,3.0,0.42857142857142855,1,1
16055,130,1,134.8,22,8,1,134.8,130.0,0.0,0.0,1,1
16057,5,9,3135.96,1448,148,6,348.44,75.5,6.0,0.4,1,0
16058,315,1,62.7,18,2,1,62.7,315.0,0.0,0.0,1,1
16059,73,10,2545.01,1180,207,9,254.50100000000003,45.0,0.0,0.0,1,0
16060,310,3,541.95,243,22,3,180.65,46.5,0.0,0.0,1,1
16061,340,1,89.65,19,3,1,89.65,340.0,2.0,0.6666666666666666,1,1
16062,43,7,2487.97,1885,122,6,355.4242857142857,67.0,0.0,0.0,1,0
16063,169,1,335.32,262,23,1,335.32,169.0,0.0,0.0,1,1
16064,634,1,109.31,55,17,1,109.31,634.0,0.0,0.0,1,1
16065,274,8,1992.13,1207,214,4,249.01625,13.857142857142858,2.0,0.2,1,1
16066,33,1,316.38,186,6,1,316.38,33.0,0.0,0.0,1,0
16067,472,3,3269.11,1236,60,3,1089.7033333333334,56.0,3.0,0.5,1,1
16068,503,1,115.73,48,34,1,115.73,503.0,0.0,0.0,1,1
16069,327,1,457.7,138,25,1,457.7,327.0,0.0,0.0,1,1
16071,436,3,750.5600000000001,517,47,3,250.1866666666667,63.5,0.0,0.0,1,0
16072,197,4,4180.09,1580,414,3,1045.0225,86.66666666666667,0.0,0.0,1,1
16073,206,1,122.4,48,1,1,122.4,206.0,1.0,0.5,1,1
16074,299,1,252.5,38,23,1,252.5,299.0,0.0,0.0,1,1
16075,412,2,736.9300000000001,271,41,2,368.46500000000003,61.0,1.0,0.3333333333333333,1,1
16076,2,5,1357.98,1012,69,4,271.596,28.75,1.0,0.16666666666666666,1,0
16077,535,1,2300.4,840,8,1,2300.4,535.0,1.0,0.5,1,1
16078,193,2,362.99,200,39,2,181.495,385.0,0.0,0.0,1,1
16080,183,3,515.66,236,24,3,171.88666666666666,88.0,2.0,0.4,1,0
16081,94,6,2471.91,1180,155,6,411.98499999999996,97.8,0.0,0.0,1,0
16082,579,1,106.75,39,16,1,106.75,579.0,0.0,0.0,1,1
16083,10,4,2351.42,1514,61,3,587.855,95.66666666666667,0.0,0.0,1,1
16084,208,1,436.18,216,38,1,436.18,208.0,0.0,0.0,1,1
16085,146,9,1668.24,967,195,8,185.36,56.375,1.0,0.1,1,0
16086,7,9,2466.04,1327,65,9,274.00444444444446,79.875,1.0,0.1,1,0
16087,298,5,1739.92,664,6,5,347.98400000000004,75.0,0.0,0.0,1,1
16088,485,2,1437.43,373,3,2,718.715,15.0,0.0,0.0,1,1
16089,295,2,263.49,119,42,2,131.745,122.0,0.0,0.0,1,1
16090,533,1,180.56,58,18,1,180.56,533.0,0.0,0.0,1,1
16091,64,2,315.06,154,16,2,157.53,43.0,0.0,0.0,1,1
16092,24,6,1587.94,1188,60,5,264.6566666666667,92.8,4.0,0.4,1,1
16093,16,1,17.0,20,1,1,17.0,16.0,0.0,0.0,1,1
16094,128,8,2869.43,1537,81,7,358.67875,54.57142857142857,8.0,0.5,1,0
16095,365,1,447.05,265,30,1,447.05,365.0,0.0,0.0,1,1
16096,173,4,1584.97,700,58,4,396.2425,126.66666666666667,0.0,0.0,1,1
16097,149,1,185.04999999999998,87,10,1,185.04999999999998,149.0,0.0,0.0,1,1
16098,37,13,3717.56,1896,80,12,285.9661538461538,49.666666666666664,0.0,0.0,1,0
16099,47,6,1433.4,888,41,6,238.9,101.6,1.0,0.14285714285714285,1,0
16100,372,1,582.64,438,37,1,582.64,372.0,0.0,0.0,1,1
16101,344,3,1938.46,1087,94,3,646.1533333333333,63.0,1.0,0.25,1,0
16102,8,2,1392.84,776,41,2,696.42,29.0,0.0,0.0,1,0
16103,67,20,5918.47,2469,106,13,295.9235,28.526315789473685,5.0,0.2,1,0
16104,328,8,2476.25,925,162,6,309.53125,44.857142857142854,2.0,0.2,1,0
16105,158,5,2386.19,2125,92,5,477.238,88.75,0.0,0.0,1,1
16107,12,3,1494.1200000000001,500,16,3,498.04,39.5,0.0,0.0,1,0
16108,343,3,1393.42,858,79,3,464.47333333333336,98.5,3.0,0.5,1,0
16109,128,3,939.48,1092,30,3,313.16,239.5,1.0,0.25,1,1
16110,171,3,1138.82,502,235,3,379.6066666666666,130.0,0.0,0.0,1,0
16111,337,1,549.33,233,72,1,549.33,337.0,0.0,0.0,1,1
16112,52,4,195.74,574,15,2,48.935,65.0,0.0,0.0,1,1
16113,92,1,161.38,176,30,1,161.38,92.0,0.0,0.0,1,1
16114,80,1,135.75000000000003,43,8,1,135.75000000000003,80.0,0.0,0.0,1,1
16115,26,9,1817.51,1187,192,9,201.94555555555556,57.125,0.0,0.0,1,0
16116,121,1,612.78,248,34,1,612.78,121.0,1.0,0.5,1,1
16117,99,3,654.4,321,64,3,218.13333333333333,200.5,1.0,0.25,1,1
16118,562,1,4376.25,2851,41,1,4376.25,562.0,4.0,0.8,1,1
16119,303,6,1297.45,571,31,6,216.24166666666667,65.8,0.0,0.0,1,0
16120,331,2,1658.3700000000001,1283,60,1,829.1850000000001,0.0,0.0,0.0,1,0
16121,125,4,881.32,442,159,3,220.33,116.66666666666667,1.0,0.2,1,0
16122,22,5,761.46,1064,26,5,152.292,78.0,0.0,0.0,1,0
16124,226,4,1772.49,797,63,4,443.1225,138.33333333333334,2.0,0.3333333333333333,1,1
16125,276,14,4292.35,1819,168,12,306.5964285714286,27.53846153846154,0.0,0.0,1,1
16126,11,14,12063.53,5099,133,13,861.6807142857143,48.84615384615385,0.0,0.0,1,0
16127,636,1,145.06,68,35,1,145.06,636.0,0.0,0.0,1,0
16128,53,8,2615.53,1823,116,5,326.94125,52.42857142857143,3.0,0.2727272727272727,1,0
16129,316,3,1396.05,1261,91,2,465.34999999999997,50.0,0.0,0.0,1,1
16130,331,4,987.48,296,53,4,246.87,65.0,0.0,0.0,1,1
16131,25,10,8729.38,4210,130,7,872.9379999999999,69.11111111111111,3.0,0.23076923076923078,1,0
16132,453,2,664.1999999999999,280,14,2,332.09999999999997,83.0,0.0,0.0,1,1
16133,10,46,19022.49,10989,235,16,413.53239130434787,11.488888888888889,20.0,0.30303030303030304,1,0
16134,268,4,1810.78,1424,71,4,452.695,60.333333333333336,2.0,0.3333333333333333,1,0
16135,172,2,819.45,395,35,2,409.725,321.0,0.0,0.0,1,1
16136,187,2,396.72,300,17,2,198.36,385.0,1.0,0.3333333333333333,1,0
16137,589,1,422.7,210,28,1,422.7,589.0,0.0,0.0,1,1
16138,288,3,910.35,774,35,3,303.45,106.0,1.0,0.25,1,1
16139,21,4,782.11,427,35,3,195.5275,208.0,0.0,0.0,1,0
16140,280,2,832.4200000000001,646,33,2,416.21000000000004,70.0,0.0,0.0,1,0
16141,326,1,335.54,172,20,1,335.54,326.0,0.0,0.0,1,0
16142,159,1,535.34,422,37,1,535.34,159.0,0.0,0.0,1,1
16143,17,11,4079.5,1662,103,10,370.8636363636364,62.1,4.0,0.26666666666666666,1,0
16144,156,1,175.2,16,1,1,175.2,156.0,0.0,0.0,1,1
16145,9,16,5606.26,4395,190,14,350.39125,32.266666666666666,10.0,0.38461538461538464,1,0
16146,66,4,946.38,544,34,4,236.595,97.0,0.0,0.0,1,1
16147,43,5,2398.91,1395,113,5,479.782,134.5,2.0,0.2857142857142857,1,1
16148,205,2,386.62,250,9,2,193.31,140.0,2.0,0.5,1,1
16149,51,2,305.38,458,23,2,152.69,286.0,0.0,0.0,1,0
16150,38,8,3357.85,1717,120,8,419.73125,84.71428571428571,8.0,0.5,1,0
16152,178,1,1829.04,642,29,1,1829.04,178.0,0.0,0.0,1,1
16153,25,10,4332.8,3150,140,8,433.28000000000003,49.55555555555556,2.0,0.16666666666666666,1,0
16155,291,5,796.9,495,45,4,159.38,39.5,1.0,0.16666666666666666,1,1
16156,61,16,4511.31,2586,156,12,281.956875,39.0,4.0,0.2,1,0
16158,431,9,628.32,182,29,7,69.81333333333333,26.375,1.0,0.1,1,1
16159,191,4,1232.79,635,31,4,308.1975,151.66666666666666,1.0,0.2,1,1
16161,49,36,10083.05,5147,360,17,280.0847222222222,15.114285714285714,12.0,0.25,1,0
16162,161,1,37.4,4,2,1,37.4,161.0,0.0,0.0,1,1
16163,141,6,2407.98,676,59,5,401.33,101.0,8.0,0.5714285714285714,1,1
16165,414,1,79.9,2,1,1,79.9,414.0,0.0,0.0,1,1
16166,337,2,435.83,173,18,2,217.915,263.0,2.0,0.5,1,1
16167,323,5,1386.12,1494,51,4,277.224,81.0,1.0,0.16666666666666666,1,1
16168,4,57,9205.19,4475,119,20,161.49456140350878,11.446428571428571,6.0,0.09523809523809523,1,0
16170,22,19,6544.61,5769,241,13,344.4531578947368,30.333333333333332,5.0,0.20833333333333334,1,0
16172,4,8,1884.55,1419,81,6,235.56875,59.57142857142857,0.0,0.0,1,1
16173,1,2,635.05,242,39,1,317.525,6.0,1.0,0.3333333333333333,1,0
16174,35,7,2246.75,1431,28,6,320.9642857142857,79.33333333333333,0.0,0.0,1,1
16175,3,7,1836.44,932,59,7,262.34857142857146,78.16666666666667,0.0,0.0,1,1
16176,330,4,2052.69,952,53,4,513.1725,66.0,3.0,0.42857142857142855,1,1
16177,346,7,1915.3600000000001,926,66,4,273.6228571428572,35.0,4.0,0.36363636363636365,1,0
16178,47,2,612.6,304,24,2,306.3,263.0,0.0,0.0,1,1
16180,9,13,16249.87,9813,171,8,1249.99,36.166666666666664,3.0,0.1875,1,1
16182,39,8,8198.0,4896,12,8,1024.75,72.85714285714286,0.0,0.0,1,0
16183,304,3,739.1,238,17,2,246.36666666666667,6.0,0.0,0.0,1,0
16184,15,5,985.8000000000001,470,22,4,197.16000000000003,26.25,1.0,0.16666666666666666,1,0
16185,142,2,450.31,214,28,2,225.155,332.0,0.0,0.0,1,0
16186,12,23,7408.02,5816,153,16,322.08782608695657,28.454545454545453,4.0,0.14814814814814814,1,0
16187,8,12,5395.7,3925,140,6,449.64166666666665,16.818181818181817,1.0,0.07692307692307693,1,0
16188,50,4,860.83,701,58,3,215.2075,89.0,1.0,0.2,1,0
16190,304,7,2508.4700000000003,1143,88,7,358.3528571428572,55.0,0.0,0.0,1,0
16191,172,19,13112.980000000001,7609,76,8,690.1568421052632,25.833333333333332,11.0,0.36666666666666664,1,0
16192,645,1,351.3,208,11,1,351.3,645.0,0.0,0.0,1,1
16193,146,2,630.4300000000001,379,38,2,315.21500000000003,174.0,0.0,0.0,1,1
16194,284,1,308.6,140,8,1,308.6,284.0,0.0,0.0,1,1
16195,632,1,323.25,123,16,1,323.25,632.0,0.0,0.0,1,1
16196,398,1,93.3,26,4,1,93.3,398.0,0.0,0.0,1,1
16197,378,9,2016.71,1420,52,6,224.07888888888888,31.75,0.0,0.0,1,1
16198,346,1,629.36,255,18,1,629.36,346.0,0.0,0.0,1,0
16199,301,7,942.75,321,2,6,134.67857142857142,39.666666666666664,0.0,0.0,1,1
16200,73,11,5089.8,2783,281,7,462.70909090909095,57.3,1.0,0.08333333333333333,1,0
16201,19,2,552.45,343,32,2,276.225,305.0,0.0,0.0,1,0
16202,270,9,2501.9900000000002,1307,105,6,277.9988888888889,47.0,2.0,0.18181818181818182,1,1
16203,57,5,729.24,433,48,5,145.848,89.0,1.0,0.16666666666666666,1,0
16204,289,2,534.53,453,47,2,267.265,350.0,1.0,0.3333333333333333,1,0
16205,89,4,1168.23,996,108,4,292.0575,120.66666666666667,0.0,0.0,1,0
16206,34,12,2449.92,1309,182,9,204.16,50.81818181818182,1.0,0.07692307692307693,1,0
16208,198,9,3273.78,1451,164,9,363.75333333333333,45.375,0.0,0.0,1,0
16209,28,8,4001.06,1819,49,6,500.1325,61.0,0.0,0.0,1,0
16210,8,26,23893.63,9217,121,13,918.9857692307693,25.52,2.0,0.07142857142857142,1,0
16211,330,2,543.5699999999999,365,12,2,271.78499999999997,16.0,0.0,0.0,1,0
16212,192,3,1101.52,478,61,3,367.17333333333335,193.0,1.0,0.25,1,0
16214,80,4,2038.25,1308,84,4,509.5625,88.0,0.0,0.0,1,1
16216,176,1,914.9300000000001,254,37,1,914.9300000000001,176.0,0.0,0.0,1,1
16217,144,2,304.25,91,13,2,152.125,46.0,2.0,0.5,1,1
16218,24,12,3519.47,2463,77,8,293.28916666666663,40.54545454545455,6.0,0.3333333333333333,1,0
16219,410,1,40.8,48,1,1,40.8,410.0,0.0,0.0,1,1
16221,185,8,1472.98,1001,116,6,184.1225,30.0,1.0,0.1111111111111111,1,0
16222,227,2,1272.05,463,133,2,636.025,402.0,0.0,0.0,1,1
16223,284,2,1087.05,643,101,1,543.525,20.0,0.0,0.0,1,1
16224,50,4,1187.12,1237,82,3,296.78,82.0,0.0,0.0,1,0
16225,59,14,2716.63,1239,188,10,194.04500000000002,40.0,3.0,0.17647058823529413,1,0
16226,112,5,672.17,521,23,4,134.434,52.5,0.0,0.0,1,1
16227,134,3,1027.22,436,28,3,342.4066666666667,155.0,3.0,0.5,1,1
16228,294,3,885.71,555,45,1,295.2366666666667,7.0,1.0,0.25,1,1
16229,122,5,2215.46,1066,120,5,443.092,87.75,1.0,0.16666666666666666,1,0
16230,99,2,542.03,365,32,2,271.015,30.0,0.0,0.0,1,1
16231,288,4,1074.47,563,69,3,268.6175,72.66666666666667,0.0,0.0,1,1
16232,52,6,2447.13,1737,60,5,407.855,81.2,2.0,0.25,1,0
16233,239,8,1608.13,593,37,8,201.01625,58.142857142857146,3.0,0.2727272727272727,1,0
16234,385,3,333.18,170,13,3,111.06,42.5,1.0,0.25,1,1
16235,96,7,1851.69,709,75,7,264.52714285714285,47.166666666666664,2.0,0.2222222222222222,1,0
16237,346,1,136.65,57,7,1,136.65,346.0,0.0,0.0,1,1
16238,332,1,63.66,85,6,1,63.66,332.0,0.0,0.0,1,1
16239,99,5,1425.9,646,21,4,285.18,68.25,1.0,0.16666666666666666,1,0
16241,5,13,3177.93,1758,437,10,244.45615384615382,26.083333333333332,0.0,0.0,1,0
16242,74,10,4671.38,2327,273,9,467.13800000000003,52.0,4.0,0.2857142857142857,1,0
16244,121,2,1522.75,855,88,2,761.375,160.0,0.0,0.0,1,1
16245,31,2,769.7,430,49,2,384.85,135.0,1.0,0.3333333333333333,1,0
16246,369,2,821.35,336,79,2,410.675,209.0,0.0,0.0,1,1
16247,79,1,114.56,182,16,1,114.56,79.0,0.0,0.0,1,1
16249,22,4,1440.77,762,48,4,360.1925,42.0,0.0,0.0,1,0
16250,170,3,565.24,268,29,3,188.41333333333333,62.5,0.0,0.0,1,1
16251,421,1,128.31,44,20,1,128.31,421.0,0.0,0.0,1,1
16252,292,1,295.09000000000003,158,21,1,295.09000000000003,292.0,1.0,0.5,1,1
16253,164,6,5288.74,4137,170,5,881.4566666666666,95.0,1.0,0.14285714285714285,1,0
16254,287,3,967.44,543,65,3,322.48,126.5,0.0,0.0,1,1
16255,5,14,4092.88,2570,219,13,292.34857142857146,45.23076923076923,4.0,0.2222222222222222,1,0
16256,176,3,1629.37,1590,27,3,543.1233333333333,165.5,1.0,0.25,1,1
16257,86,1,46.95,2,2,1,46.95,86.0,0.0,0.0,1,1
16258,36,14,10480.07,6551,216,11,748.5764285714286,39.38461538461539,1.0,0.06666666666666667,1,0
16259,319,3,340.94,143,75,2,113.64666666666666,97.0,0.0,0.0,1,1
16261,22,4,722.61,347,89,4,180.6525,109.66666666666667,0.0,0.0,1,0
16262,287,1,755.15,446,46,1,755.15,287.0,2.0,0.6666666666666666,1,1
16263,332,1,348.16,197,19,1,348.16,332.0,0.0,0.0,1,1
16264,347,2,823.53,616,62,1,411.765,7.0,0.0,0.0,1,1
16265,20,10,5550.1900000000005,2439,161,7,555.019,32.888888888888886,3.0,0.23076923076923078,1,0
16266,25,13,1657.18,746,67,9,127.47538461538463,46.416666666666664,0.0,0.0,1,0
16267,500,1,186.66,198,7,1,186.66,500.0,0.0,0.0,1,1
16269,347,1,717.57,579,53,1,717.57,347.0,1.0,0.5,1,1
16270,262,1,1141.24,688,54,1,1141.24,262.0,0.0,0.0,1,1
16271,35,7,2846.61,2006,145,7,406.65857142857146,86.0,1.0,0.125,1,0
16272,26,1,411.7,224,25,1,411.7,26.0,0.0,0.0,1,1
16273,557,2,318.34000000000003,40,15,2,159.17000000000002,7.0,0.0,0.0,1,1
16274,282,1,331.55,151,63,1,331.55,282.0,0.0,0.0,1,1
16275,106,3,2151.11,1268,105,3,717.0366666666667,222.0,0.0,0.0,1,1
16276,86,3,2629.3900000000003,1467,20,3,876.4633333333335,215.0,0.0,0.0,1,1
16277,643,1,188.69,33,23,1,188.69,643.0,0.0,0.0,1,1
16278,9,3,1117.84,342,50,3,372.6133333333333,199.5,3.0,0.5,1,1
16279,86,7,4554.58,2793,175,7,650.6542857142857,69.83333333333333,1.0,0.125,1,0
16280,634,1,238.05,101,16,1,238.05,634.0,0.0,0.0,1,1
16281,333,2,1361.96,636,19,2,680.98,258.0,1.0,0.3333333333333333,1,0
16282,249,3,1307.5800000000002,790,31,3,435.86000000000007,189.0,0.0,0.0,1,1
16283,30,6,3364.16,2070,333,6,560.6933333333333,105.6,3.0,0.3333333333333333,1,0
16284,302,1,205.8,139,30,1,205.8,302.0,0.0,0.0,1,0
16285,555,1,176.9,60,31,1,176.9,555.0,0.0,0.0,1,1
16286,386,2,328.95,101,17,2,164.475,146.0,2.0,0.5,1,1
16287,79,5,1006.98,1426,18,5,201.39600000000002,129.75,0.0,0.0,1,1
16288,379,1,129.85,19,7,1,129.85,379.0,0.0,0.0,1,1
16289,371,1,136.31,97,21,1,136.31,371.0,1.0,0.5,1,1
16290,374,4,1957.7,957,85,4,489.425,33.666666666666664,0.0,0.0,1,1
16292,31,5,1253.76,688,51,5,250.752,120.5,4.0,0.4444444444444444,1,1
16293,1,11,3484.54,1494,145,8,316.7763636363636,63.7,2.0,0.15384615384615385,1,0
16294,386,1,126.05000000000001,54,8,1,126.05000000000001,386.0,0.0,0.0,1,1
16296,535,4,1313.67,645,56,3,328.4175,31.666666666666668,2.0,0.3333333333333333,1,1
16297,178,1,301.9,206,20,1,301.9,178.0,3.0,0.75,1,1
16298,96,5,601.8,160,20,4,120.35999999999999,63.75,2.0,0.2857142857142857,1,0
16299,386,1,193.65,107,12,1,193.65,386.0,1.0,0.5,1,1
16300,339,3,1367.32,643,190,3,455.7733333333333,122.5,0.0,0.0,1,1
16301,646,1,107.33,41,6,1,107.33,646.0,0.0,0.0,1,1
16302,36,1,233.22,158,11,1,233.22,36.0,1.0,0.5,1,1
16303,25,6,6603.97,3225,149,6,1100.6616666666666,103.0,2.0,0.25,1,0
16304,604,1,381.66,228,25,1,381.66,604.0,0.0,0.0,1,1
16305,48,1,361.22,256,22,1,361.22,48.0,0.0,0.0,1,1
16306,123,7,1124.72,712,55,5,160.67428571428573,36.833333333333336,3.0,0.3,1,1
16307,338,3,1194.92,1123,69,3,398.3066666666667,73.5,0.0,0.0,1,1
16308,17,6,4160.0,13000,1,6,693.3333333333334,123.2,0.0,0.0,1,0
16309,15,2,706.57,467,39,2,353.285,134.0,1.0,0.3333333333333333,1,1
16310,323,2,460.08,270,26,2,230.04,227.0,0.0,0.0,1,1
16312,341,1,171.15,53,10,1,171.15,341.0,0.0,0.0,1,1
16314,299,3,1491.4,636,58,3,497.1333333333334,41.5,0.0,0.0,1,1
16315,240,2,402.71,143,21,2,201.355,205.0,0.0,0.0,1,1
16316,66,12,5018.81,2758,181,9,418.2341666666667,30.545454545454547,5.0,0.29411764705882354,1,0
16317,29,5,2192.51,1236,103,5,438.50200000000007,116.25,1.0,0.16666666666666666,1,1
16319,127,1,404.40000000000003,72,3,1,404.40000000000003,127.0,0.0,0.0,1,1
16320,81,6,5628.99,3319,193,5,938.165,101.8,2.0,0.25,0,1
16321,214,5,454.55,187,14,4,90.91,108.25,2.0,0.2857142857142857,0,0
16323,105,2,353.66,146,4,2,176.83,381.0,0.0,0.0,1,1
16324,37,3,408.59000000000003,270,100,2,136.1966666666667,24.0,0.0,0.0,1,1
16325,64,11,3419.28,2390,103,8,310.8436363636364,58.0,4.0,0.26666666666666666,1,0
16326,6,18,3111.7,717,184,13,172.8722222222222,34.294117647058826,1.0,0.05263157894736842,1,0
16327,108,14,8778.41,7146,269,13,627.0292857142857,40.46153846153846,4.0,0.2222222222222222,1,0
16328,472,1,310.83,141,16,1,310.83,472.0,0.0,0.0,1,1
16329,337,4,1664.92,797,83,4,416.23,103.66666666666667,0.0,0.0,1,1
16330,21,6,422.43,202,86,4,70.405,110.0,1.0,0.14285714285714285,1,0
16331,341,6,2037.7,756,33,3,339.6166666666667,42.0,0.0,0.0,1,1
16332,39,7,1066.46,594,80,6,152.35142857142858,76.33333333333333,1.0,0.125,1,0
16333,8,18,15619.6,24352,8,6,867.7555555555556,12.352941176470589,0.0,0.0,1,0
16334,401,1,263.73,206,54,1,263.73,401.0,0.0,0.0,1,1
16335,461,7,2753.52,1004,193,6,393.36,30.666666666666668,1.0,0.125,1,1
16336,330,4,3517.69,1473,64,3,879.4225,70.33333333333333,0.0,0.0,1,1
16338,66,1,214.8,94,11,1,214.8,66.0,0.0,0.0,1,1
16339,193,1,94.05,21,17,1,94.05,193.0,0.0,0.0,1,1
16340,16,3,1496.24,1319,277,3,498.74666666666667,222.0,0.0,0.0,1,1
16341,110,4,2676.57,2158,81,3,669.1425,136.0,2.0,0.3333333333333333,1,0
16342,17,3,283.71000000000004,145,10,3,94.57000000000001,35.5,0.0,0.0,1,0
16343,316,1,285.54,170,28,1,285.54,316.0,0.0,0.0,1,0
16344,67,4,842.42,706,43,4,210.605,170.0,0.0,0.0,1,1
16345,392,1,613.33,323,68,1,613.33,392.0,0.0,0.0,1,0
16346,294,1,224.51,289,15,1,224.51,294.0,0.0,0.0,1,1
16347,297,9,2595.51,1374,167,7,288.39000000000004,31.125,2.0,0.18181818181818182,1,0
16348,37,5,1064.72,753,141,4,212.94400000000002,75.5,0.0,0.0,1,0
16349,200,1,53.5,9,9,1,53.5,200.0,0.0,0.0,1,1
16350,243,6,1514.1200000000001,728,59,3,252.35333333333335,18.8,3.0,0.3333333333333333,1,0
16351,242,13,3330.03,2165,124,10,256.15615384615387,33.5,5.0,0.2777777777777778,1,1
16353,1,29,6587.56,2737,73,15,227.15724137931036,22.857142857142858,3.0,0.09375,1,0
16354,289,3,723.66,442,87,3,241.22,105.5,0.0,0.0,1,0
16355,284,1,416.35,179,47,1,416.35,284.0,1.0,0.5,1,1
16356,107,6,415.87,190,27,5,69.31166666666667,70.8,1.0,0.14285714285714285,1,1
16357,71,3,467.44,198,22,3,155.81333333333333,109.0,0.0,0.0,1,0
16358,93,2,1354.3000000000002,984,61,2,677.1500000000001,210.0,1.0,0.3333333333333333,1,0
16359,4,14,2358.06,1457,77,13,168.43285714285713,43.61538461538461,4.0,0.2222222222222222,1,0
16362,0,4,572.82,272,44,2,143.205,115.33333333333333,3.0,0.42857142857142855,1,0
16364,46,1,346.3,114,28,1,346.3,46.0,0.0,0.0,1,0
16365,32,13,2489.48,855,86,10,191.49846153846153,50.416666666666664,1.0,0.07142857142857142,1,0
16366,491,3,1220.83,626,57,3,406.9433333333333,70.5,0.0,0.0,1,0
16367,272,2,716.9,547,119,2,358.45,20.0,0.0,0.0,1,0
16368,345,1,141.53,56,20,1,141.53,345.0,0.0,0.0,1,0
16369,106,5,1465.6000000000001,758,42,5,293.12,103.5,0.0,0.0,1,0
16370,26,3,944.49,519,133,3,314.83,53.5,0.0,0.0,1,0
16371,358,1,157.2,108,11,1,157.2,358.0,0.0,0.0,1,1
16372,318,3,934.58,564,203,2,311.5266666666667,98.5,1.0,0.25,1,0
16373,291,2,309.49,119,25,2,154.745,29.0,0.0,0.0,1,1
16374,171,4,1404.97,583,226,4,351.2425,108.66666666666667,0.0,0.0,1,0
16375,379,2,104.0,74,11,1,52.0,0.0,0.0,0.0,1,1
16377,176,2,1308.48,2928,6,2,654.24,350.0,0.0,0.0,1,1
16378,156,3,362.95,267,22,2,120.98333333333333,31.5,0.0,0.0,1,1
16381,305,2,247.85,108,60,2,123.925,22.0,0.0,0.0,1,1
16382,317,2,353.1,167,42,2,176.55,142.0,0.0,0.0,1,1
16383,177,6,2553.69,1421,218,6,425.615,80.8,2.0,0.25,1,0
16384,173,3,1183.55,801,71,3,394.51666666666665,163.0,0.0,0.0,1,0
16385,67,4,600.3100000000001,370,79,4,150.07750000000001,157.66666666666666,0.0,0.0,1,0
16386,163,2,826.69,521,55,2,413.345,134.0,0.0,0.0,1,0
16387,232,5,882.46,448,68,5,176.49200000000002,78.75,0.0,0.0,1,1
16388,563,1,186.05,83,13,1,186.05,563.0,0.0,0.0,1,1
16389,114,2,670.1700000000001,307,16,2,335.08500000000004,77.0,0.0,0.0,1,0
16390,446,3,467.5,122,16,2,155.83333333333334,71.0,0.0,0.0,1,1
16391,310,4,1048.86,713,260,4,262.215,53.666666666666664,0.0,0.0,1,1
16392,179,3,755.45,603,124,3,251.8166666666667,146.0,0.0,0.0,1,1
16393,3,19,4018.78,2441,296,14,211.51473684210526,35.77777777777778,3.0,0.13636363636363635,1,0
16394,80,3,933.1,1404,49,3,311.03333333333336,59.0,1.0,0.25,1,0
16395,77,12,2999.8,2324,370,7,249.98333333333335,51.36363636363637,3.0,0.2,1,0
16396,385,1,137.8,80,8,1,137.8,385.0,2.0,0.6666666666666666,1,1
16397,537,1,123.13,43,9,1,123.13,537.0,0.0,0.0,1,1
16398,63,2,1705.8,758,75,2,852.9,99.0,2.0,0.5,1,1
16399,144,2,398.81,330,64,2,199.405,153.0,0.0,0.0,1,0
16400,4,9,3059.85,2066,214,8,339.98333333333335,79.5,0.0,0.0,1,1
16401,41,18,5204.55,4471,99,12,289.14166666666665,24.88235294117647,15.0,0.45454545454545453,1,0
16402,174,2,293.45,146,55,2,146.725,104.0,0.0,0.0,1,1
16403,221,1,177.5,114,10,1,177.5,221.0,1.0,0.5,1,1
16405,211,2,167.25,187,3,1,83.625,7.0,0.0,0.0,1,1
16406,360,2,374.01,141,85,2,187.005,203.0,1.0,0.3333333333333333,1,0
16407,19,12,2164.34,1101,101,8,180.36166666666668,29.272727272727273,0.0,0.0,1,0
16408,500,1,231.93,227,45,1,231.93,500.0,0.0,0.0,1,1
16409,59,10,4663.13,3035,316,9,466.313,63.888888888888886,0.0,0.0,1,0
16410,643,1,130.32,348,5,1,130.32,643.0,0.0,0.0,1,1
16411,278,3,673.24,399,119,3,224.41333333333333,29.0,0.0,0.0,1,0
16412,303,4,457.2,225,72,4,114.3,93.0,0.0,0.0,1,0
16413,285,1,259.83,135,32,1,259.83,285.0,0.0,0.0,1,0
16414,189,4,475.76,190,56,4,118.94,138.0,0.0,0.0,1,0
16415,493,2,496.49,330,78,2,248.245,92.0,0.0,0.0,1,0
16416,299,6,1906.48,1526,92,4,317.74666666666667,52.8,0.0,0.0,1,0
16417,402,1,35.7,6,1,1,35.7,402.0,0.0,0.0,1,1
16418,2,4,765.98,458,94,3,191.495,109.66666666666667,0.0,0.0,1,0
16419,22,8,1463.7,701,62,6,182.9625,79.28571428571429,1.0,0.1111111111111111,1,1
16420,305,1,75.0,120,2,1,75.0,305.0,0.0,0.0,1,1
16421,285,3,526.27,123,35,3,175.42333333333332,46.5,0.0,0.0,1,1
16422,9,96,56162.17,57935,110,21,585.0226041666666,6.28421052631579,36.0,0.2727272727272727,1,0
16424,100,2,443.06,212,10,2,221.53,191.0,1.0,0.3333333333333333,1,1
16425,211,1,302.7,199,21,1,302.7,211.0,0.0,0.0,1,1
16426,2,4,689.83,414,64,2,172.4575,61.0,0.0,0.0,1,0
16427,172,2,241.06,156,8,2,120.53,21.0,0.0,0.0,1,1
16428,323,3,638.49,575,121,2,212.83,42.0,0.0,0.0,1,1
16429,15,1,284.55,9,2,1,284.55,15.0,0.0,0.0,1,1
16430,290,5,802.09,203,16,3,160.418,75.0,0.0,0.0,1,0
16431,122,3,623.28,442,51,2,207.76,42.0,0.0,0.0,1,1
16433,318,1,200.26,108,17,1,200.26,318.0,0.0,0.0,1,0
16434,5,9,2060.73,992,90,7,228.97,74.25,1.0,0.1,1,0
16435,421,3,1003.0699999999999,608,119,1,334.3566666666666,1.0,0.0,0.0,1,1
16436,577,3,319.14,227,37,2,106.38,32.0,1.0,0.25,1,1
16437,290,2,301.25,197,17,2,150.625,48.0,0.0,0.0,1,1
16439,631,1,310.70000000000005,74,9,1,310.70000000000005,631.0,0.0,0.0,1,1
16440,124,2,488.76,205,58,2,244.38,279.0,0.0,0.0,1,0
16441,200,4,842.98,414,59,4,210.745,111.66666666666667,1.0,0.2,1,0
16442,137,4,715.11,489,165,4,178.7775,166.33333333333334,0.0,0.0,1,0
16443,430,1,162.24,96,1,1,162.24,430.0,0.0,0.0,1,1
16444,4,16,3512.61,1875,208,11,219.538125,35.333333333333336,3.0,0.15789473684210525,1,0
16445,296,3,352.65,176,93,2,117.55,12.0,0.0,0.0,1,0
16446,115,1,2.9,2,2,1,2.9,115.0,1.0,0.5,1,0
16447,45,3,727.1,315,59,3,242.36666666666667,262.0,0.0,0.0,1,1
16448,107,2,361.12,176,45,2,180.56,272.0,0.0,0.0,1,1
16449,107,2,707.69,367,40,2,353.845,82.0,1.0,0.3333333333333333,1,1
16450,59,3,1505.73,681,36,3,501.91,253.0,1.0,0.25,1,1
16451,470,2,746.1800000000001,404,50,2,373.09000000000003,174.0,1.0,0.3333333333333333,1,0
16452,540,2,332.17,199,14,2,166.085,63.0,0.0,0.0,1,1
16453,440,2,251.71,139,15,1,125.855,17.0,0.0,0.0,1,1
16454,516,2,24.05,6,2,1,12.025,4.0,4.0,0.6666666666666666,1,0
16455,4,10,3477.77,2619,96,7,347.777,58.333333333333336,2.0,0.16666666666666666,1,0
16456,8,13,6000.94,3296,226,11,461.6107692307692,43.416666666666664,1.0,0.07142857142857142,1,1
16457,127,1,208.36,140,9,1,208.36,127.0,0.0,0.0,1,1
16458,15,23,4359.65,2601,82,15,189.54999999999998,20.727272727272727,0.0,0.0,1,0
16459,639,1,71.78999999999999,59,5,1,71.78999999999999,639.0,0.0,0.0,1,1
16461,87,3,1539.83,927,222,3,513.2766666666666,234.0,0.0,0.0,1,1
16462,95,2,68.0,8,1,2,34.0,98.0,0.0,0.0,1,0
16463,113,1,319.37,179,19,1,319.37,113.0,1.0,0.5,1,0
16464,51,1,380.33,310,88,1,380.33,51.0,0.0,0.0,1,0
16465,330,2,746.24,504,45,2,373.12,23.0,1.0,0.3333333333333333,1,1
16466,12,13,3170.76,1521,178,12,243.9046153846154,44.833333333333336,1.0,0.07142857142857142,1,0
16467,418,7,2869.16,7384,14,6,409.88,38.0,1.0,0.125,1,1
16468,379,2,712.62,340,37,1,356.31,11.0,0.0,0.0,1,0
16469,155,3,446.78000000000003,183,73,2,148.92666666666668,133.5,0.0,0.0,1,0
16470,25,10,2203.21,1171,254,9,220.321,68.0,1.0,0.09090909090909091,1,0
16471,184,4,1189.98,670,48,4,297.495,125.66666666666667,2.0,0.3333333333333333,1,1
16472,343,2,789.6,252,39,2,394.8,163.0,0.0,0.0,1,1
16473,74,4,470.83,296,26,4,117.7075,69.66666666666667,1.0,0.2,1,1
16474,54,1,341.35,193,82,1,341.35,54.0,1.0,0.5,1,0
16475,53,3,459.3,318,22,3,153.1,65.0,0.0,0.0,1,0
16476,341,1,350.35,187,24,1,350.35,341.0,2.0,0.6666666666666666,1,1
16477,41,10,3599.17,2191,163,9,359.91700000000003,39.22222222222222,0.0,0.0,1,0
16481,591,1,453.38,201,16,1,453.38,591.0,2.0,0.6666666666666666,1,1
16483,101,1,139.35,44,19,1,139.35,101.0,0.0,0.0,1,1
16484,83,2,404.3,200,25,1,202.15,17.0,1.0,0.3333333333333333,1,1
16485,341,4,1923.54,918,93,4,480.885,100.33333333333333,2.0,0.3333333333333333,1,0
16486,447,1,134.36,24,7,1,134.36,447.0,0.0,0.0,1,1
16487,486,2,209.4,163,28,2,104.7,81.0,0.0,0.0,1,1
16488,24,2,354.57,619,22,2,177.285,33.0,1.0,0.3333333333333333,1,0
16489,289,2,303.7,38,4,2,151.85,55.0,0.0,0.0,1,1
16490,345,1,205.41000000000003,113,13,1,205.41000000000003,345.0,1.0,0.5,1,1
16491,322,1,801.66,582,48,1,801.66,322.0,1.0,0.5,1,0
16492,450,1,385.56,235,23,1,385.56,450.0,0.0,0.0,1,1
16493,82,6,1562.75,1530,62,6,260.4583333333333,90.0,1.0,0.14285714285714285,1,0
16494,206,1,826.53,675,47,1,826.53,206.0,0.0,0.0,1,1
16495,185,2,246.51,166,32,1,123.255,0.0,0.0,0.0,1,0
16496,117,5,1916.29,1437,101,4,383.258,75.25,1.0,0.16666666666666666,1,0
16497,112,22,5280.29,2443,204,12,240.0131818181818,25.333333333333332,0.0,0.0,1,0
16498,70,2,100.97,45,15,2,50.485,0.0,1.0,0.3333333333333333,1,1
16499,269,8,2578.34,1364,104,6,322.2925,26.571428571428573,5.0,0.38461538461538464,1,1
16500,240,4,608.05,264,20,3,152.0125,70.66666666666667,1.0,0.2,1,0
16501,292,1,1191.23,628,181,1,1191.23,292.0,0.0,0.0,1,1
16502,529,2,258.55,220,41,1,129.275,0.0,0.0,0.0,1,1
16503,16,11,3614.34,1535,161,9,328.5763636363636,42.9,2.0,0.15384615384615385,1,1
16507,481,1,142.71,111,37,1,142.71,481.0,0.0,0.0,1,1
16508,539,1,240.95,103,42,1,240.95,539.0,0.0,0.0,1,1
16509,206,1,363.70000000000005,64,13,1,363.70000000000005,206.0,0.0,0.0,1,1
16510,281,6,1757.25,927,93,5,292.875,63.8,0.0,0.0,1,1
16511,54,5,1405.86,627,188,5,281.17199999999997,125.75,0.0,0.0,1,0
16515,1,9,2802.28,1435,176,8,311.3644444444445,56.0,0.0,0.0,1,0
16517,186,1,162.70000000000002,96,17,1,162.70000000000002,186.0,0.0,0.0,1,1
16518,193,3,665.75,321,39,3,221.91666666666666,136.0,2.0,0.4,1,0
16519,274,3,327.68,120,25,3,109.22666666666667,141.5,0.0,0.0,1,0
16520,95,6,2148.38,1045,251,6,358.06333333333333,92.0,2.0,0.25,1,1
16521,324,3,1136.36,1013,211,2,378.78666666666663,116.0,0.0,0.0,1,1
16522,345,2,433.36,212,16,1,216.68,14.0,0.0,0.0,1,1
16523,5,20,7743.81,3039,121,13,387.19050000000004,30.94736842105263,6.0,0.23076923076923078,1,0
16524,355,2,306.19,259,50,2,153.095,245.0,0.0,0.0,1,1
16525,8,43,21496.2,12858,109,22,499.9116279069768,15.19047619047619,6.0,0.12244897959183673,1,0
16526,81,2,717.21,279,30,2,358.605,412.0,0.0,0.0,1,1
16527,333,1,1004.88,602,58,1,1004.88,333.0,0.0,0.0,1,0
16529,99,4,1986.8,739,87,4,496.7,113.33333333333333,0.0,0.0,1,1
16530,577,1,48.35,17,3,1,48.35,577.0,0.0,0.0,1,1
16531,36,8,1738.27,1515,91,7,217.28375,44.857142857142854,1.0,0.1111111111111111,1,0
16532,45,4,6524.639999999999,2064,2,4,1631.1599999999999,161.66666666666666,0.0,0.0,1,0
16534,551,1,635.9,168,36,1,635.9,551.0,0.0,0.0,1,1
16535,294,1,358.28999999999996,307,35,1,358.28999999999996,294.0,0.0,0.0,1,0
16536,19,1,548.12,250,49,1,548.12,19.0,1.0,0.5,1,1
16537,550,1,10.55,19,2,1,10.55,550.0,0.0,0.0,1,1
16538,450,3,395.07,254,35,2,131.69,27.0,0.0,0.0,1,1
16539,129,9,2954.46,958,81,6,328.2733333333333,39.0,0.0,0.0,1,0
16540,323,1,205.75,105,25,1,205.75,323.0,0.0,0.0,1,1
16541,644,1,424.03,173,38,1,424.03,644.0,1.0,0.5,1,1
16542,310,1,137.7,96,9,1,137.7,310.0,0.0,0.0,1,0
16543,501,1,292.21,317,18,1,292.21,501.0,1.0,0.5,1,1
16544,429,4,376.70000000000005,150,8,2,94.17500000000001,47.333333333333336,2.0,0.3333333333333333,1,1
16545,74,2,689.8199999999999,322,6,2,344.90999999999997,210.0,0.0,0.0,1,1
16546,200,5,5307.07,4211,75,4,1061.414,37.75,2.0,0.2857142857142857,1,1
16547,455,1,104.25999999999999,108,25,1,104.25999999999999,455.0,0.0,0.0,1,1
16548,508,1,30.15,6,6,1,30.15,508.0,0.0,0.0,1,1
16549,33,26,9527.26,5306,687,11,366.43307692307695,19.84,3.0,0.10344827586206896,1,0
16550,18,18,8807.68,5403,273,15,489.3155555555556,36.94117647058823,11.0,0.3793103448275862,1,1
16551,5,7,2237.12,2076,67,7,319.5885714285714,105.0,0.0,0.0,1,1
16552,152,2,379.73,219,17,2,189.865,130.0,0.0,0.0,1,1
16553,72,33,16584.01,16427,195,12,502.54575757575753,15.6875,3.0,0.08333333333333333,1,1
16554,131,7,2318.73,1073,90,7,331.2471428571429,83.66666666666667,9.0,0.5625,1,0
16555,19,5,1781.77,1731,54,2,356.354,98.75,4.0,0.4444444444444444,1,0
16556,15,16,7255.16,3805,251,15,453.4475,41.8,7.0,0.30434782608695654,1,0
16557,46,1,101.15,13,6,1,101.15,46.0,0.0,0.0,1,0
16558,1,32,9650.79,5688,305,19,301.5871875,20.741935483870968,9.0,0.21951219512195122,1,0
16559,306,1,175.0,61,17,1,175.0,306.0,0.0,0.0,1,1
16560,267,7,2539.15,1272,111,6,362.7357142857143,62.166666666666664,1.0,0.125,1,0
16562,386,1,223.86,264,34,1,223.86,386.0,0.0,0.0,1,1
16563,309,5,3334.82,2098,46,5,666.964,84.25,1.0,0.16666666666666666,1,0
16564,478,1,87.80000000000001,40,5,1,87.80000000000001,478.0,0.0,0.0,1,1
16565,273,4,773.05,211,7,4,193.2625,63.666666666666664,1.0,0.2,1,1
16566,79,3,463.88,216,9,3,154.62666666666667,61.0,1.0,0.25,1,0
16567,103,2,865.6,996,34,2,432.8,142.0,0.0,0.0,1,1
16568,337,2,1020.9,366,5,2,510.45,213.0,0.0,0.0,1,1
16569,540,4,1331.03,895,23,4,332.7575,30.666666666666668,0.0,0.0,1,0
16570,36,16,5829.9800000000005,3607,100,11,364.37375000000003,32.8,10.0,0.38461538461538464,1,0
16571,85,9,3723.84,3355,136,9,413.76,56.875,6.0,0.4,1,0
16572,36,3,1009.6,532,40,3,336.53333333333336,74.0,1.0,0.25,1,1
16573,199,1,292.63,111,16,1,292.63,199.0,1.0,0.5,1,0
16574,333,2,850.34,586,58,2,425.17,234.0,0.0,0.0,1,0
16576,329,2,540.87,323,32,2,270.435,101.0,3.0,0.6,1,1
16577,576,1,380.0,142,23,1,380.0,576.0,0.0,0.0,1,1
16578,535,1,156.6,108,9,1,156.6,535.0,0.0,0.0,1,1
16579,335,1,295.05,119,14,1,295.05,335.0,1.0,0.5,1,1
16581,92,1,105.84,134,9,1,105.84,92.0,1.0,0.5,1,1
16582,22,1,313.62,164,6,1,313.62,22.0,0.0,0.0,1,1
16583,283,2,297.95,153,18,2,148.975,299.0,0.0,0.0,1,1
16584,163,4,2832.03,1755,52,4,708.0075,135.66666666666666,2.0,0.3333333333333333,1,0
16585,503,2,341.59000000000003,151,16,2,170.79500000000002,101.0,0.0,0.0,1,1
16586,158,3,1462.78,348,27,3,487.5933333333333,193.0,0.0,0.0,1,1
16587,141,1,225.15,71,13,1,225.15,141.0,0.0,0.0,1,1
16588,295,4,1361.28,882,64,4,340.32,62.666666666666664,0.0,0.0,1,1
16589,16,3,367.8,324,22,3,122.60000000000001,171.5,0.0,0.0,1,0
16590,310,2,605.9,240,26,2,302.95,13.0,1.0,0.3333333333333333,1,1
16592,46,22,5908.56,4362,187,13,268.5709090909091,27.80952380952381,5.0,0.18518518518518517,1,0
16593,99,7,996.61,346,53,6,142.37285714285716,90.83333333333333,1.0,0.125,1,0
16595,285,4,1397.59,996,286,4,349.3975,105.0,0.0,0.0,1,0
16596,275,3,329.48,130,17,3,109.82666666666667,181.5,0.0,0.0,1,0
16598,195,1,145.05,73,10,1,145.05,195.0,1.0,0.5,1,1
16599,295,1,172.8,159,12,1,172.8,295.0,0.0,0.0,1,1
16600,162,9,1577.35,1643,77,6,175.2611111111111,58.5,3.0,0.25,1,0
16601,300,2,434.3,258,38,2,217.15,232.0,0.0,0.0,1,0
16602,298,1,235.25,93,11,1,235.25,298.0,2.0,0.6666666666666666,1,0
16603,0,1,296.62,363,23,1,296.62,0.0,0.0,0.0,1,0
16604,472,2,432.45000000000005,175,10,1,216.22500000000002,5.0,1.0,0.3333333333333333,1,1
16605,633,1,60.48,144,1,1,60.48,633.0,0.0,0.0,1,1
16606,313,2,357.66,148,16,1,178.83,30.0,0.0,0.0,1,1
16607,37,21,4626.74,3647,173,14,220.32095238095238,23.05,4.0,0.16,1,0
16608,363,2,1286.6200000000001,612,94,2,643.3100000000001,209.0,0.0,0.0,1,1
16609,44,5,2710.04,1245,103,3,542.008,29.25,1.0,0.16666666666666666,1,0
16610,128,1,75.66,66,6,1,75.66,128.0,0.0,0.0,1,1
16611,95,6,1785.13,874,86,5,297.5216666666667,90.4,1.0,0.14285714285714285,1,1
16612,28,8,2928.07,1307,100,7,366.00875,88.0,1.0,0.1111111111111111,1,0
16614,92,3,1179.79,349,37,3,393.2633333333333,197.5,0.0,0.0,1,1
16615,535,1,291.5,211,19,1,291.5,535.0,1.0,0.5,1,1
16616,66,1,210.10000000000002,110,11,1,210.10000000000002,66.0,0.0,0.0,1,0
16617,145,1,151.85,91,5,1,151.85,145.0,0.0,0.0,1,1
16618,120,4,1441.29,771,44,3,360.3225,37.0,1.0,0.2,1,0
16619,173,4,1938.3300000000002,1055,103,4,484.58250000000004,130.33333333333334,1.0,0.2,1,1
16620,170,5,1675.73,1106,74,5,335.146,119.25,0.0,0.0,1,0
16621,57,3,609.41,187,17,3,203.13666666666666,65.0,0.0,0.0,1,0
16622,453,1,225.4,44,12,1,225.4,453.0,1.0,0.5,1,1
16623,155,4,1015.24,442,44,4,253.81,115.33333333333333,1.0,0.2,1,1
16624,106,1,426.43,196,21,1,426.43,106.0,0.0,0.0,1,0
16625,184,5,1654.03,1057,82,5,330.806,67.25,1.0,0.16666666666666666,1,1
16626,22,7,2165.34,1108,74,4,309.3342857142857,25.5,1.0,0.125,1,0
16628,16,6,1749.89,899,69,6,291.64833333333337,106.8,1.0,0.14285714285714285,1,0
16629,5,1,227.68,212,46,1,227.68,5.0,0.0,0.0,1,0
16630,316,1,106.80000000000001,72,4,1,106.80000000000001,316.0,1.0,0.5,1,1
16631,391,7,1892.52,775,46,6,270.36,28.333333333333332,1.0,0.125,1,1
16632,395,2,406.4,256,22,2,203.2,95.0,0.0,0.0,1,1
16633,23,3,1168.26,463,51,3,389.42,59.5,0.0,0.0,1,0
16634,132,6,1649.81,1257,72,6,274.9683333333333,93.0,4.0,0.4,1,1
16635,316,1,473.0,277,25,1,473.0,316.0,0.0,0.0,1,1
16636,347,4,3802.04,2186,62,3,950.51,69.0,0.0,0.0,1,1
16637,33,2,530.55,351,29,2,265.275,102.0,0.0,0.0,1,0
16638,8,14,2250.35,1571,123,9,160.7392857142857,29.153846153846153,1.0,0.06666666666666667,1,0
16639,116,3,961.62,400,48,3,320.54,101.0,0.0,0.0,1,0
16640,307,1,179.4,146,13,1,179.4,307.0,0.0,0.0,1,1
16641,15,2,554.5,454,36,2,277.25,596.0,0.0,0.0,1,1
16642,117,2,696.85,427,33,2,348.425,207.0,2.0,0.5,1,0
16643,155,2,923.11,553,48,2,461.555,176.0,1.0,0.3333333333333333,1,1
16644,87,2,833.78,826,62,2,416.89,34.0,0.0,0.0,1,1
16645,645,1,160.39,117,14,1,160.39,645.0,0.0,0.0,1,1
16646,358,1,678.8,1072,29,1,678.8,358.0,1.0,0.5,1,1
16647,79,4,541.9,396,28,4,135.475,124.66666666666667,0.0,0.0,1,1
16648,365,2,382.14,222,18,2,191.07,134.0,0.0,0.0,1,0
16649,429,1,306.58,82,20,1,306.58,429.0,0.0,0.0,1,1
16650,329,6,1397.69,1139,53,4,232.94833333333335,19.8,0.0,0.0,1,0
16651,496,1,136.2,60,6,1,136.2,496.0,0.0,0.0,1,1
16652,19,14,15302.29,6271,111,9,1093.0207142857143,40.23076923076923,7.0,0.3333333333333333,1,0
16654,50,8,1484.07,640,64,8,185.50875,67.28571428571429,1.0,0.1111111111111111,1,1
16655,40,10,4500.93,2608,338,10,450.093,60.55555555555556,1.0,0.09090909090909091,1,0
16656,5,26,15324.050000000001,13681,21,19,589.3865384615385,25.56,12.0,0.3157894736842105,1,0
16657,58,2,414.79,597,111,2,207.395,105.0,0.0,0.0,1,0
16658,277,5,680.83,269,48,5,136.166,62.5,3.0,0.375,1,1
16659,98,1,39.12,72,2,1,39.12,98.0,0.0,0.0,1,1
16660,120,5,996.26,648,10,5,199.252,120.75,0.0,0.0,1,0
16661,449,4,932.76,364,50,4,233.19,60.333333333333336,1.0,0.2,1,1
16662,303,1,151.05,35,28,1,151.05,303.0,0.0,0.0,1,1
16663,638,1,165.0,100,1,1,165.0,638.0,0.0,0.0,1,1
16664,478,1,109.2,24,8,1,109.2,478.0,0.0,0.0,1,1
16665,271,1,135.4,59,9,1,135.4,271.0,0.0,0.0,1,1
16666,530,1,98.73,121,15,1,98.73,530.0,0.0,0.0,1,0
16667,193,1,200.4,77,20,1,200.4,193.0,0.0,0.0,1,0
16668,26,12,822.22,713,28,11,68.51833333333333,46.72727272727273,0.0,0.0,1,0
16670,15,17,7174.22,4130,232,13,422.0129411764706,38.9375,10.0,0.37037037037037035,1,0
16671,74,1,1382.88,656,3,1,1382.88,74.0,0.0,0.0,1,0
16672,8,17,6911.84,2474,22,7,406.57882352941175,10.4375,3.0,0.15,1,0
16673,588,1,171.13,95,19,1,171.13,588.0,0.0,0.0,1,1
16674,7,1,115.1,61,33,1,115.1,7.0,0.0,0.0,1,0
16675,351,2,608.86,296,21,2,304.43,36.0,0.0,0.0,1,1
16676,122,5,1868.28,703,90,5,373.656,51.25,1.0,0.16666666666666666,1,0
16677,320,2,880.62,457,45,2,440.31,240.0,1.0,0.3333333333333333,1,1
16678,8,8,2137.3,1638,76,6,267.1625,26.285714285714285,1.0,0.1111111111111111,1,0
16679,275,3,663.31,247,15,3,221.10333333333332,90.0,0.0,0.0,1,1
16680,437,2,637.75,283,16,1,318.875,6.0,0.0,0.0,1,0
16681,54,5,1484.18,1135,19,5,296.836,124.0,0.0,0.0,1,0
16682,1,3,810.22,762,15,3,270.0733333333333,47.5,0.0,0.0,1,0
16683,443,1,320.25,190,18,1,320.25,443.0,1.0,0.5,1,1
16684,42,45,114372.71,79040,156,15,2541.615777777778,13.613636363636363,10.0,0.18181818181818182,1,0
16686,7,15,4321.13,3086,479,13,288.07533333333333,45.357142857142854,2.0,0.11764705882352941,1,0
16687,300,1,157.63,141,8,1,157.63,300.0,0.0,0.0,1,1
16690,111,3,213.95,117,7,3,71.31666666666666,124.5,0.0,0.0,1,0
16691,327,2,178.83,92,11,2,89.415,143.0,0.0,0.0,1,1
16692,165,4,1764.6999999999998,877,2,4,441.17499999999995,61.666666666666664,0.0,0.0,1,1
16693,181,4,855.03,505,117,4,213.7575,128.0,0.0,0.0,1,0
16694,632,1,98.30000000000001,26,3,1,98.30000000000001,632.0,0.0,0.0,1,1
16695,471,2,191.9,184,30,1,95.95,0.0,0.0,0.0,1,1
16696,44,4,657.9,146,7,3,164.475,37.333333333333336,0.0,0.0,1,1
16697,150,1,112.75,27,20,1,112.75,150.0,0.0,0.0,1,1
16698,136,2,1998.0,840,4,2,999.0,26.0,0.0,0.0,1,1
16699,289,7,994.6,640,51,6,142.0857142857143,59.166666666666664,1.0,0.125,1,1
16700,31,22,7850.17,5860,246,18,356.8259090909091,29.285714285714285,6.0,0.21428571428571427,1,0
16701,39,23,8568.85,9611,135,17,372.5586956521739,27.636363636363637,8.0,0.25806451612903225,1,0
16702,324,4,1109.53,690,83,4,277.3825,105.33333333333333,1.0,0.2,1,1
16704,527,2,664.16,433,50,2,332.08,53.0,0.0,0.0,1,1
16705,8,32,39260.41,20751,357,16,1226.8878125,20.35483870967742,16.0,0.3333333333333333,1,0
16706,7,2,411.55,220,98,2,205.775,15.0,0.0,0.0,1,0
16707,309,4,533.41,396,64,4,133.3525,79.66666666666667,0.0,0.0,1,1
16709,109,13,8010.73,2931,199,10,616.2099999999999,44.166666666666664,0.0,0.0,1,0
16710,47,19,5288.44,3736,497,12,278.33894736842103,33.166666666666664,1.0,0.05,1,0
16711,49,7,2127.32,632,17,6,303.90285714285716,99.5,1.0,0.125,1,0
16712,4,10,3111.37,1501,217,6,311.137,34.0,0.0,0.0,1,0
16713,25,28,11175.55,6355,460,16,399.1267857142857,22.51851851851852,7.0,0.2,1,0
16714,226,3,1482.33,827,94,2,494.10999999999996,176.5,3.0,0.5,1,1
16715,472,1,323.8,532,9,1,323.8,472.0,0.0,0.0,1,0
16716,176,3,2149.6800000000003,912,7,3,716.5600000000001,181.5,1.0,0.25,1,1
16717,5,12,4380.26,2041,190,8,365.0216666666667,57.81818181818182,5.0,0.29411764705882354,1,0
16718,278,5,3006.08,1924,123,5,601.216,90.75,0.0,0.0,1,1
16719,58,12,3022.28,1868,185,12,251.85666666666668,52.45454545454545,3.0,0.2,1,0
16720,285,2,413.79,274,106,2,206.895,345.0,1.0,0.3333333333333333,1,0
16721,171,1,292.47,172,37,1,292.47,171.0,0.0,0.0,1,1
16722,9,19,7115.33,6709,140,17,374.49105263157895,35.333333333333336,4.0,0.17391304347826086,1,0
16723,0,4,1231.3600000000001,958,108,4,307.84000000000003,214.33333333333334,0.0,0.0,1,1
16724,314,1,147.35,69,17,1,147.35,314.0,0.0,0.0,1,1
16725,211,13,1686.81,699,241,7,129.7546153846154,35.333333333333336,2.0,0.13333333333333333,1,1
16726,105,6,1482.3,890,117,5,247.04999999999998,42.8,0.0,0.0,1,0
16727,273,4,1377.77,1066,158,4,344.4425,108.0,0.0,0.0,1,1
16728,76,3,548.31,320,113,3,182.76999999999998,48.5,0.0,0.0,1,0
16729,8,17,5339.95,3985,139,6,314.11470588235295,8.875,4.0,0.19047619047619047,1,0
16730,144,2,480.94,750,35,2,240.47,84.0,1.0,0.3333333333333333,1,0
16731,557,1,170.3,124,40,1,170.3,557.0,0.0,0.0,1,1
16732,312,3,3783.89,2097,177,3,1261.2966666666666,164.0,5.0,0.625,1,0
16733,439,1,259.68,112,12,1,259.68,439.0,0.0,0.0,1,1
16734,23,2,302.40999999999997,108,27,1,151.20499999999998,0.0,0.0,0.0,1,0
16735,8,13,5911.15,4034,163,10,454.70384615384614,52.75,8.0,0.38095238095238093,1,0
16736,415,5,2956.56,1050,116,3,591.312,57.5,3.0,0.375,1,1
16737,487,1,417.6,288,1,1,417.6,487.0,0.0,0.0,1,0
16738,207,1,3.75,3,1,1,3.75,207.0,0.0,0.0,1,1
16739,86,2,786.4300000000001,391,33,2,393.21500000000003,359.0,2.0,0.5,1,1
16740,304,1,226.91,110,30,1,226.91,304.0,0.0,0.0,1,1
16741,534,1,173.06,81,11,1,173.06,534.0,0.0,0.0,1,1
16742,402,13,2334.9700000000003,2557,50,8,179.61307692307693,19.166666666666668,0.0,0.0,1,1
16743,22,13,3859.92,3338,111,11,296.91692307692307,40.25,1.0,0.07142857142857142,1,0
16744,6,3,399.11,240,74,3,133.03666666666666,38.0,0.0,0.0,1,0
16745,7,16,6359.1,5771,144,8,397.44375,14.2,1.0,0.058823529411764705,1,0
16746,10,36,15768.47,9813,337,19,438.0130555555555,18.114285714285714,4.0,0.1,1,0
16748,127,12,3031.63,1739,48,11,252.63583333333335,46.45454545454545,1.0,0.07692307692307693,1,0
16749,500,2,4157.88,1910,53,2,2078.94,132.0,0.0,0.0,1,1
16750,30,3,416.12,138,44,3,138.70666666666668,55.0,0.0,0.0,1,0
16752,282,1,207.5,54,9,1,207.5,282.0,0.0,0.0,1,1
16754,281,29,65500.07,63551,38,9,2258.6231034482757,9.607142857142858,6.0,0.17142857142857143,1,1
16755,23,7,2864.68,1985,219,7,409.23999999999995,102.5,3.0,0.3,1,1
16756,124,7,1312.3700000000001,707,64,7,187.48142857142858,70.83333333333333,2.0,0.2222222222222222,1,1
16757,228,2,270.48,180,13,2,135.24,90.0,0.0,0.0,1,1
16760,339,1,228.0,168,17,1,228.0,339.0,0.0,0.0,1,1
16761,6,1,316.62,341,13,1,316.62,6.0,0.0,0.0,1,1
16762,53,1,314.15000000000003,143,13,1,314.15000000000003,53.0,0.0,0.0,1,0
16763,108,2,964.6999999999999,492,44,2,482.34999999999997,539.0,1.0,0.3333333333333333,1,1
16764,8,4,782.5500000000001,363,110,3,195.63750000000002,14.333333333333334,0.0,0.0,1,0
16765,203,2,454.75,311,52,2,227.375,88.0,0.0,0.0,1,1
16766,182,2,1145.6,536,17,1,572.8,0.0,0.0,0.0,1,1
16767,3,11,7297.31,6589,197,11,663.3918181818182,49.6,1.0,0.08333333333333333,1,0
16768,13,8,1506.97,666,103,8,188.37125,89.71428571428571,4.0,0.3333333333333333,1,0
16769,169,4,1117.05,295,76,3,279.2625,155.0,0.0,0.0,1,1
16770,146,8,1671.21,961,174,7,208.90125,33.857142857142854,2.0,0.2,1,0
16771,184,8,3330.2400000000002,1853,261,8,416.28000000000003,65.0,0.0,0.0,1,0
16772,332,3,3698.05,687,54,3,1232.6833333333334,149.0,2.0,0.4,1,1
16773,345,2,249.65,81,34,2,124.825,297.0,0.0,0.0,1,0
16774,25,7,1448.16,678,75,7,206.88000000000002,90.66666666666667,1.0,0.125,1,0
16775,31,13,2303.88,801,114,10,177.22153846153847,26.583333333333332,1.0,0.07142857142857142,1,0
16776,325,1,220.97,181,48,1,220.97,325.0,0.0,0.0,1,0
16777,166,4,1243.08,456,118,4,310.77,125.0,1.0,0.2,1,0
16778,183,1,93.18,66,5,1,93.18,183.0,0.0,0.0,1,0
16779,16,46,28574.04,17700,279,21,621.1747826086956,13.977777777777778,8.0,0.14814814814814814,1,0
16780,9,3,596.4,352,73,3,198.79999999999998,153.0,0.0,0.0,1,1
16781,281,2,623.0,192,36,2,311.5,297.0,1.0,0.3333333333333333,1,1
16782,47,34,8998.57,3823,566,17,264.66382352941173,17.939393939393938,11.0,0.24444444444444444,1,0
16783,346,1,391.95,163,25,1,391.95,346.0,0.0,0.0,1,1
16784,286,4,784.73,470,137,4,196.1825,81.33333333333333,0.0,0.0,1,0
16785,319,1,533.78,313,35,1,533.78,319.0,0.0,0.0,1,1
16786,303,1,51.84,72,1,1,51.84,303.0,0.0,0.0,1,1
16787,307,4,1017.53,472,102,4,254.3825,100.0,0.0,0.0,1,1
16788,32,5,1927.28,964,347,5,385.456,136.75,0.0,0.0,1,1
16791,31,13,3030.97,1431,316,11,233.15153846153845,51.083333333333336,2.0,0.13333333333333333,1,0
16792,191,5,623.46,324,90,4,124.69200000000001,105.5,0.0,0.0,1,1
16794,17,9,1461.23,1269,209,7,162.35888888888888,64.375,1.0,0.1,1,0
16795,274,3,2062.41,1214,306,3,687.4699999999999,159.0,2.0,0.4,1,1
16797,302,5,1802.02,898,289,5,360.404,86.0,4.0,0.4444444444444444,1,1
16798,463,3,841.16,205,141,3,280.38666666666666,87.0,1.0,0.25,1,1
16799,341,2,452.78000000000003,162,81,2,226.39000000000001,21.0,1.0,0.3333333333333333,1,1
16801,72,4,1594.23,493,72,3,398.5575,36.666666666666664,1.0,0.2,1,1
16802,588,2,582.61,369,48,2,291.305,51.0,0.0,0.0,1,1
16804,179,1,118.05,34,19,1,118.05,179.0,0.0,0.0,1,0
16805,83,4,1076.34,1119,212,4,269.085,183.66666666666666,0.0,0.0,1,1
16806,12,4,736.21,355,67,4,184.0525,45.0,0.0,0.0,1,1
16807,52,6,2123.88,1433,107,6,353.98,96.0,2.0,0.25,1,1
16808,8,2,288.42,196,21,2,144.21,175.0,0.0,0.0,1,1
16809,45,7,1283.43,812,99,7,183.34714285714287,78.0,1.0,0.125,1,0
16810,101,2,842.04,372,34,2,421.02,228.0,2.0,0.5,1,1
16812,270,4,2392.0,1116,98,2,598.0,7.0,1.0,0.2,1,1
16813,6,7,1146.84,1163,200,5,163.8342857142857,17.833333333333332,0.0,0.0,1,0
16814,18,31,10629.94,4270,236,16,342.9012903225807,16.6,1.0,0.03125,1,0
16815,363,2,406.02,237,66,2,203.01,82.0,0.0,0.0,1,1
16816,12,4,417.06,274,28,4,104.265,84.66666666666667,0.0,0.0,1,1
16817,95,11,2135.38,1153,90,7,194.12545454545455,24.6,5.0,0.3125,1,0
16818,2,9,2528.4700000000003,1582,132,5,280.9411111111111,14.0,2.0,0.18181818181818182,1,0
16819,374,2,182.59,253,17,1,91.295,0.0,0.0,0.0,1,1
16820,5,1,497.61,307,26,1,497.61,5.0,0.0,0.0,1,1
16821,291,1,113.35,13,7,1,113.35,291.0,0.0,0.0,1,1
16822,595,1,181.39,171,11,1,181.39,595.0,2.0,0.6666666666666666,1,1
16823,136,7,2243.09,1166,149,6,320.4414285714286,85.0,1.0,0.125,1,1
16824,73,2,448.5,288,24,2,224.25,229.0,0.0,0.0,1,0
16825,95,4,1370.41,1089,35,4,342.6025,116.0,0.0,0.0,1,0
16827,302,5,387.18,124,9,4,77.436,48.75,0.0,0.0,1,1
16828,21,1,113.5,58,7,1,113.5,21.0,0.0,0.0,1,1
16829,66,2,513.32,215,25,2,256.66,231.0,0.0,0.0,1,1
16830,352,3,881.59,435,47,3,293.86333333333334,142.0,1.0,0.25,1,0
16831,474,1,91.8,48,6,1,91.8,474.0,0.0,0.0,1,1
16832,93,5,417.61,179,19,4,83.522,68.5,0.0,0.0,1,1
16833,169,5,1973.8,744,74,4,394.76,90.75,0.0,0.0,1,0
16834,137,2,898.96,760,43,2,449.48,446.0,0.0,0.0,1,1
16835,37,6,1456.66,496,58,6,242.77666666666667,88.2,4.0,0.4,1,1
16836,26,3,621.82,458,33,3,207.27333333333334,228.5,0.0,0.0,1,0
16837,67,9,1911.74,727,77,3,212.41555555555556,11.0,1.0,0.1,1,0
16838,106,4,1159.6100000000001,509,53,4,289.90250000000003,155.0,2.0,0.3333333333333333,1,1
16839,19,32,16033.18,8044,119,16,501.036875,17.93548387096774,5.0,0.13513513513513514,1,0
16840,512,2,139.85,117,9,2,69.925,71.0,1.0,0.3333333333333333,1,1
16841,46,11,3697.3,3106,175,10,336.1181818181818,55.9,2.0,0.15384615384615385,1,0
16842,10,3,1264.19,693,45,3,421.3966666666667,100.5,0.0,0.0,1,1
16843,3,32,18184.1,17377,283,16,568.253125,20.483870967741936,3.0,0.08571428571428572,1,0
16844,472,2,614.34,281,26,1,307.17,20.0,0.0,0.0,1,1
16845,527,1,253.88,167,20,1,253.88,527.0,0.0,0.0,1,1
16846,486,2,628.09,382,36,2,314.045,62.0,0.0,0.0,1,0
16847,527,1,421.45,177,25,1,421.45,527.0,0.0,0.0,1,0
16848,286,3,1130.2,598,64,2,376.73333333333335,28.0,0.0,0.0,1,0
16849,96,1,124.57,33,8,1,124.57,96.0,0.0,0.0,1,1
16850,243,1,332.41,249,19,1,332.41,243.0,0.0,0.0,1,1
16852,85,1,113.06,51,7,1,113.06,85.0,0.0,0.0,1,0
16854,326,2,1408.96,997,72,2,704.48,223.0,0.0,0.0,1,1
16856,327,2,323.09000000000003,159,15,2,161.54500000000002,24.0,0.0,0.0,1,0
16857,352,1,352.8,168,11,1,352.8,352.0,0.0,0.0,1,1
16858,278,10,4292.59,1423,75,9,429.259,39.44444444444444,6.0,0.375,1,1
16859,54,7,1932.41,1899,87,6,276.05857142857144,83.33333333333333,3.0,0.3,1,1
16860,362,3,1610.62,625,35,3,536.8733333333333,104.5,1.0,0.25,1,1
16861,67,4,843.63,500,38,3,210.9075,116.66666666666667,1.0,0.2,1,0
16862,456,4,662.33,513,34,3,165.5825,51.333333333333336,0.0,0.0,1,1
16863,276,2,495.72,336,27,2,247.86,42.0,1.0,0.3333333333333333,1,0
16864,343,2,409.25,283,17,2,204.625,164.0,0.0,0.0,1,1
16865,311,1,130.95,157,15,1,130.95,311.0,0.0,0.0,1,1
16866,50,3,207.74,60,10,1,69.24666666666667,10.0,0.0,0.0,1,1
16867,599,1,76.74000000000001,58,6,1,76.74000000000001,599.0,0.0,0.0,1,1
16868,303,3,384.56,112,47,3,128.18666666666667,99.5,0.0,0.0,1,1
16869,75,2,387.68,242,56,1,193.84,9.0,0.0,0.0,1,0
16870,378,1,450.16,278,28,1,450.16,378.0,0.0,0.0,1,1
16871,120,4,2037.82,861,104,2,509.455,20.0,1.0,0.2,1,0
16872,14,5,997.79,933,10,4,199.558,89.25,0.0,0.0,1,0
16873,36,10,11365.24,6816,174,9,1136.524,60.111111111111114,4.0,0.2857142857142857,1,0
16874,288,1,209.89000000000001,78,31,1,209.89000000000001,288.0,0.0,0.0,1,1
16875,54,10,3277.2,1518,123,8,327.71999999999997,62.111111111111114,8.0,0.4444444444444444,1,0
16876,313,1,136.01,181,32,1,136.01,313.0,0.0,0.0,1,1
16877,61,2,188.98,104,46,2,94.49,56.0,0.0,0.0,1,0
16880,9,7,1414.9,763,101,5,202.12857142857143,65.5,0.0,0.0,1,0
16882,148,2,215.70000000000002,102,15,2,107.85000000000001,77.0,0.0,0.0,1,0
16883,96,19,2246.06,1016,159,8,118.21368421052631,30.444444444444443,1.0,0.05,1,1
16884,466,2,641.13,200,39,2,320.565,14.0,0.0,0.0,1,0
16885,266,2,410.89,214,65,2,205.445,28.0,0.0,0.0,1,0
16886,365,1,134.0,48,8,1,134.0,365.0,1.0,0.5,1,1
16887,310,2,465.84000000000003,267,65,2,232.92000000000002,337.0,0.0,0.0,1,0
16888,310,3,434.2,145,44,3,144.73333333333332,150.0,0.0,0.0,1,1
16889,104,6,2526.65,1611,163,6,421.10833333333335,74.2,0.0,0.0,1,1
16890,386,3,277.91,241,16,2,92.63666666666667,52.5,0.0,0.0,1,1
16891,5,9,1501.3,565,286,8,166.8111111111111,79.875,0.0,0.0,1,0
16892,93,3,339.54,208,57,3,113.18,273.5,1.0,0.25,1,0
16893,276,2,249.47,116,79,2,124.735,9.0,0.0,0.0,1,1
16894,411,3,1306.96,503,186,2,435.65333333333336,16.5,2.0,0.4,1,1
16895,348,4,900.63,330,82,4,225.1575,75.66666666666667,0.0,0.0,1,0
16896,464,1,103.95,18,18,1,103.95,464.0,0.0,0.0,1,1
16897,208,2,289.78,73,37,2,144.89,14.0,1.0,0.3333333333333333,1,1
16898,86,4,697.95,527,174,4,174.4875,133.0,1.0,0.2,1,0
16899,59,5,934.89,516,88,4,186.978,61.75,0.0,0.0,1,0
16901,638,1,204.26,42,23,1,204.26,638.0,0.0,0.0,1,1
16902,25,1,1706.88,629,43,1,1706.88,25.0,0.0,0.0,1,1
16903,289,2,678.55,470,107,2,339.275,35.0,1.0,0.3333333333333333,1,0
16904,18,18,3951.36,2214,435,10,219.52,17.764705882352942,0.0,0.0,1,0
16905,146,13,2488.85,790,105,11,191.45,41.0,3.0,0.1875,1,0
16906,96,6,1243.47,509,140,5,207.245,77.6,0.0,0.0,1,0
16907,57,8,1201.1200000000001,382,94,8,150.14000000000001,54.0,0.0,0.0,1,0
16908,631,1,252.59,61,20,1,252.59,631.0,1.0,0.5,1,1
16910,0,1,111.78,93,52,1,111.78,0.0,0.0,0.0,1,0
16911,545,2,255.25,161,30,2,127.625,25.0,1.0,0.3333333333333333,1,1
16912,43,11,3443.51,1249,102,8,313.04636363636365,59.6,2.0,0.15384615384615385,1,0
16913,199,3,423.91,229,18,2,141.30333333333334,180.5,0.0,0.0,1,1
16915,36,9,1303.89,117,37,9,144.87666666666667,55.125,0.0,0.0,1,0
16916,281,3,530.14,318,99,3,176.71333333333334,21.5,0.0,0.0,1,0
16917,186,2,1851.88,792,45,2,925.94,355.0,1.0,0.3333333333333333,1,1
16918,4,13,2960.42,1907,261,11,227.7246153846154,53.416666666666664,2.0,0.13333333333333333,1,0
16919,65,24,4909.66,2333,230,9,204.56916666666666,13.91304347826087,4.0,0.14285714285714285,1,1
16920,320,1,355.45,81,23,1,355.45,320.0,0.0,0.0,1,1
16921,351,2,255.03,121,28,2,127.515,157.0,0.0,0.0,1,0
16922,482,1,611.08,281,122,1,611.08,482.0,0.0,0.0,1,1
16923,8,27,10851.99,5004,348,16,401.92555555555555,22.23076923076923,9.0,0.25,1,0
16925,449,1,125.65,123,18,1,125.65,449.0,0.0,0.0,1,1
16926,280,5,1169.6100000000001,197,63,4,233.92200000000003,38.75,1.0,0.16666666666666666,1,1
16927,25,3,543.05,993,5,3,181.01666666666665,122.5,0.0,0.0,1,1
16928,3,24,3354.0299999999997,2222,130,13,139.75125,25.217391304347824,4.0,0.14285714285714285,1,0
16929,37,2,428.88,326,23,2,214.44,27.0,0.0,0.0,1,0
16931,12,16,3374.68,2190,365,10,210.9175,19.6,0.0,0.0,1,0
16932,332,2,262.32,135,77,2,131.16,147.0,0.0,0.0,1,0
16933,148,8,2760.8,1372,193,7,345.1,70.0,6.0,0.42857142857142855,1,0
16934,293,4,1152.1100000000001,539,77,4,288.02750000000003,79.0,1.0,0.2,1,0
16935,291,3,530.86,273,55,2,176.95333333333335,19.5,0.0,0.0,1,1
16936,295,1,286.39,168,81,1,286.39,295.0,0.0,0.0,1,0
16937,408,1,196.25,123,49,1,196.25,408.0,0.0,0.0,1,1
16938,89,8,6669.7300000000005,4826,541,7,833.7162500000001,68.57142857142857,1.0,0.1111111111111111,1,0
16939,398,3,433.84999999999997,229,38,3,144.61666666666665,80.0,0.0,0.0,1,1
16940,78,7,5246.14,3570,309,7,749.4485714285714,93.66666666666667,3.0,0.3,1,0
16941,521,1,33.0,12,2,1,33.0,521.0,0.0,0.0,1,1
16942,45,7,1439.44,593,115,4,205.6342857142857,15.166666666666666,1.0,0.125,1,0
16943,121,3,816.73,145,23,3,272.24333333333334,53.0,2.0,0.4,1,1
16944,519,1,101.36,27,7,1,101.36,519.0,0.0,0.0,1,1
16945,8,27,7209.72,5085,208,17,267.0266666666667,24.26923076923077,2.0,0.06896551724137931,1,0
16946,292,5,1222.04,509,69,4,244.408,66.0,1.0,0.16666666666666666,1,1
16947,145,4,946.71,654,49,4,236.6775,136.66666666666666,5.0,0.5555555555555556,1,1
16948,48,7,868.77,2091,20,7,124.11,86.16666666666667,0.0,0.0,1,1
16949,95,4,893.75,386,32,4,223.4375,43.333333333333336,1.0,0.2,1,0
16950,33,9,3133.62,2117,100,9,348.18,70.0,2.0,0.18181818181818182,1,0
16951,44,3,1277.75,1318,73,2,425.9166666666667,84.5,1.0,0.25,1,1
16952,18,5,795.83,343,76,3,159.166,154.5,0.0,0.0,1,1
16954,34,15,5242.18,3776,81,12,349.4786666666667,40.357142857142854,1.0,0.0625,1,0
16955,94,6,1120.31,723,33,5,186.71833333333333,98.4,3.0,0.3333333333333333,1,1
16957,148,2,416.64,172,15,2,208.32,42.0,0.0,0.0,1,1
16958,344,1,778.49,514,69,1,778.49,344.0,0.0,0.0,1,1
16960,162,6,1683.41,1280,300,4,280.5683333333333,78.8,1.0,0.14285714285714285,1,0
16961,25,3,794.56,482,52,3,264.8533333333333,207.5,3.0,0.5,1,1
16962,319,1,251.04,158,15,1,251.04,319.0,0.0,0.0,1,1
16963,96,1,110.55000000000001,35,7,1,110.55000000000001,96.0,0.0,0.0,1,1
16964,642,2,207.85,49,6,1,103.925,0.0,0.0,0.0,1,1
16965,136,1,192.07,243,25,1,192.07,136.0,0.0,0.0,1,1
16966,79,4,1486.56,1320,8,3,371.64,23.333333333333332,2.0,0.3333333333333333,1,0
16967,98,1,319.02,333,21,1,319.02,98.0,0.0,0.0,1,1
16968,17,1,253.31,98,15,1,253.31,17.0,0.0,0.0,1,0
16969,43,2,478.96,740,32,2,239.48,57.0,0.0,0.0,1,0
16970,535,1,71.4,12,2,1,71.4,535.0,0.0,0.0,1,1
16972,292,2,749.0,183,54,2,374.5,73.0,0.0,0.0,1,1
16973,295,1,127.0,60,6,1,127.0,295.0,0.0,0.0,1,1
16974,432,2,365.5,70,5,2,182.75,41.0,0.0,0.0,1,1
16975,332,3,926.12,586,44,3,308.70666666666665,41.0,2.0,0.4,1,1
16976,176,1,251.51999999999998,88,2,1,251.51999999999998,176.0,0.0,0.0,1,1
16977,304,4,496.0,142,25,3,124.0,78.66666666666667,0.0,0.0,1,1
16978,575,2,424.55,119,28,1,212.275,0.0,0.0,0.0,1,0
16979,57,5,1563.39,721,44,5,312.678,75.5,2.0,0.2857142857142857,1,0
16980,164,3,1422.83,990,91,3,474.27666666666664,86.5,0.0,0.0,1,1
16983,6,9,2770.01,1711,133,8,307.7788888888889,43.625,1.0,0.1,1,0
16984,39,8,9104.2,4341,588,7,1138.025,73.14285714285714,8.0,0.5,1,0
16985,67,20,9037.58,2558,119,13,451.879,30.05263157894737,3.0,0.13043478260869565,1,0
16986,354,9,3015.55,1499,64,4,335.06111111111113,28.5,0.0,0.0,1,0
16987,79,7,1512.1,372,123,5,216.0142857142857,94.5,1.0,0.125,1,0
16988,289,1,256.55,115,13,1,256.55,289.0,0.0,0.0,1,0
16989,7,2,890.7,1086,7,2,445.35,52.0,0.0,0.0,1,0
16990,128,2,344.0,200,1,2,172.0,203.0,0.0,0.0,1,1
16991,330,1,1041.21,793,74,1,1041.21,330.0,0.0,0.0,1,1
16992,8,11,4834.54,1831,196,9,439.50363636363636,56.7,2.0,0.15384615384615385,1,0
16993,373,2,1950.95,285,19,2,975.475,112.0,1.0,0.3333333333333333,1,1
16996,30,8,1708.43,765,30,6,213.55375,42.285714285714285,4.0,0.3333333333333333,1,0
16997,197,3,702.0,360,7,2,234.0,18.5,0.0,0.0,1,1
16998,59,5,402.0,104,2,4,80.4,73.5,2.0,0.2857142857142857,1,1
17000,305,2,406.3,305,26,2,203.15,11.0,0.0,0.0,1,1
17001,1,16,5444.72,3184,95,14,340.295,35.46666666666667,0.0,0.0,1,0
17002,125,6,2071.34,1008,48,5,345.22333333333336,85.0,0.0,0.0,1,0
17003,311,4,828.21,494,90,3,207.0525,58.666666666666664,0.0,0.0,1,1
17004,2,3,1917.82,1016,39,3,639.2733333333333,165.5,0.0,0.0,1,0
17005,380,2,622.36,691,14,2,311.18,118.0,1.0,0.3333333333333333,1,1
17006,301,4,853.49,300,77,3,213.3725,84.0,0.0,0.0,1,0
17007,64,6,805.61,466,47,4,134.26833333333335,56.4,1.0,0.14285714285714285,1,0
17008,338,1,81.36,24,1,1,81.36,338.0,0.0,0.0,1,1
17009,460,1,242.06,336,10,1,242.06,460.0,0.0,0.0,1,1
17011,556,2,400.8,606,12,2,200.4,4.0,1.0,0.3333333333333333,1,0
17012,634,1,360.61,251,34,1,360.61,634.0,0.0,0.0,1,1
17015,94,1,520.55,546,116,1,520.55,94.0,0.0,0.0,1,0
17016,486,1,552.4,309,41,1,552.4,486.0,0.0,0.0,1,1
17017,71,23,9314.01,7035,113,11,404.95695652173913,26.09090909090909,11.0,0.3235294117647059,1,0
17018,235,5,1772.6,340,18,5,354.52,102.0,0.0,0.0,1,0
17019,171,10,3324.84,2228,307,8,332.48400000000004,52.77777777777778,2.0,0.16666666666666666,1,0
17020,451,2,935.62,860,64,2,467.81,104.0,0.0,0.0,1,1
17021,351,6,1182.22,992,35,4,197.03666666666666,29.2,0.0,0.0,1,1
17022,342,1,189.0,72,9,1,189.0,342.0,0.0,0.0,1,0
17023,326,3,800.1800000000001,530,48,3,266.7266666666667,140.0,0.0,0.0,1,1
17024,8,2,56.25,45,1,2,28.125,58.0,0.0,0.0,1,0
17025,282,4,1152.8700000000001,789,28,3,288.21750000000003,89.33333333333333,0.0,0.0,1,0
17026,94,3,175.83,107,4,3,58.61000000000001,115.5,0.0,0.0,1,1
17027,88,7,1078.3,513,111,7,154.04285714285714,91.66666666666667,1.0,0.125,1,0
17028,490,3,1593.83,856,85,3,531.2766666666666,70.0,0.0,0.0,1,1
17029,20,7,2137.3,1265,19,7,305.3285714285715,92.16666666666667,0.0,0.0,1,1
17031,64,5,2619.45,1485,28,5,523.89,106.5,0.0,0.0,1,0
17032,512,5,2896.69,1664,180,4,579.338,31.25,5.0,0.5,1,1
17033,123,3,910.75,311,22,3,303.5833333333333,91.5,0.0,0.0,1,0
17034,197,3,672.7,382,31,3,224.23333333333335,112.5,1.0,0.25,1,0
17035,155,4,613.59,327,29,4,153.3975,163.66666666666666,1.0,0.2,1,1
17036,292,1,176.9,76,12,1,176.9,292.0,0.0,0.0,1,1
17038,324,1,630.77,507,41,1,630.77,324.0,0.0,0.0,1,0
17039,513,1,1954.99,689,44,1,1954.99,513.0,0.0,0.0,1,1
17040,47,2,463.25,189,15,2,231.625,412.0,0.0,0.0,1,1
17041,18,5,1334.6,915,80,4,266.91999999999996,122.75,1.0,0.16666666666666666,1,0
17042,30,4,915.02,888,69,4,228.755,41.666666666666664,0.0,0.0,1,0
17043,87,6,1183.44,975,111,5,197.24,110.2,0.0,0.0,1,0
17044,284,11,11013.82,5218,91,7,1001.2563636363636,35.7,3.0,0.21428571428571427,1,0
17045,22,5,827.6800000000001,294,44,5,165.536,79.0,0.0,0.0,1,1
17046,66,5,1906.07,1636,76,4,381.214,115.75,0.0,0.0,1,1
17047,114,5,1937.76,1003,98,4,387.552,131.5,0.0,0.0,1,0
17048,27,7,2071.68,1068,88,7,295.9542857142857,95.33333333333333,4.0,0.36363636363636365,1,1
17049,27,15,6894.150000000001,2683,238,8,459.61,37.714285714285715,5.0,0.25,1,0
17050,5,11,4648.59,2432,193,10,422.59909090909093,58.5,1.0,0.08333333333333333,1,1
17051,103,4,706.49,507,107,4,176.6225,144.33333333333334,0.0,0.0,1,1
17053,40,1,498.48,122,13,1,498.48,40.0,1.0,0.5,1,1
17054,47,4,1207.32,739,58,3,301.83,35.666666666666664,1.0,0.2,1,0
17055,355,1,232.85000000000002,83,24,1,232.85000000000002,355.0,0.0,0.0,1,1
17056,647,1,128.60000000000002,26,8,1,128.60000000000002,647.0,0.0,0.0,1,1
17057,505,1,288.79,122,47,1,288.79,505.0,0.0,0.0,1,1
17058,108,2,819.6600000000001,455,42,2,409.83000000000004,40.0,0.0,0.0,1,0
17059,19,8,4021.28,2536,292,8,502.66,81.71428571428571,1.0,0.1111111111111111,1,0
17060,175,1,234.24,216,5,1,234.24,175.0,0.0,0.0,1,1
17061,20,10,4658.83,1408,48,5,465.883,13.444444444444445,1.0,0.09090909090909091,1,0
17062,223,6,884.71,632,81,4,147.45166666666668,25.0,1.0,0.14285714285714285,1,1
17063,72,10,2849.26,1438,120,8,284.92600000000004,63.888888888888886,8.0,0.4444444444444444,1,0
17064,92,2,457.40000000000003,187,36,2,228.70000000000002,144.0,0.0,0.0,1,0
17065,547,2,194.7,82,6,1,97.35,0.0,1.0,0.3333333333333333,1,1
17066,635,1,228.34,93,17,1,228.34,635.0,0.0,0.0,1,1
17067,634,3,454.54,322,8,1,151.51333333333335,3.0,0.0,0.0,1,1
17068,4,42,7967.33,3829,227,18,189.69833333333332,12.829268292682928,2.0,0.045454545454545456,1,0
17069,64,10,4303.32,2436,165,7,430.332,64.55555555555556,6.0,0.375,1,0
17070,23,2,437.42,232,102,2,218.71,296.0,0.0,0.0,1,1
17071,43,10,2767.1,1359,107,9,276.71,61.111111111111114,4.0,0.2857142857142857,1,0
17072,534,1,273.35,212,20,1,273.35,534.0,0.0,0.0,1,1
17073,18,1,453.79,307,56,1,453.79,18.0,0.0,0.0,1,0
17074,472,1,203.05,19,4,1,203.05,472.0,0.0,0.0,1,1
17075,162,9,2098.58,734,140,9,233.17555555555555,59.0,1.0,0.1,1,0
17076,183,5,735.87,331,27,5,147.174,115.25,0.0,0.0,1,0
17077,487,1,306.0,36,1,1,306.0,487.0,0.0,0.0,1,1
17080,179,6,746.23,475,19,3,124.37166666666667,51.2,1.0,0.14285714285714285,1,0
17081,305,4,660.48,304,121,4,165.12,86.33333333333333,0.0,0.0,1,0
17082,227,5,3365.12,1793,74,4,673.024,101.5,0.0,0.0,1,0
17083,18,9,4049.79,1955,30,8,449.9766666666667,69.875,2.0,0.18181818181818182,1,1
17084,305,1,2253.22,1476,132,1,2253.22,305.0,1.0,0.5,1,0
17085,32,28,7839.27,3553,410,15,279.9739285714286,22.59259259259259,4.0,0.125,1,1
17087,647,1,221.53,113,12,1,221.53,647.0,0.0,0.0,1,1
17088,92,2,1399.1100000000001,525,72,2,699.5550000000001,70.0,0.0,0.0,1,0
17089,295,1,128.45,35,4,1,128.45,295.0,0.0,0.0,1,1
17090,7,10,1917.3,802,23,7,191.73,45.44444444444444,1.0,0.09090909090909091,1,0
17091,7,17,6359.99,3276,233,14,374.1170588235294,39.0,4.0,0.19047619047619047,1,0
17092,35,9,4366.7,3028,224,8,485.18888888888887,68.5,3.0,0.25,1,0
17093,502,1,235.88,114,13,1,235.88,502.0,0.0,0.0,1,1
17094,231,2,402.20000000000005,212,18,2,201.10000000000002,101.0,1.0,0.3333333333333333,1,1
17095,208,6,1792.05,1311,83,6,298.675,85.0,4.0,0.4,1,0
17096,52,9,3119.7400000000002,1398,142,7,346.6377777777778,51.5,4.0,0.3076923076923077,1,0
17097,9,7,828.47,373,136,4,118.35285714285715,55.0,1.0,0.125,0,0
17098,291,3,591.07,125,10,3,197.02333333333334,79.5,0.0,0.0,1,1
17099,442,1,582.17,317,40,1,582.17,442.0,0.0,0.0,1,1
17101,87,4,1115.9,518,44,4,278.975,123.66666666666667,0.0,0.0,1,0
17102,171,1,25.5,2,1,1,25.5,171.0,0.0,0.0,1,1
17103,631,1,424.3,471,32,1,424.3,631.0,0.0,0.0,1,1
17104,333,1,474.03000000000003,149,19,1,474.03000000000003,333.0,0.0,0.0,1,1
17105,68,2,665.78,693,80,2,332.89,147.0,0.0,0.0,1,1
17106,298,1,481.58000000000004,153,51,1,481.58000000000004,298.0,0.0,0.0,1,1
17107,64,7,11587.85,5135,305,7,1655.4071428571428,87.0,2.0,0.2222222222222222,1,0
17108,573,1,174.95,31,9,1,174.95,573.0,0.0,0.0,1,1
17109,141,4,875.01,448,70,3,218.7525,88.33333333333333,0.0,0.0,1,0
17110,74,3,499.9,136,38,3,166.63333333333333,222.0,0.0,0.0,1,1
17111,334,1,227.97,299,19,1,227.97,334.0,0.0,0.0,1,0
17112,412,1,197.57,130,44,1,197.57,412.0,0.0,0.0,1,1
17113,483,6,2305.59,913,122,4,384.26500000000004,24.6,2.0,0.25,1,1
17114,48,6,601.9399999999999,156,66,6,100.32333333333332,39.2,2.0,0.25,1,0
17115,92,6,2536.81,773,98,6,422.8016666666667,110.2,6.0,0.5,1,0
17116,557,1,389.78,392,47,1,389.78,557.0,0.0,0.0,1,1
17117,197,1,116.2,68,9,1,116.2,197.0,0.0,0.0,1,1
17118,227,1,157.02,154,10,1,157.02,227.0,0.0,0.0,1,1
17120,142,1,307.46,120,18,1,307.46,142.0,0.0,0.0,1,1
17121,312,1,314.74,106,12,1,314.74,312.0,0.0,0.0,1,1
17122,28,4,570.5,368,23,4,142.625,126.66666666666667,0.0,0.0,1,1
17123,71,3,966.6700000000001,651,36,3,322.22333333333336,205.0,0.0,0.0,1,1
17124,94,1,294.24,129,31,1,294.24,94.0,0.0,0.0,1,1
17126,61,9,2008.93,1420,294,6,223.21444444444444,39.125,2.0,0.18181818181818182,1,1
17127,338,5,1155.0300000000002,340,27,5,231.00600000000003,76.5,0.0,0.0,1,1
17128,244,1,157.09,76,14,1,157.09,244.0,0.0,0.0,1,1
17129,429,1,31.85,5,2,1,31.85,429.0,0.0,0.0,1,1
17132,361,2,1220.91,963,62,2,610.455,36.0,0.0,0.0,1,1
17133,99,8,12208.880000000001,8502,21,8,1526.1100000000001,62.57142857142857,1.0,0.1111111111111111,1,0
17134,16,3,625.3,144,31,3,208.4333333333333,167.5,0.0,0.0,1,1
17135,199,5,1077.2,878,84,5,215.44,72.25,1.0,0.16666666666666666,1,0
17136,571,1,231.68,256,14,1,231.68,571.0,0.0,0.0,1,1
17137,325,6,1099.81,680,125,5,183.30166666666665,52.2,0.0,0.0,1,1
17138,185,7,4417.27,2024,234,6,631.0385714285715,66.16666666666667,0.0,0.0,1,1
17139,32,20,15767.81,7877,367,13,788.3905,30.263157894736842,3.0,0.13043478260869565,1,0
17140,156,1,454.12,296,16,1,454.12,156.0,0.0,0.0,1,1
17141,327,4,727.58,423,138,2,181.895,88.66666666666667,0.0,0.0,1,1
17142,148,4,1275.25,322,78,4,318.8125,148.33333333333334,0.0,0.0,1,1
17143,326,2,880.97,314,82,2,440.485,98.0,0.0,0.0,1,1
17145,422,4,3120.91,2591,168,2,780.2275,48.333333333333336,3.0,0.42857142857142855,1,1
17146,15,13,5852.64,2188,164,10,450.20307692307694,47.5,3.0,0.1875,1,1
17147,116,7,2458.47,943,74,7,351.21,81.83333333333333,7.0,0.5,1,0
17149,360,1,143.10000000000002,18,6,1,143.10000000000002,360.0,0.0,0.0,1,1
17150,286,6,1357.95,397,64,5,226.32500000000002,71.4,0.0,0.0,1,1
17151,644,1,231.90000000000003,42,4,1,231.90000000000003,644.0,0.0,0.0,1,1
17152,104,4,2016.5,577,9,3,504.125,76.66666666666667,1.0,0.2,1,1
17155,87,6,784.06,899,33,5,130.67666666666665,111.6,0.0,0.0,1,0
17156,401,1,591.87,391,39,1,591.87,401.0,1.0,0.5,1,1
17157,85,18,4994.36,2022,75,8,277.46444444444444,32.88235294117647,1.0,0.05263157894736842,1,0
17158,142,4,1411.58,830,61,4,352.895,136.33333333333334,1.0,0.2,1,0
17159,81,3,1089.16,542,51,3,363.05333333333334,236.5,0.0,0.0,1,0
17160,18,16,9692.31,7951,196,13,605.769375,41.733333333333334,1.0,0.058823529411764705,1,0
17161,353,1,856.01,537,52,1,856.01,353.0,0.0,0.0,1,1
17162,40,9,1463.66,865,75,5,162.6288888888889,21.75,1.0,0.1,1,0
17163,355,2,406.68,465,24,2,203.34,229.0,0.0,0.0,1,0
17164,61,3,1270.42,802,53,3,423.47333333333336,60.5,0.0,0.0,1,0
17165,193,6,1794.32,788,77,6,299.05333333333334,88.8,2.0,0.25,1,1
17166,113,1,127.59,57,10,1,127.59,113.0,1.0,0.5,1,0
17167,289,3,867.11,429,64,3,289.0366666666667,32.5,0.0,0.0,1,1
17168,408,1,400.2,220,21,1,400.2,408.0,0.0,0.0,1,1
17169,92,2,629.63,247,31,2,314.815,395.0,2.0,0.5,1,0
17170,283,2,178.68,152,8,1,89.34,14.0,1.0,0.3333333333333333,1,1
17171,198,2,384.59000000000003,225,25,2,192.29500000000002,372.0,0.0,0.0,1,1
17172,340,2,638.81,735,24,2,319.405,296.0,2.0,0.5,1,0
17173,26,2,961.26,238,13,2,480.63,14.0,1.0,0.3333333333333333,1,0
17174,127,1,59.9,41,4,1,59.9,127.0,0.0,0.0,1,1
17175,50,3,1132.63,644,42,3,377.54333333333335,77.5,1.0,0.25,1,0
17176,111,3,902.3199999999999,576,37,3,300.7733333333333,237.5,0.0,0.0,1,1
17177,414,1,119.5,40,29,1,119.5,414.0,0.0,0.0,1,1
17178,640,1,432.96000000000004,100,31,1,432.96000000000004,640.0,0.0,0.0,1,1
17179,87,6,1507.26,625,75,6,251.21,76.8,0.0,0.0,1,1
17180,150,10,2005.6,1655,179,9,200.56,49.44444444444444,3.0,0.23076923076923078,1,0
17181,283,2,225.45000000000002,243,7,2,112.72500000000001,222.0,0.0,0.0,1,0
17182,332,2,321.3,54,4,2,160.65,295.0,0.0,0.0,1,1
17183,14,1,329.67,141,9,1,329.67,14.0,0.0,0.0,1,0
17184,478,2,198.41000000000003,73,14,2,99.20500000000001,161.0,0.0,0.0,1,1
17185,501,3,229.46,119,38,1,76.48666666666666,3.0,0.0,0.0,1,1
17187,136,2,467.71,426,21,2,233.855,299.0,0.0,0.0,1,1
17188,73,11,3933.79,2212,119,9,357.61727272727273,56.6,4.0,0.26666666666666666,1,0
17189,15,5,953.63,601,101,4,190.726,157.75,0.0,0.0,1,1
17190,116,6,1474.99,2054,143,4,245.83166666666668,87.4,1.0,0.14285714285714285,1,0
17191,4,14,3778.17,1901,238,10,269.8692857142857,49.46153846153846,1.0,0.06666666666666667,1,0
17192,445,1,75.28,45,20,1,75.28,445.0,0.0,0.0,1,1
17193,86,4,1059.3,558,16,3,264.825,187.0,2.0,0.3333333333333333,1,0
17194,270,2,776.66,413,56,2,388.33,169.0,0.0,0.0,1,1
17195,564,1,562.98,486,31,1,562.98,564.0,0.0,0.0,1,1
17196,337,1,327.75,154,84,1,327.75,337.0,0.0,0.0,1,1
17198,274,2,521.66,242,73,1,260.83,5.0,0.0,0.0,1,0
17199,491,1,135.04000000000002,232,8,1,135.04000000000002,491.0,0.0,0.0,1,1
17200,296,4,356.71,367,25,2,89.1775,88.0,0.0,0.0,1,1
17201,433,3,842.82,748,118,3,280.94,71.5,1.0,0.25,1,0
17202,330,1,160.65,55,8,1,160.65,330.0,0.0,0.0,1,1
17203,297,4,2004.01,1751,84,1,501.0025,0.0,0.0,0.0,1,0
17204,84,9,5504.6900000000005,2651,110,7,611.6322222222223,46.5,6.0,0.4,1,1
17205,325,2,615.27,1330,18,2,307.635,148.0,0.0,0.0,1,0
17207,561,1,291.77,232,54,1,291.77,561.0,0.0,0.0,1,1
17208,305,1,111.15,101,21,1,111.15,305.0,0.0,0.0,1,1
17209,558,3,595.7,723,36,2,198.5666666666667,43.5,0.0,0.0,1,1
17210,302,1,251.72,242,47,1,251.72,302.0,0.0,0.0,1,1
17211,89,11,2921.02,1611,176,7,265.54727272727274,54.6,2.0,0.15384615384615385,1,0
17212,162,3,794.41,727,29,3,264.80333333333334,116.5,0.0,0.0,1,1
17213,50,11,3868.1800000000003,1669,113,7,351.6527272727273,58.3,7.0,0.3888888888888889,1,0
17214,158,4,611.97,177,56,3,152.9925,36.666666666666664,0.0,0.0,1,0
17215,373,1,186.15,104,11,1,186.15,373.0,0.0,0.0,1,1
17216,463,1,63.6,21,13,1,63.6,463.0,0.0,0.0,1,1
17217,143,2,210.1,93,27,2,105.05,385.0,0.0,0.0,1,1
17218,123,13,2881.0,1501,192,9,221.6153846153846,39.083333333333336,0.0,0.0,1,0
17219,326,1,144.9,99,24,1,144.9,326.0,0.0,0.0,1,0
17220,8,17,3551.94,2105,346,11,208.93764705882353,36.8125,0.0,0.0,1,0
17221,501,3,642.14,426,58,1,214.04666666666665,7.5,0.0,0.0,1,0
17222,386,5,1234.96,733,70,4,246.99200000000002,55.0,0.0,0.0,1,0
17223,219,3,523.04,154,61,3,174.34666666666666,32.0,0.0,0.0,1,1
17224,410,1,100.86000000000001,65,8,1,100.86000000000001,410.0,0.0,0.0,1,1
17225,491,1,131.15,36,5,1,131.15,491.0,0.0,0.0,1,1
17226,218,3,895.47,853,51,3,298.49,178.0,0.0,0.0,1,1
17227,82,9,1413.3600000000001,1236,50,9,157.04000000000002,65.0,0.0,0.0,1,0
17228,117,9,1601.52,1433,132,7,177.94666666666666,53.625,0.0,0.0,1,0
17229,5,2,318.76,185,39,2,159.38,46.0,0.0,0.0,1,1
17230,173,18,9388.49,3753,141,9,521.5827777777778,27.470588235294116,5.0,0.21739130434782608,1,1
17231,35,22,5845.9,2990,445,18,265.72272727272724,28.80952380952381,8.0,0.26666666666666666,1,0
17233,357,2,369.98,167,32,2,184.99,276.0,0.0,0.0,1,0
17234,92,1,149.89,55,14,1,149.89,92.0,0.0,0.0,1,1
17235,281,7,1354.82,747,41,5,193.54571428571427,30.0,0.0,0.0,1,0
17236,88,11,1710.8600000000001,730,97,10,155.53272727272727,46.3,0.0,0.0,1,0
17237,285,2,679.44,309,58,1,339.72,6.0,0.0,0.0,1,0
17238,45,26,5555.64,2645,417,14,213.67846153846156,24.08,0.0,0.0,1,0
17239,222,4,1189.45,515,18,4,297.3625,71.0,2.0,0.3333333333333333,1,1
17240,505,1,130.60000000000002,108,7,1,130.60000000000002,505.0,0.0,0.0,1,1
17241,294,12,2736.64,859,116,8,228.0533333333333,25.09090909090909,0.0,0.0,1,1
17242,17,5,2889.2799999999997,1459,44,5,577.856,144.0,0.0,0.0,1,1
17243,2,59,15976.99,6078,320,21,270.7964406779661,11.120689655172415,11.0,0.15714285714285714,1,0
17244,292,4,871.14,803,85,2,217.785,116.66666666666667,0.0,0.0,1,0
17245,114,2,371.63,307,24,2,185.815,484.0,0.0,0.0,1,1
17246,456,2,38.92,36,6,2,19.46,191.0,0.0,0.0,1,1
17248,29,2,500.54,276,85,2,250.27,361.0,0.0,0.0,1,1
17249,338,1,68.03,79,27,1,68.03,338.0,0.0,0.0,1,1
17250,170,1,162.65,70,23,1,162.65,170.0,0.0,0.0,1,0
17251,272,3,798.98,377,65,3,266.32666666666665,181.0,1.0,0.25,1,1
17252,26,2,348.90999999999997,192,86,2,174.45499999999998,69.0,0.0,0.0,1,1
17254,310,1,198.29,146,36,1,198.29,310.0,0.0,0.0,1,0
17255,208,3,598.48,429,131,3,199.49333333333334,73.0,0.0,0.0,1,0
17256,16,5,498.93,299,20,4,99.786,123.0,0.0,0.0,1,1
17257,345,2,189.78,187,14,1,94.89,0.0,0.0,0.0,1,1
17258,306,2,417.3,188,46,2,208.65,268.0,0.0,0.0,1,1
17259,57,6,1452.39,844,179,5,242.06500000000003,101.4,0.0,0.0,1,1
17260,320,1,120.95,23,6,1,120.95,320.0,0.0,0.0,1,1
17261,419,1,221.59,95,43,1,221.59,419.0,0.0,0.0,1,1
17262,136,10,2190.76,595,10,8,219.07600000000002,55.22222222222222,0.0,0.0,1,0
17263,117,1,63.440000000000005,36,23,1,63.440000000000005,117.0,0.0,0.0,1,1
17264,333,1,268.28,217,70,1,268.28,333.0,0.0,0.0,1,1
17265,48,2,550.01,389,106,2,275.005,41.0,0.0,0.0,1,1
17266,57,3,318.2,117,56,3,106.06666666666666,246.5,0.0,0.0,1,0
17267,36,2,317.2,158,37,1,158.6,0.0,0.0,0.0,1,1
17268,17,11,1733.8899999999999,1395,26,9,157.62636363636364,62.3,0.0,0.0,1,1
17269,295,1,491.81,314,110,1,491.81,295.0,0.0,0.0,1,1
17270,378,2,601.45,420,45,2,300.725,262.0,0.0,0.0,1,1
17271,645,1,204.3,113,46,1,204.3,645.0,0.0,0.0,1,1
17272,108,2,1409.44,1161,59,2,704.72,63.0,1.0,0.3333333333333333,1,0
17273,333,1,141.12,133,12,1,141.12,333.0,0.0,0.0,1,1
17274,305,1,465.4,194,52,1,465.4,305.0,0.0,0.0,1,0
17275,292,1,114.1,71,23,1,114.1,292.0,0.0,0.0,1,1
17276,311,1,501.24,186,49,1,501.24,311.0,1.0,0.5,1,1
17277,137,2,1065.3500000000001,430,67,2,532.6750000000001,95.0,0.0,0.0,1,1
17278,150,2,271.24,195,17,2,135.62,323.0,0.0,0.0,1,1
17280,347,1,118.86,74,6,1,118.86,347.0,0.0,0.0,1,1
17281,283,6,797.85,295,2,6,132.975,59.8,0.0,0.0,1,1
17282,39,5,2308.54,2332,168,5,461.70799999999997,104.5,0.0,0.0,1,1
17283,288,1,188.46,179,15,1,188.46,288.0,0.0,0.0,1,1
17284,30,6,2400.16,1944,276,5,400.02666666666664,53.6,3.0,0.3333333333333333,1,0
17285,537,2,400.44,132,40,2,200.22,34.0,0.0,0.0,1,1
17286,309,2,237.81,251,46,1,118.905,0.0,0.0,0.0,1,0
17287,52,19,3480.21,1749,257,12,183.16894736842104,32.94444444444444,2.0,0.09523809523809523,1,0
17288,116,9,1714.5,1160,139,6,190.5,23.25,0.0,0.0,1,0
17289,89,7,1275.23,856,152,6,182.1757142857143,76.83333333333333,1.0,0.125,1,0
17290,291,6,914.47,598,95,5,152.41166666666666,68.8,0.0,0.0,1,0
17291,217,1,550.8000000000001,72,1,1,550.8000000000001,217.0,0.0,0.0,1,1
17292,381,2,271.75,131,14,2,135.875,107.0,0.0,0.0,1,1
17293,28,13,2763.6,1610,109,11,212.58461538461538,51.333333333333336,0.0,0.0,1,0
17294,578,2,467.79,297,17,1,233.895,0.0,0.0,0.0,1,1
17296,639,1,338.13,216,32,1,338.13,639.0,0.0,0.0,1,1
17298,10,5,938.36,850,60,4,187.672,135.0,1.0,0.16666666666666666,1,1
17299,9,4,604.8100000000001,531,71,4,151.20250000000001,126.66666666666667,0.0,0.0,1,0
17300,300,2,393.64,467,37,2,196.82,90.0,0.0,0.0,1,1
17301,533,1,131.15,79,52,1,131.15,533.0,0.0,0.0,1,0
17302,32,3,661.61,345,48,3,220.53666666666666,91.0,1.0,0.25,1,0
17303,270,1,250.04,144,53,1,250.04,270.0,0.0,0.0,1,1
17304,443,1,111.5,73,5,1,111.5,443.0,0.0,0.0,1,1
17305,558,1,2135.46,1006,9,1,2135.46,558.0,0.0,0.0,1,1
17306,9,17,7851.1,11514,13,10,461.8294117647059,18.9375,2.0,0.10526315789473684,1,0
17307,304,11,3999.8900000000003,3667,22,9,363.6263636363637,29.3,4.0,0.26666666666666666,1,1
17308,302,2,4511.76,5148,5,2,2255.88,59.0,0.0,0.0,1,1
17309,4,3,320.39,181,33,3,106.79666666666667,288.5,0.0,0.0,1,1
17310,296,2,1025.1,402,1,2,512.55,147.0,0.0,0.0,1,1
17311,226,5,2738.17,2160,93,5,547.634,89.25,1.0,0.16666666666666666,1,0
17312,48,3,644.3,372,11,1,214.76666666666665,10.0,0.0,0.0,1,1
17314,58,14,3883.43,2785,141,12,277.3878571428571,45.23076923076923,4.0,0.2222222222222222,1,0
17315,9,33,7646.36,4197,369,11,231.70787878787877,10.5625,5.0,0.13157894736842105,1,0
17316,329,1,124.45,44,35,1,124.45,329.0,0.0,0.0,1,1
17318,634,1,157.32999999999998,59,17,1,157.32999999999998,634.0,0.0,0.0,1,1
17319,578,1,29.099999999999998,14,3,1,29.099999999999998,578.0,0.0,0.0,1,1
17320,9,6,2444.85,1182,86,6,407.47499999999997,117.2,0.0,0.0,1,1
17321,303,4,1008.05,426,159,3,252.0125,61.0,0.0,0.0,1,0
17322,285,5,922.59,631,115,3,184.518,90.0,2.0,0.2857142857142857,1,1
17323,34,9,1172.07,1157,146,9,130.23,71.75,1.0,0.1,1,0
17324,241,10,1886.82,1248,85,8,188.682,43.22222222222222,1.0,0.09090909090909091,1,0
17325,189,3,609.5699999999999,465,39,3,203.18999999999997,180.5,0.0,0.0,1,1
17326,317,2,312.35,136,82,2,156.175,121.0,0.0,0.0,1,1
17327,319,2,152.35,59,3,2,76.175,152.0,0.0,0.0,1,1
17328,582,1,104.7,86,6,1,104.7,582.0,0.0,0.0,1,1
17329,224,4,718.78,355,73,2,179.695,140.0,0.0,0.0,1,0
17330,454,2,59.900000000000006,2,2,2,29.950000000000003,103.0,0.0,0.0,1,0
17331,33,1,175.2,16,1,1,175.2,33.0,0.0,0.0,1,1
17332,437,5,827.77,769,81,5,165.554,32.0,0.0,0.0,1,1
17334,211,3,635.1500000000001,566,20,2,211.7166666666667,52.0,1.0,0.25,1,1
17335,293,2,497.04,210,34,2,248.52,300.0,0.0,0.0,1,1
17336,381,1,81.12,48,1,1,81.12,381.0,0.0,0.0,1,1
17337,60,4,1979.61,1246,420,4,494.9025,52.666666666666664,3.0,0.42857142857142855,1,1
17338,23,16,10554.67,5048,537,15,659.666875,34.93333333333333,2.0,0.1111111111111111,1,0
17339,3,3,302.36,172,10,3,100.78666666666668,207.5,1.0,0.25,1,1
17340,29,14,14858.31,7538,258,12,1061.307857142857,41.69230769230769,10.0,0.4166666666666667,1,0
17341,66,5,1272.21,831,200,3,254.442,95.75,0.0,0.0,1,1
17342,289,4,1227.54,521,31,3,306.885,96.66666666666667,3.0,0.42857142857142855,1,1
17343,264,6,1259.94,454,61,6,209.99,76.0,0.0,0.0,1,1
17344,638,1,299.74,135,36,1,299.74,638.0,1.0,0.5,1,0
17345,2,9,1348.12,1844,140,6,149.7911111111111,80.5,2.0,0.18181818181818182,1,0
17346,12,19,3597.31,2743,401,13,189.3321052631579,27.61111111111111,0.0,0.0,1,0
17348,207,5,1434.54,1537,205,4,286.908,85.25,0.0,0.0,1,0
17349,88,5,772.41,772,74,4,154.482,113.0,0.0,0.0,1,1
17350,303,3,612.38,407,64,3,204.12666666666667,141.0,0.0,0.0,1,0
17351,78,11,1804.53,359,40,9,164.0481818181818,56.0,0.0,0.0,1,0
17352,605,1,36.25,15,5,1,36.25,605.0,0.0,0.0,1,1
17353,38,4,3242.0,2168,7,4,810.5,165.0,3.0,0.42857142857142855,1,1
17354,337,3,1740.8999999999999,1525,73,1,580.3,0.0,0.0,0.0,1,0
17355,295,1,273.31,249,28,1,273.31,295.0,0.0,0.0,1,1
17356,221,5,946.47,925,73,5,189.294,94.0,0.0,0.0,1,1
17358,212,5,861.01,430,126,5,172.202,87.5,0.0,0.0,1,1
17359,557,1,156.6,76,23,1,156.6,557.0,0.0,0.0,1,0
17360,93,4,953.17,460,137,3,238.2925,83.33333333333333,1.0,0.2,1,0
17361,95,4,647.51,286,41,3,161.8775,163.0,0.0,0.0,1,0
17362,148,7,1024.04,549,99,7,146.29142857142855,77.16666666666667,1.0,0.125,1,1
17363,304,3,920.46,499,34,1,306.82,3.0,0.0,0.0,1,1
17364,46,23,10127.65,6266,396,15,440.33260869565214,27.0,3.0,0.11538461538461539,1,0
17365,79,12,5753.94,5800,320,10,479.49499999999995,46.0,1.0,0.07692307692307693,1,0
17366,341,2,1077.24,504,120,2,538.62,23.0,1.0,0.3333333333333333,1,1
17367,147,1,167.55,149,33,1,167.55,147.0,0.0,0.0,1,1
17368,2,12,2484.49,2222,161,8,207.04083333333332,57.27272727272727,2.0,0.14285714285714285,1,0
17369,365,1,979.2,1152,1,1,979.2,365.0,0.0,0.0,1,1
17370,1,2,228.06,218,16,2,114.03,77.0,0.0,0.0,1,0
17371,270,4,325.11,167,61,3,81.2775,123.33333333333333,0.0,0.0,1,0
17372,75,25,4034.91,1704,383,15,161.3964,23.708333333333332,3.0,0.10714285714285714,1,0
17373,43,5,807.88,530,50,5,161.576,128.75,0.0,0.0,1,0
17374,128,3,727.11,155,34,3,242.37,88.0,1.0,0.25,1,1
17375,108,4,660.55,480,77,4,165.1375,77.33333333333333,1.0,0.2,1,1
17376,220,3,356.29,193,37,3,118.76333333333334,105.5,0.0,0.0,1,0
17377,35,67,15621.25,6367,435,17,233.15298507462686,9.257575757575758,13.0,0.1625,1,0
17378,283,1,10.95,1,1,1,10.95,283.0,1.0,0.5,1,1
17380,343,3,645.0,252,5,3,215.0,50.0,1.0,0.25,1,1
17381,8,33,34384.69,40081,50,16,1041.960303030303,14.03125,1.0,0.029411764705882353,1,0
17382,345,7,836.88,432,14,4,119.55428571428571,22.166666666666668,0.0,0.0,1,0
17383,362,1,110.7,12,2,1,110.7,362.0,0.0,0.0,1,0
17384,128,2,398.79999999999995,76,7,2,199.39999999999998,248.0,0.0,0.0,1,0
17386,8,6,1823.69,1075,18,4,303.9483333333333,57.2,0.0,0.0,1,0
17388,41,10,2368.84,2266,40,8,236.88400000000001,66.44444444444444,0.0,0.0,1,0
17389,5,52,34885.73,12210,57,18,670.8794230769231,12.529411764705882,16.0,0.23529411764705882,1,0
17390,330,1,149.3,49,12,1,149.3,330.0,0.0,0.0,1,1
17391,73,2,508.8,480,2,1,254.4,0.0,0.0,0.0,1,1
17392,216,3,579.92,448,65,3,193.30666666666664,71.5,0.0,0.0,1,1
17393,320,2,381.15000000000003,238,45,2,190.57500000000002,77.0,0.0,0.0,1,1
17394,128,1,203.86999999999998,241,4,1,203.86999999999998,128.0,0.0,0.0,1,1
17395,417,1,97.5,66,3,1,97.5,417.0,0.0,0.0,1,1
17396,58,11,5862.6,1412,25,4,532.9636363636364,29.2,2.0,0.15384615384615385,1,0
17397,325,1,516.87,441,44,1,516.87,325.0,0.0,0.0,1,0
17398,24,3,653.38,310,30,3,217.79333333333332,70.0,0.0,0.0,1,1
17400,35,8,4623.28,2185,345,7,577.91,85.0,0.0,0.0,1,1
17401,450,1,114.85,34,11,1,114.85,450.0,0.0,0.0,1,1
17402,11,18,3734.16,1169,101,12,207.45333333333332,36.529411764705884,3.0,0.14285714285714285,1,0
17403,360,1,118.95,77,13,1,118.95,360.0,0.0,0.0,1,0
17404,37,17,36750.6,39550,108,12,2161.7999999999997,35.8125,4.0,0.19047619047619047,0,0
17405,59,1,393.31,334,41,1,393.31,59.0,0.0,0.0,1,0
17406,242,13,4186.95,1847,155,8,322.0730769230769,33.333333333333336,5.0,0.2777777777777778,1,1
17407,321,1,552.9,426,23,1,552.9,321.0,0.0,0.0,1,1
17408,72,3,316.09000000000003,163,7,2,105.36333333333334,175.0,1.0,0.25,1,1
17409,94,10,7793.51,4089,50,7,779.351,60.333333333333336,0.0,0.0,1,1
17410,5,2,419.55,149,22,2,209.775,119.0,0.0,0.0,1,0
17411,170,3,932.0200000000001,428,46,3,310.67333333333335,237.5,4.0,0.5714285714285714,1,0
17412,105,13,3671.98,2174,143,10,282.46,45.083333333333336,3.0,0.1875,1,0
17413,314,2,560.14,302,10,2,280.07,165.0,0.0,0.0,1,1
17414,94,5,2069.52,5536,6,5,413.904,137.75,0.0,0.0,1,0
17416,19,20,15699.52,7750,305,11,784.976,32.36842105263158,3.0,0.13043478260869565,1,0
17417,458,1,164.18,76,16,1,164.18,458.0,0.0,0.0,1,1
17418,233,2,373.99,371,24,2,186.995,63.0,0.0,0.0,1,0
17419,53,14,4559.68,2221,159,12,325.6914285714286,41.46153846153846,1.0,0.06666666666666667,1,0
17420,80,5,746.26,350,34,3,149.252,57.5,2.0,0.2857142857142857,1,0
17421,295,3,1059.41,807,46,3,353.1366666666667,174.5,0.0,0.0,1,1
17422,2,10,3314.36,3034,137,10,331.43600000000004,49.0,8.0,0.4444444444444444,1,0
17423,127,2,869.96,645,28,2,434.98,175.0,1.0,0.3333333333333333,1,0
17426,0,11,7321.1,4634,225,6,665.5545454545455,56.9,3.0,0.21428571428571427,1,0
17428,20,37,24871.0,14621,383,16,672.1891891891892,17.416666666666668,5.0,0.11904761904761904,1,0
17429,37,5,1357.46,1286,80,5,271.492,75.25,2.0,0.2857142857142857,1,1
17430,274,3,469.40999999999997,325,24,3,156.47,57.0,0.0,0.0,1,0
17431,222,1,403.3,292,41,1,403.3,222.0,0.0,0.0,1,1
17432,294,7,1363.23,801,174,5,194.74714285714285,58.333333333333336,0.0,0.0,1,0
17433,294,1,266.8,120,39,1,266.8,294.0,0.0,0.0,1,0
17435,320,1,331.35,195,15,1,331.35,320.0,0.0,0.0,1,1
17436,136,4,440.16,136,5,4,110.04,168.33333333333334,2.0,0.3333333333333333,1,0
17437,439,1,369.68,283,52,1,369.68,439.0,0.0,0.0,1,1
17438,163,5,1422.77,553,49,4,284.554,96.75,1.0,0.16666666666666666,1,1
17439,565,1,325.74,370,8,1,325.74,565.0,0.0,0.0,1,1
17440,66,4,323.58,282,4,3,80.895,130.66666666666666,2.0,0.3333333333333333,1,1
17441,641,1,293.35,245,21,1,293.35,641.0,0.0,0.0,1,1
17442,3,14,4293.43,2898,179,11,306.67357142857145,43.69230769230769,7.0,0.3333333333333333,1,0
17443,129,1,534.24,504,1,1,534.24,129.0,0.0,0.0,0,1
17444,61,2,2389.1,2118,131,2,1194.55,21.0,0.0,0.0,0,1
17446,86,2,120.89999999999999,198,6,2,60.449999999999996,133.0,0.0,0.0,1,1
17448,438,41,14448.67,11529,568,4,352.4065853658537,2.875,8.0,0.16326530612244897,1,1
17449,4,10,3843.4900000000002,2069,236,10,384.34900000000005,70.55555555555556,0.0,0.0,1,0
17450,4,28,136695.0,46101,127,11,4881.964285714285,12.666666666666666,6.0,0.17647058823529413,1,0
17451,15,1,346.01,267,23,1,346.01,15.0,1.0,0.5,1,0
17454,101,10,1547.94,727,98,10,154.794,55.55555555555556,1.0,0.09090909090909091,1,1
17455,113,1,131.7,66,8,1,131.7,113.0,0.0,0.0,1,1
17456,274,2,975.5600000000001,508,59,2,487.78000000000003,90.0,0.0,0.0,1,1
17457,36,14,5984.81,2695,30,12,427.4864285714286,46.53846153846154,4.0,0.2222222222222222,1,1
17458,291,1,213.08,112,32,1,213.08,291.0,0.0,0.0,1,0
17460,3,16,2157.9700000000003,954,93,14,134.87312500000002,39.46666666666667,4.0,0.2,1,1
17462,193,1,463.40999999999997,155,14,1,463.40999999999997,193.0,0.0,0.0,1,0
17463,85,5,1886.99,1112,177,5,377.398,103.0,2.0,0.2857142857142857,1,0
17464,67,3,907.1400000000001,608,35,3,302.38000000000005,230.5,1.0,0.25,1,1
17465,335,7,2542.79,1477,103,6,363.2557142857143,51.666666666666664,2.0,0.2222222222222222,1,1
17467,304,1,102.6,20,4,1,102.6,304.0,0.0,0.0,1,1
17468,284,1,57.8,68,3,1,57.8,284.0,0.0,0.0,1,0
17469,18,15,4230.55,1960,150,11,282.0366666666667,43.857142857142854,5.0,0.25,1,0
17470,36,10,2317.87,2331,99,9,231.78699999999998,42.22222222222222,0.0,0.0,1,0
17471,384,1,321.65000000000003,153,19,1,321.65000000000003,384.0,0.0,0.0,1,1
17472,100,4,922.35,551,183,3,230.5875,145.66666666666666,0.0,0.0,1,1
17473,318,2,607.0,270,33,2,303.5,47.0,1.0,0.3333333333333333,1,1
17474,509,1,1047.0,200,6,1,1047.0,509.0,0.0,0.0,1,1
17476,305,2,489.86,224,29,2,244.93,341.0,2.0,0.5,1,1
17477,522,2,1144.3,225,44,2,572.15,34.0,3.0,0.6,1,1
17478,317,2,1272.8000000000002,516,40,2,636.4000000000001,225.0,0.0,0.0,1,1
17479,542,1,389.26000000000005,266,18,1,389.26000000000005,542.0,0.0,0.0,1,1
17480,354,1,370.41,243,24,1,370.41,354.0,0.0,0.0,1,0
17481,3,1,260.63,149,19,1,260.63,3.0,0.0,0.0,1,0
17482,396,2,775.64,240,50,2,387.82,91.0,0.0,0.0,1,1
17483,43,3,452.43,172,19,3,150.81,140.0,0.0,0.0,1,0
17484,485,2,209.57,339,14,2,104.785,47.0,0.0,0.0,1,1
17486,170,1,396.87,191,24,1,396.87,170.0,0.0,0.0,1,1
17487,637,1,160.55,37,8,1,160.55,637.0,0.0,0.0,1,1
17488,550,1,336.5,136,18,1,336.5,550.0,0.0,0.0,1,1
17489,122,1,208.56,232,16,1,208.56,122.0,0.0,0.0,1,0
17490,86,3,963.38,537,51,3,321.12666666666667,196.0,1.0,0.25,1,0
17491,5,13,4212.91,2596,95,12,324.07,41.166666666666664,1.0,0.07142857142857142,1,0
17492,157,3,1122.42,450,32,3,374.14000000000004,135.0,0.0,0.0,1,1
17493,294,1,100.91,62,8,1,100.91,294.0,0.0,0.0,1,1
17494,411,1,54.7,26,3,1,54.7,411.0,0.0,0.0,1,1
17495,300,1,309.16,138,21,1,309.16,300.0,1.0,0.5,1,0
17496,268,4,1412.89,675,54,4,353.2225,111.66666666666667,1.0,0.2,1,1
17497,299,2,287.25,59,7,2,143.625,220.0,0.0,0.0,1,1
17499,199,2,1341.3899999999999,1086,66,2,670.6949999999999,271.0,1.0,0.3333333333333333,1,1
17501,130,2,288.6,160,18,1,144.3,0.0,0.0,0.0,1,1
17504,115,18,9490.17,5420,244,10,527.2316666666667,27.235294117647058,1.0,0.05263157894736842,1,1
17505,71,5,2435.48,1242,83,4,487.096,110.75,0.0,0.0,1,1
17507,171,2,605.58,359,79,2,302.79,47.0,0.0,0.0,1,1
17508,190,8,4579.23,2891,199,8,572.40375,64.42857142857143,1.0,0.1111111111111111,0,1
17510,330,1,206.08,208,15,1,206.08,330.0,0.0,0.0,1,0
17511,3,50,140446.24,92902,583,22,2808.9248,13.142857142857142,21.0,0.29577464788732394,1,0
17512,30,16,4434.7300000000005,4515,85,10,277.17062500000003,40.46666666666667,2.0,0.1111111111111111,1,0
17513,318,2,645.6,186,12,2,322.8,70.0,0.0,0.0,1,0
17514,37,2,522.0,284,72,2,261.0,541.0,0.0,0.0,1,1
17515,115,8,1534.86,504,90,8,191.8575,49.142857142857146,0.0,0.0,1,0
17516,28,5,788.27,481,132,4,157.654,64.75,0.0,0.0,1,0
17517,218,1,153.94,102,11,1,153.94,218.0,0.0,0.0,1,1
17518,335,2,329.42,267,71,2,164.71,195.0,0.0,0.0,1,1
17519,43,14,4418.150000000001,3036,133,14,315.5821428571429,46.53846153846154,2.0,0.125,1,0
17521,108,3,714.41,403,37,3,238.13666666666666,117.5,0.0,0.0,1,0
17522,48,4,907.69,920,53,3,226.9225,26.333333333333332,0.0,0.0,1,0
17524,270,3,539.14,362,37,2,179.71333333333334,38.0,1.0,0.25,1,1
17525,269,3,1161.9,338,19,3,387.3,34.5,0.0,0.0,1,1
17526,200,11,3616.14,1272,61,9,328.74,43.1,3.0,0.21428571428571427,1,0
17527,19,2,606.62,206,25,2,303.31,108.0,1.0,0.3333333333333333,1,0
17529,519,2,1240.25,790,78,2,620.125,87.0,0.0,0.0,1,1
17530,115,8,1785.24,1016,270,6,223.155,75.28571428571429,1.0,0.1111111111111111,1,0
17531,99,3,1266.82,472,54,3,422.2733333333333,214.0,6.0,0.6666666666666666,1,1
17532,295,1,65.34,30,4,1,65.34,295.0,0.0,0.0,1,1
17533,344,1,34.8,24,1,1,34.8,344.0,0.0,0.0,1,1
17534,360,4,1445.47,757,69,4,361.3675,66.66666666666667,0.0,0.0,1,0
17535,189,1,164.4,136,13,1,164.4,189.0,0.0,0.0,1,1
17536,86,3,364.83,201,16,3,121.61,252.5,0.0,0.0,1,1
17537,212,1,620.75,369,60,1,620.75,212.0,0.0,0.0,1,0
17539,537,3,1161.84,707,131,3,387.28,49.0,3.0,0.5,1,1
17540,225,5,1280.5,458,35,5,256.1,70.75,0.0,0.0,1,0
17541,419,1,119.86,44,31,1,119.86,419.0,0.0,0.0,1,1
17542,179,3,340.85,323,57,2,113.61666666666667,185.5,0.0,0.0,1,1
17543,459,1,120.05,62,13,1,120.05,459.0,0.0,0.0,1,1
17544,299,3,944.82,410,80,1,314.94,0.0,0.0,0.0,1,1
17545,299,3,767.54,345,112,2,255.84666666666666,93.5,0.0,0.0,1,0
17547,285,2,727.85,223,22,2,363.925,289.0,2.0,0.5,1,1
17548,143,4,731.26,494,22,2,182.815,54.0,2.0,0.3333333333333333,1,1
17550,106,9,2506.64,968,250,7,278.5155555555555,59.0,1.0,0.1,1,1
17551,268,1,290.34,142,39,1,290.34,268.0,0.0,0.0,1,1
17552,281,10,2154.88,1376,64,6,215.488,28.333333333333332,2.0,0.16666666666666666,1,0
17553,39,4,3757.6,2288,2,3,939.4,160.33333333333334,0.0,0.0,1,1
17554,32,2,1249.8899999999999,1409,51,2,624.9449999999999,25.0,0.0,0.0,1,0
17555,244,4,760.88,547,174,3,190.22,83.66666666666667,0.0,0.0,1,0
17556,115,2,300.67,184,13,2,150.335,173.0,0.0,0.0,1,1
17557,642,1,34.0,4,1,1,34.0,642.0,0.0,0.0,1,0
17558,302,1,259.17,54,28,1,259.17,302.0,0.0,0.0,1,1
17559,422,1,167.62,270,12,1,167.62,422.0,0.0,0.0,1,1
17560,4,8,1895.8,1588,37,8,236.975,80.71428571428571,0.0,0.0,1,1
17561,300,3,537.9,237,129,3,179.29999999999998,171.0,0.0,0.0,1,0
17562,19,4,661.1,601,35,3,165.275,21.0,1.0,0.2,1,0
17563,487,2,392.38,256,27,2,196.19,33.0,3.0,0.6,1,1
17565,496,1,131.83,67,30,1,131.83,496.0,0.0,0.0,1,1
17567,2,7,3432.05,2037,105,7,490.29285714285714,58.0,1.0,0.125,1,0
17568,542,1,374.45,275,61,1,374.45,542.0,0.0,0.0,1,1
17569,241,1,344.14,159,29,1,344.14,241.0,0.0,0.0,1,1
17571,55,4,764.79,600,120,4,191.1975,132.0,0.0,0.0,1,0
17572,9,9,621.46,312,14,8,69.05111111111111,78.125,0.0,0.0,1,0
17573,3,1,174.71,177,11,1,174.71,3.0,0.0,0.0,1,0
17574,152,1,185.65,77,8,1,185.65,152.0,0.0,0.0,1,1
17575,576,1,171.7,72,5,1,171.7,576.0,0.0,0.0,1,1
17576,8,36,7407.02,3993,354,22,205.75055555555556,18.17142857142857,3.0,0.07692307692307693,1,0
17577,554,2,348.75,179,20,2,174.375,23.0,0.0,0.0,1,1
17578,127,7,1047.33,529,57,4,149.6185714285714,51.833333333333336,3.0,0.3,1,1
17579,47,3,575.24,247,58,3,191.74666666666667,220.0,1.0,0.25,1,0
17580,162,5,538.07,222,77,5,107.614,42.25,0.0,0.0,1,1
17581,19,35,13448.22,7099,348,17,384.23485714285715,18.41176470588235,9.0,0.20454545454545456,1,0
17582,145,5,1446.95,603,92,5,289.39,96.75,1.0,0.16666666666666666,1,1
17583,469,1,135.95,55,7,1,135.95,469.0,0.0,0.0,1,1
17584,36,5,4816.57,2251,79,5,963.314,139.0,0.0,0.0,1,0
17585,18,7,2064.71,2510,295,6,294.9585714285714,61.333333333333336,0.0,0.0,1,1
17586,528,1,167.4,68,8,1,167.4,528.0,0.0,0.0,1,1
17587,537,1,173.76,66,41,1,173.76,537.0,0.0,0.0,1,1
17588,9,7,2939.55,1379,35,7,419.9357142857143,89.5,2.0,0.2222222222222222,1,1
17589,60,17,13246.42,8338,570,10,779.2011764705883,30.6875,3.0,0.15,1,0
17591,31,7,1976.52,904,93,7,282.36,94.66666666666667,1.0,0.125,1,0
17592,648,1,148.3,38,13,1,148.3,648.0,1.0,0.5,1,1
17593,1,10,7414.12,4755,275,8,741.412,71.44444444444444,4.0,0.2857142857142857,1,0
17594,164,3,1819.7,1038,52,3,606.5666666666667,175.0,0.0,0.0,1,0
17596,45,10,3421.85,5480,226,10,342.185,65.33333333333333,1.0,0.09090909090909091,1,0
17597,123,5,3484.09,2215,109,5,696.818,92.25,2.0,0.2857142857142857,1,1
17598,290,1,409.98,126,10,1,409.98,290.0,0.0,0.0,1,1
17599,387,1,52.05,11,3,1,52.05,387.0,2.0,0.6666666666666666,1,1
17601,148,2,412.65999999999997,294,68,2,206.32999999999998,141.0,0.0,0.0,1,1
17602,33,10,3209.56,2665,275,7,320.956,54.888888888888886,3.0,0.23076923076923078,1,0
17603,527,3,1393.66,564,93,3,464.55333333333334,56.0,6.0,0.6666666666666666,1,0
17604,126,6,942.38,614,142,6,157.06333333333333,92.8,0.0,0.0,1,1
17605,499,1,160.75,71,13,1,160.75,499.0,0.0,0.0,1,1
17606,646,1,87.30000000000001,42,6,1,87.30000000000001,646.0,0.0,0.0,1,1
17607,285,1,333.81,269,22,1,333.81,285.0,0.0,0.0,1,1
17608,358,2,296.07,299,90,2,148.035,158.0,0.0,0.0,1,0
17609,211,8,1305.83,855,230,6,163.22875,43.857142857142854,3.0,0.2727272727272727,1,0
17610,449,5,1511.94,893,114,4,302.38800000000003,48.25,3.0,0.375,1,1
17611,33,22,7027.56,4602,679,17,319.43454545454546,29.238095238095237,5.0,0.18518518518518517,1,0
17612,4,17,5029.35,3054,196,14,295.84411764705885,39.1875,13.0,0.43333333333333335,1,0
17613,27,9,2976.69,1667,173,6,330.74333333333334,23.5,2.0,0.18181818181818182,1,0
17615,39,6,721.8000000000001,378,47,5,120.30000000000001,71.0,1.0,0.14285714285714285,1,1
17616,83,4,734.4,288,1,4,183.6,92.33333333333333,0.0,0.0,1,1
17617,468,1,385.19,249,18,1,385.19,468.0,1.0,0.5,1,1
17618,157,10,3696.84,1714,196,8,369.684,48.44444444444444,2.0,0.16666666666666666,1,0
17619,221,1,214.37,124,71,1,214.37,221.0,0.0,0.0,1,1
17621,221,5,2697.0,906,52,3,539.4,29.75,2.0,0.2857142857142857,1,0
17622,507,2,1130.21,379,19,1,565.105,0.0,1.0,0.3333333333333333,1,1
17623,318,6,1838.72,534,108,6,306.4533333333333,63.0,0.0,0.0,1,0
17624,127,3,1125.45,716,71,3,375.15000000000003,250.5,0.0,0.0,1,0
17625,49,6,5185.63,3163,392,6,864.2716666666666,116.8,0.0,0.0,1,0
17626,512,1,254.0,202,18,1,254.0,512.0,0.0,0.0,1,1
17627,388,1,296.36,676,10,1,296.36,388.0,1.0,0.5,1,1
17629,29,7,1439.78,939,89,7,205.68285714285713,50.166666666666664,1.0,0.125,1,0
17630,79,2,503.6,158,24,2,251.8,62.0,0.0,0.0,1,1
17631,46,6,886.66,442,56,5,147.77666666666667,118.4,0.0,0.0,1,0
17633,12,5,1381.16,530,56,2,276.232,71.5,1.0,0.16666666666666666,1,0
17634,1,7,2077.07,650,177,6,296.7242857142857,40.833333333333336,0.0,0.0,1,0
17635,333,3,1265.58,770,60,3,421.85999999999996,83.0,1.0,0.25,1,1
17637,24,1,338.95,215,24,1,338.95,24.0,0.0,0.0,1,0
17638,556,2,842.4000000000001,432,2,2,421.20000000000005,74.0,0.0,0.0,1,1
17639,185,6,615.17,576,59,3,102.52833333333332,41.4,0.0,0.0,1,1
17640,288,5,2547.28,1442,47,4,509.456,61.75,2.0,0.2857142857142857,1,0
17642,29,5,1824.49,1475,88,5,364.898,153.5,0.0,0.0,1,1
17643,282,2,439.7,226,30,2,219.85,132.0,0.0,0.0,1,1
17644,29,16,4758.59,2574,122,13,297.411875,36.06666666666667,7.0,0.30434782608695654,1,0
17646,128,12,3898.79,1308,124,12,324.89916666666664,45.81818181818182,4.0,0.25,1,1
17647,578,2,198.6,52,5,1,99.3,0.0,0.0,0.0,1,0
17648,102,4,1526.26,756,96,3,381.565,64.0,1.0,0.2,1,0
17649,47,3,1578.89,723,88,2,526.2966666666667,167.0,2.0,0.4,1,1
17651,65,10,2906.53,1656,114,3,290.653,41.111111111111114,4.0,0.2857142857142857,1,0
17652,53,6,2713.57,1469,101,4,452.2616666666667,27.2,3.0,0.3333333333333333,1,0
17653,9,2,343.34,687,9,2,171.67,20.0,0.0,0.0,1,0
17654,186,1,117.55,41,22,1,117.55,186.0,0.0,0.0,1,1
17655,26,7,2240.77,985,63,6,320.11,50.0,1.0,0.125,1,0
17656,15,3,927.65,463,35,1,309.21666666666664,11.0,0.0,0.0,1,0
17657,339,1,126.0,60,7,1,126.0,339.0,0.0,0.0,1,1
17658,120,1,317.6,216,9,1,317.6,120.0,0.0,0.0,1,0
17659,9,11,2240.56,1048,91,6,203.68727272727273,28.6,2.0,0.15384615384615385,1,0
17660,50,2,342.22,259,75,2,171.11,595.0,0.0,0.0,1,1
17662,571,2,412.92,184,14,2,206.46,60.0,0.0,0.0,1,1
17663,64,14,4389.45,1925,130,11,313.53214285714284,37.76923076923077,5.0,0.2631578947368421,1,0
17664,121,3,887.7800000000001,863,51,3,295.9266666666667,203.5,0.0,0.0,1,0
17665,402,1,563.1,690,19,1,563.1,402.0,0.0,0.0,1,1
17666,387,3,1319.6399999999999,956,17,2,439.87999999999994,25.0,0.0,0.0,1,0
17667,71,8,3646.2,2062,136,7,455.775,70.28571428571429,3.0,0.2727272727272727,1,0
17669,31,8,5168.85,2987,80,7,646.10625,70.57142857142857,0.0,0.0,1,0
17670,137,1,205.7,110,11,1,205.7,137.0,0.0,0.0,1,1
17671,67,4,1535.0,739,52,4,383.75,72.66666666666667,2.0,0.3333333333333333,1,0
17672,218,5,3663.4100000000003,1710,127,4,732.682,83.0,1.0,0.16666666666666666,1,0
17673,71,11,3754.53,2884,189,9,341.3209090909091,46.8,1.0,0.08333333333333333,1,0
17674,278,1,300.66,349,11,1,300.66,278.0,0.0,0.0,1,0
17675,10,62,31342.39,13375,288,21,505.5224193548387,10.278688524590164,18.0,0.225,1,0
17676,18,8,1808.3,1310,68,6,226.0375,72.85714285714286,3.0,0.2727272727272727,1,0
17677,9,44,30379.58,18194,303,20,690.445,14.488372093023257,35.0,0.4430379746835443,1,0
17678,173,2,599.76,368,27,2,299.88,339.0,1.0,0.3333333333333333,1,1
17679,431,5,1585.5,1026,41,4,317.1,53.5,4.0,0.4444444444444444,1,0
17680,292,2,313.05,59,9,2,156.525,127.0,1.0,0.3333333333333333,1,0
17681,506,5,731.2,450,12,3,146.24,24.0,1.0,0.16666666666666666,1,1
17682,24,10,3490.3,1903,76,10,349.03000000000003,58.44444444444444,1.0,0.09090909090909091,1,0
17683,295,3,819.01,781,41,3,273.00333333333333,84.0,0.0,0.0,1,1
17685,176,10,3811.84,2455,81,9,381.184,44.333333333333336,2.0,0.16666666666666666,1,0
17686,30,7,7146.7,3065,255,5,1020.9571428571428,68.83333333333333,0.0,0.0,1,0
17687,330,1,432.68,210,26,1,432.68,330.0,0.0,0.0,1,1
17688,303,1,304.2,114,19,1,304.2,303.0,1.0,0.5,1,1
17689,297,2,317.08,300,17,2,158.54,85.0,0.0,0.0,1,1
17690,11,16,5732.53,2420,201,11,358.283125,38.13333333333333,0.0,0.0,1,0
17691,267,4,637.55,315,37,3,159.3875,62.666666666666664,1.0,0.2,1,1
17692,36,12,2960.44,2290,89,10,246.70333333333335,37.54545454545455,2.0,0.14285714285714285,1,1
17693,46,1,200.47,231,16,1,200.47,46.0,2.0,0.6666666666666666,1,1
17694,51,3,1695.97,1493,54,3,565.3233333333334,210.5,0.0,0.0,1,1
17695,41,5,1746.04,1809,46,5,349.20799999999997,137.25,1.0,0.16666666666666666,1,1
17696,17,26,7309.47,5458,186,15,281.1334615384616,24.8,20.0,0.43478260869565216,1,0
17697,145,1,338.95,93,19,1,338.95,145.0,0.0,0.0,1,1
17698,170,1,154.95,93,8,1,154.95,170.0,0.0,0.0,1,1
17699,386,2,442.0,208,17,2,221.0,84.0,0.0,0.0,1,1
17700,4,13,5827.16,3028,227,12,448.2430769230769,53.583333333333336,3.0,0.1875,1,0
17701,162,1,417.95,109,24,1,417.95,162.0,0.0,0.0,1,1
17702,18,5,2658.44,1851,109,4,531.688,72.75,2.0,0.2857142857142857,1,0
17703,18,3,787.06,683,51,3,262.3533333333333,154.0,0.0,0.0,1,0
17704,78,2,885.19,343,27,2,442.595,71.0,0.0,0.0,1,1
17705,16,8,1228.3799999999999,889,53,7,153.54749999999999,67.14285714285714,1.0,0.1111111111111111,1,0
17706,9,26,17795.16,6974,389,12,684.4292307692308,23.56,11.0,0.2972972972972973,1,0
17707,94,8,609.3,546,9,8,76.1625,78.14285714285714,1.0,0.1111111111111111,1,1
17708,97,4,884.1800000000001,387,57,4,221.04500000000002,78.33333333333333,0.0,0.0,1,1
17709,79,5,671.01,295,37,3,134.202,108.25,0.0,0.0,1,1
17710,333,1,293.5,158,20,1,293.5,333.0,0.0,0.0,1,1
17711,199,1,220.53000000000003,107,13,1,220.53000000000003,199.0,0.0,0.0,1,0
17713,291,4,1198.09,989,55,4,299.5225,55.333333333333336,0.0,0.0,1,1
17714,230,5,1410.18,608,69,4,282.036,48.0,4.0,0.4444444444444444,1,1
17715,110,2,489.59999999999997,576,1,2,244.79999999999998,392.0,0.0,0.0,1,1
17716,4,20,14437.64,8070,302,14,721.882,33.78947368421053,2.0,0.09090909090909091,1,0
17717,330,1,376.92,344,26,1,376.92,330.0,0.0,0.0,1,1
17718,141,2,439.18,274,22,2,219.59,412.0,1.0,0.3333333333333333,1,1
17719,15,12,4477.4,2118,100,6,373.1166666666666,13.545454545454545,3.0,0.2,1,0
17720,22,9,2358.57,1431,76,9,262.06333333333333,58.125,2.0,0.18181818181818182,1,0
17721,568,1,307.21000000000004,107,11,1,307.21000000000004,568.0,0.0,0.0,1,1
17722,5,5,3520.2200000000003,2412,163,5,704.0440000000001,69.75,2.0,0.2857142857142857,1,1
17723,36,7,3378.4000000000005,912,6,5,482.6285714285715,41.333333333333336,0.0,0.0,1,1
17724,47,1,373.1,78,11,1,373.1,47.0,0.0,0.0,1,0
17725,10,8,2507.12,1610,94,6,313.39,23.714285714285715,3.0,0.2727272727272727,1,0
17726,304,7,1092.06,444,52,6,156.00857142857143,47.666666666666664,1.0,0.125,1,1
17728,313,2,1362.75,677,79,2,681.375,49.0,1.0,0.3333333333333333,1,0
17729,505,1,438.65000000000003,247,23,1,438.65000000000003,505.0,0.0,0.0,1,1
17730,15,15,5531.09,3876,139,12,368.7393333333333,34.5,2.0,0.11764705882352941,1,0
17731,37,5,1432.62,564,66,4,286.524,135.0,1.0,0.16666666666666666,1,0
17732,282,8,2166.42,1058,90,5,270.8025,16.428571428571427,2.0,0.2,1,1
17733,171,1,216.95000000000002,87,12,1,216.95000000000002,171.0,0.0,0.0,1,0
17734,46,5,1281.9,662,67,5,256.38,126.25,0.0,0.0,1,0
17735,3,23,14771.550000000001,9061,348,14,642.2413043478261,18.318181818181817,3.0,0.11538461538461539,1,0
17736,22,1,307.49,213,23,1,307.49,22.0,0.0,0.0,1,0
17738,58,12,3876.0,2458,161,8,323.0,43.72727272727273,2.0,0.14285714285714285,1,0
17739,106,14,6010.01,1885,47,12,429.2864285714286,41.15384615384615,2.0,0.125,1,0
17740,298,6,426.90000000000003,222,5,5,71.15,61.6,0.0,0.0,1,1
17741,316,2,101.1,114,6,2,50.55,153.0,0.0,0.0,1,1
17742,22,11,2098.48,653,52,11,190.7709090909091,62.5,0.0,0.0,1,1
17743,357,1,229.2,96,3,1,229.2,357.0,1.0,0.5,1,1
17744,160,5,1615.7,2100,63,4,323.14,32.5,1.0,0.16666666666666666,1,0
17745,387,2,600.34,164,27,2,300.17,78.0,0.0,0.0,1,1
17746,149,4,904.1800000000001,688,32,3,226.04500000000002,123.33333333333333,3.0,0.42857142857142855,1,1
17747,22,1,71.4,12,1,1,71.4,22.0,1.0,0.5,1,1
17748,436,1,358.15,111,17,1,358.15,436.0,0.0,0.0,1,1
17749,87,3,1026.18,446,52,3,342.06,184.0,0.0,0.0,1,1
17750,8,5,1188.21,2565,92,4,237.642,16.25,0.0,0.0,1,0
17751,330,1,157.85999999999999,147,31,1,157.85999999999999,330.0,0.0,0.0,1,1
17752,268,1,80.64,192,1,1,80.64,268.0,0.0,0.0,1,1
17753,373,4,382.06,124,63,3,95.515,79.33333333333333,1.0,0.2,1,1
17754,51,10,3361.63,3394,145,8,336.163,65.11111111111111,3.0,0.23076923076923078,1,0
17756,285,3,728.75,399,54,1,242.91666666666666,9.0,0.0,0.0,1,1
17757,23,46,6785.26,3493,305,20,147.50565217391303,12.88888888888889,4.0,0.08,1,0
17758,61,8,2989.08,2051,274,5,373.635,59.42857142857143,0.0,0.0,1,0
17759,78,4,607.82,344,55,3,151.955,138.0,0.0,0.0,1,0
17760,282,5,631.34,457,44,4,126.268,69.0,1.0,0.16666666666666666,1,0
17762,365,1,129.75,129,16,1,129.75,365.0,0.0,0.0,1,1
17763,172,4,86.15,41,11,2,21.5375,131.66666666666666,1.0,0.2,1,1
17764,120,4,971.69,436,76,4,242.9225,175.0,0.0,0.0,1,0
17765,68,4,524.0,195,71,4,131.0,96.33333333333333,0.0,0.0,1,1
17766,290,2,299.61,155,21,1,149.805,0.0,0.0,0.0,1,1
17767,319,1,141.85,70,18,1,141.85,319.0,0.0,0.0,1,0
17768,75,5,1596.66,1340,88,4,319.332,142.75,1.0,0.16666666666666666,1,0
17769,48,11,4913.83,2376,264,11,446.71181818181816,55.0,2.0,0.15384615384615385,1,0
17770,108,5,1143.27,365,33,2,228.654,20.75,0.0,0.0,1,1
17771,232,3,257.4,196,36,3,85.8,133.0,0.0,0.0,1,0
17772,302,1,187.3,58,45,1,187.3,302.0,0.0,0.0,1,0
17773,423,2,575.37,254,48,2,287.685,175.0,0.0,0.0,1,1
17774,6,9,3272.83,1583,285,9,363.6477777777778,71.5,4.0,0.3076923076923077,1,1
17775,164,1,56.4,72,3,1,56.4,164.0,0.0,0.0,1,1
17776,296,2,329.3,270,73,2,164.65,336.0,1.0,0.3333333333333333,1,1
17777,9,1,189.8,161,63,1,189.8,9.0,0.0,0.0,1,0
17778,571,1,197.70000000000002,214,10,1,197.70000000000002,571.0,0.0,0.0,1,1
17779,53,1,323.09,248,34,1,323.09,53.0,0.0,0.0,1,0
17780,576,3,346.56,156,76,2,115.52,8.5,0.0,0.0,1,1
17781,68,2,188.02,34,12,2,94.01,93.0,0.0,0.0,1,1
17782,292,2,679.02,538,29,1,339.51,0.0,0.0,0.0,1,1
17783,157,2,205.9,137,54,2,102.95,264.0,0.0,0.0,1,0
17784,459,1,112.86,72,19,1,112.86,459.0,0.0,0.0,1,1
17785,354,2,271.44,160,38,2,135.72,120.0,0.0,0.0,1,0
17786,226,1,103.35,52,24,1,103.35,226.0,0.0,0.0,1,0
17787,62,4,1817.54,896,94,4,454.385,72.66666666666667,0.0,0.0,1,1
17788,39,1,11.75,2,2,1,11.75,39.0,0.0,0.0,1,0
17789,190,2,397.15,199,27,2,198.575,379.0,0.0,0.0,1,1
17790,29,18,2178.62,1147,148,10,121.03444444444443,24.941176470588236,0.0,0.0,1,0
17792,376,2,368.35,149,45,1,184.175,11.0,0.0,0.0,1,1
17794,596,2,147.3,46,7,1,73.65,1.0,0.0,0.0,1,1
17795,89,2,342.83,305,43,2,171.415,85.0,0.0,0.0,1,1
17796,223,6,1160.49,329,147,4,193.415,21.4,0.0,0.0,1,0
17797,92,6,1463.85,837,172,6,243.975,108.2,0.0,0.0,1,0
17798,491,1,172.17,136,42,1,172.17,491.0,0.0,0.0,1,1
17799,8,19,5722.75,3265,449,14,301.19736842105266,34.77777777777778,3.0,0.13636363636363635,1,0
17800,0,7,903.8,559,40,6,129.1142857142857,40.333333333333336,0.0,0.0,1,0
17801,360,3,770.03,820,66,3,256.6766666666667,120.0,1.0,0.25,1,1
17802,89,9,4293.6,2360,268,7,477.0666666666667,68.25,6.0,0.4,1,0
17803,301,1,184.66,98,27,1,184.66,301.0,0.0,0.0,1,1
17804,285,3,383.78000000000003,194,82,3,127.92666666666668,181.0,1.0,0.25,1,1
17805,519,1,414.72,648,1,1,414.72,519.0,0.0,0.0,1,0
17807,304,3,437.87,262,88,3,145.95666666666668,154.5,0.0,0.0,1,1
17808,458,4,262.64,143,29,2,65.66,10.666666666666666,0.0,0.0,1,1
17809,38,16,7530.6900000000005,1681,46,12,470.66812500000003,40.53333333333333,3.0,0.15789473684210525,1,0
17810,578,2,343.21,117,50,2,171.605,15.0,1.0,0.3333333333333333,1,1
17811,1,32,6585.59,3442,447,11,205.7996875,11.387096774193548,8.0,0.2,1,0
17812,277,4,405.48,242,79,4,101.37,54.0,0.0,0.0,1,0
17814,284,2,1609.37,1435,112,2,804.685,47.0,0.0,0.0,1,1
17815,302,1,591.96,612,13,1,591.96,302.0,0.0,0.0,1,1
17816,178,4,80.86,72,36,4,20.215,151.33333333333334,0.0,0.0,1,0
17817,186,5,670.17,312,97,3,134.034,36.25,1.0,0.16666666666666666,1,0
17818,647,1,124.78,86,42,1,124.78,647.0,0.0,0.0,1,1
17819,92,11,5784.65,1570,66,9,525.8772727272727,54.3,1.0,0.08333333333333333,1,0
17820,283,1,180.60999999999999,111,39,1,180.60999999999999,283.0,2.0,0.6666666666666666,1,1
17821,315,1,334.62,162,6,1,334.62,315.0,0.0,0.0,1,1
17822,329,5,2154.08,1372,151,2,430.816,35.0,0.0,0.0,1,1
17823,330,2,449.25,252,88,1,224.625,0.0,0.0,0.0,1,1
17825,508,4,701.96,516,24,2,175.49,42.0,0.0,0.0,1,1
17826,283,1,133.34,84,33,1,133.34,283.0,0.0,0.0,1,1
17827,151,5,1969.31,1299,191,3,393.86199999999997,94.75,1.0,0.16666666666666666,1,0
17828,19,3,876.66,476,50,2,292.21999999999997,37.5,2.0,0.4,0,0
17829,208,5,4756.74,3009,121,4,951.348,89.0,1.0,0.16666666666666666,0,1
17830,171,2,287.65000000000003,65,15,2,143.82500000000002,27.0,0.0,0.0,1,0
17833,632,1,338.46000000000004,143,28,1,338.46000000000004,632.0,0.0,0.0,1,1
17834,324,2,689.6700000000001,639,54,2,344.83500000000004,30.0,0.0,0.0,1,1
17837,57,3,370.61,100,22,2,123.53666666666668,7.5,1.0,0.25,1,0
17838,201,11,4538.84,2682,111,7,412.6218181818182,33.8,1.0,0.08333333333333333,1,0
17840,353,1,175.9,128,44,1,175.9,353.0,0.0,0.0,1,1
17841,1,168,51333.95,26424,1937,22,305.5592261904762,3.8622754491017965,64.0,0.27586206896551724,1,0
17842,511,1,430.69,89,18,1,430.69,511.0,0.0,0.0,1,1
17843,212,2,312.65,226,57,2,156.325,108.0,0.0,0.0,1,1
17844,16,1,51.559999999999995,52,5,1,51.559999999999995,16.0,0.0,0.0,0,1
17845,464,4,596.09,195,42,2,149.0225,7.0,0.0,0.0,1,1
17847,425,2,125.74000000000001,28,8,2,62.870000000000005,129.0,0.0,0.0,1,1
17848,37,29,3458.86,1364,104,18,119.27103448275862,21.607142857142858,1.0,0.03333333333333333,1,0
17849,127,8,1063.76,224,24,7,132.97,59.42857142857143,0.0,0.0,1,1
17850,281,155,51208.87,21052,100,8,330.3798064516129,2.3506493506493507,4.0,0.025157232704402517,1,1
17851,331,6,1552.35,933,185,4,258.72499999999997,62.6,0.0,0.0,1,1
17852,298,3,543.47,319,62,2,181.15666666666667,171.0,0.0,0.0,1,0
17853,316,3,1596.29,625,84,3,532.0966666666667,164.5,0.0,0.0,1,1
17854,94,6,1068.5,607,113,5,178.08333333333334,109.2,0.0,0.0,1,1
17855,282,1,208.97,197,17,1,208.97,282.0,0.0,0.0,1,1
17856,142,3,1142.63,577,6,2,380.8766666666667,24.0,2.0,0.4,1,0
17857,8,15,14722.52,8362,15,9,981.5013333333334,38.714285714285715,1.0,0.0625,1,0
17858,25,27,11019.24,5075,138,15,408.12,23.692307692307693,2.0,0.06896551724137931,1,0
17859,214,1,141.92,102,23,1,141.92,214.0,0.0,0.0,1,1
17860,278,4,717.39,696,127,3,179.3475,119.66666666666667,0.0,0.0,1,1
17861,45,15,4289.9,3608,276,10,285.9933333333333,42.357142857142854,4.0,0.21052631578947367,1,0
17862,233,4,1254.89,440,90,3,313.7225,79.66666666666667,0.0,0.0,1,1
17863,54,10,3985.76,3655,109,10,398.576,56.333333333333336,0.0,0.0,1,0
17864,185,3,522.57,656,57,3,174.19000000000003,75.5,0.0,0.0,1,0
17865,17,38,22801.11,10725,353,19,600.0292105263158,17.054054054054053,15.0,0.2830188679245283,1,0
17866,52,3,1134.95,535,20,3,378.31666666666666,291.0,1.0,0.25,1,1
17867,53,12,1360.33,502,64,9,113.36083333333333,53.90909090909091,4.0,0.25,1,0
17868,295,1,227.15,85,18,1,227.15,295.0,0.0,0.0,1,1
17869,16,7,813.64,491,72,6,116.23428571428572,73.33333333333333,0.0,0.0,1,1
17870,1,8,1632.77,863,84,5,204.09625,41.285714285714285,0.0,0.0,1,0
17871,114,5,1068.95,665,64,5,213.79000000000002,122.0,0.0,0.0,1,1
17872,291,1,235.87,176,15,1,235.87,291.0,0.0,0.0,1,1
17873,93,17,5863.91,4038,63,13,344.9358823529412,33.625,2.0,0.10526315789473684,1,0
17874,94,6,683.46,221,37,3,113.91000000000001,14.0,1.0,0.14285714285714285,1,1
17875,597,1,167.1,98,25,1,167.1,597.0,0.0,0.0,1,1
17876,309,3,3424.02,1958,3,3,1141.34,137.5,0.0,0.0,1,1
17877,79,1,237.61,98,12,1,237.61,79.0,0.0,0.0,1,1
17878,304,2,999.48,613,56,1,499.74,0.0,0.0,0.0,1,0
17879,83,1,178.52,45,6,1,178.52,83.0,0.0,0.0,1,1
17880,274,3,824.9200000000001,466,43,3,274.97333333333336,182.5,0.0,0.0,1,1
17881,213,1,133.35,32,8,1,133.35,213.0,0.0,0.0,1,1
17882,288,2,291.56,130,47,1,145.78,0.0,0.0,0.0,1,1
17883,155,4,443.43,150,46,3,110.8575,135.0,1.0,0.2,1,0
17884,221,19,2588.94,2473,286,10,136.26,23.5,3.0,0.13636363636363635,1,0
17886,120,5,1080.98,460,91,5,216.196,94.5,1.0,0.16666666666666666,1,0
17887,38,1,111.35,30,10,1,111.35,38.0,0.0,0.0,1,1
17888,70,21,1388.44,1101,117,14,66.11619047619048,27.8,5.0,0.19230769230769232,1,0
17889,121,7,746.42,403,97,4,106.63142857142857,67.66666666666667,0.0,0.0,1,1
17890,232,2,586.89,402,88,2,293.445,38.0,0.0,0.0,1,1
17891,71,1,203.85999999999999,393,34,1,203.85999999999999,71.0,0.0,0.0,1,1
17892,64,1,142.1,69,26,1,142.1,64.0,0.0,0.0,1,0
17893,134,1,107.21,149,15,1,107.21,134.0,0.0,0.0,1,1
17894,5,17,2181.1,886,197,7,128.29999999999998,23.3125,2.0,0.10526315789473684,1,0
17897,82,9,2053.04,856,210,6,228.11555555555555,50.375,1.0,0.1,1,1
17898,116,3,246.96,185,41,3,82.32000000000001,179.5,0.0,0.0,1,0
17899,68,1,154.55,170,29,1,154.55,68.0,0.0,0.0,1,1
17900,99,2,112.19999999999999,73,4,1,56.099999999999994,0.0,2.0,0.5,1,1
17901,431,2,149.7,14,3,1,74.85,0.0,0.0,0.0,1,0
17902,456,1,216.4,526,24,1,216.4,456.0,0.0,0.0,1,1
17903,303,1,381.09000000000003,142,44,1,381.09000000000003,303.0,0.0,0.0,1,1
17905,66,12,1987.1200000000001,1149,127,8,165.59333333333333,47.54545454545455,1.0,0.07692307692307693,1,0
17906,156,1,72.9,26,12,1,72.9,156.0,0.0,0.0,1,1
17907,550,1,291.76,1046,13,1,291.76,550.0,0.0,0.0,1,1
17908,283,5,1142.47,670,178,5,228.494,87.75,2.0,0.2857142857142857,1,1
17909,646,1,110.05,35,8,1,110.05,646.0,0.0,0.0,1,1
17910,635,1,261.7,121,25,1,261.7,635.0,0.0,0.0,1,1
17912,219,6,371.6,210,47,3,61.93333333333334,13.0,1.0,0.14285714285714285,1,1
17913,265,13,3234.4900000000002,1527,212,11,248.80692307692308,31.666666666666668,0.0,0.0,1,0
17915,460,1,225.78,184,27,1,225.78,460.0,0.0,0.0,1,1
17916,538,2,43.87,90,15,2,21.935,104.0,0.0,0.0,1,1
17917,165,2,226.71,130,57,2,113.355,106.0,0.0,0.0,1,0
17918,410,3,388.44,351,33,1,129.48,2.0,0.0,0.0,1,1
17919,348,1,536.28,696,17,1,536.28,348.0,0.0,0.0,1,0
17920,14,46,21779.18,11321,572,16,473.46043478260873,13.955555555555556,2.0,0.041666666666666664,1,0
17921,57,9,2169.6,854,204,7,241.06666666666666,45.375,2.0,0.18181818181818182,1,0
17922,452,1,170.4,49,8,1,170.4,452.0,0.0,0.0,1,1
17923,191,3,497.0,140,2,2,165.66666666666666,131.0,0.0,0.0,1,1
17924,211,3,797.4,156,3,3,265.8,56.0,3.0,0.5,1,0
17925,282,1,244.08,72,1,1,244.08,282.0,0.0,0.0,1,1
17926,42,5,1035.49,572,27,4,207.098,111.5,0.0,0.0,1,1
17927,631,1,294.0,108,10,1,294.0,631.0,0.0,0.0,1,1
17928,155,2,206.96,128,21,2,103.48,325.0,0.0,0.0,1,0
17929,22,11,2946.1,418,6,9,267.8272727272727,61.7,0.0,0.0,1,0
17930,71,10,3228.88,2722,35,8,322.88800000000003,53.666666666666664,2.0,0.16666666666666666,1,0
17931,43,14,3402.2400000000002,1919,274,10,243.0171428571429,40.53846153846154,4.0,0.2222222222222222,1,1
17932,83,2,934.51,593,63,2,467.255,37.0,0.0,0.0,1,0
17933,541,1,105.99,57,11,1,105.99,541.0,0.0,0.0,1,1
17934,316,1,344.90000000000003,150,20,1,344.90000000000003,316.0,0.0,0.0,1,0
17935,47,7,683.24,243,59,5,97.60571428571428,99.33333333333333,1.0,0.125,1,1
17937,24,5,3614.52,1416,19,4,722.904,61.75,0.0,0.0,1,0
17938,329,1,144.29,53,29,1,144.29,329.0,0.0,0.0,1,1
17939,69,1,99.14,40,12,1,99.14,69.0,0.0,0.0,1,1
17940,17,13,28197.58,84546,9,10,2169.0446153846156,52.333333333333336,6.0,0.3157894736842105,1,0
17941,40,4,1433.28,1108,5,4,358.32,190.33333333333334,0.0,0.0,1,1
17944,332,1,74.99,84,24,1,74.99,332.0,0.0,0.0,1,1
17945,606,3,359.5,243,65,1,119.83333333333333,0.0,0.0,0.0,1,1
17946,142,2,149.57999999999998,75,18,2,74.78999999999999,26.0,0.0,0.0,1,1
17948,56,1,358.56000000000006,144,1,1,358.56000000000006,56.0,0.0,0.0,1,1
17949,2,104,97532.2,50672,53,22,937.8096153846153,6.252427184466019,18.0,0.14754098360655737,1,0
17950,274,6,947.26,479,110,5,157.87666666666667,67.6,1.0,0.14285714285714285,1,0
17951,267,3,741.5400000000001,384,15,2,247.18000000000004,22.5,1.0,0.25,1,0
17952,287,4,788.46,477,85,2,197.115,54.333333333333336,0.0,0.0,1,1
17953,449,1,148.67000000000002,73,19,1,148.67000000000002,449.0,0.0,0.0,1,1
17954,32,17,3372.91,2787,430,12,198.4064705882353,37.9375,7.0,0.2916666666666667,1,0
17955,108,6,949.9,681,16,2,158.31666666666666,93.2,0.0,0.0,1,1
17956,158,1,12.75,1,1,1,12.75,158.0,0.0,0.0,1,1
17958,26,2,973.88,284,35,2,486.94,611.0,0.0,0.0,1,1
17959,501,1,140.75,49,2,1,140.75,501.0,0.0,0.0,1,1
17960,80,3,135.08,60,37,3,45.02666666666667,235.0,0.0,0.0,1,1
17961,33,92,2749.92,1400,473,21,29.890434782608697,6.747252747252747,2.0,0.02127659574468085,1,0
17962,51,4,665.91,632,145,3,166.4775,184.0,1.0,0.2,1,1
17963,380,4,643.16,341,98,4,160.79,72.33333333333333,0.0,0.0,1,1
17964,281,1,261.76,195,35,1,261.76,281.0,0.0,0.0,1,0
17965,1,27,6655.12,4214,552,17,246.48592592592593,24.346153846153847,4.0,0.12903225806451613,1,0
17966,60,9,1459.92,2518,81,6,162.21333333333334,67.375,0.0,0.0,1,0
17967,281,2,223.42,111,59,2,111.71,44.0,0.0,0.0,1,1
17968,283,4,590.44,352,106,3,147.61,46.0,0.0,0.0,1,1
17969,75,20,2354.29,1014,113,10,117.7145,29.789473684210527,7.0,0.25925925925925924,1,1
17970,120,1,562.79,513,27,1,562.79,120.0,0.0,0.0,1,1
17971,457,1,161.94,62,21,1,161.94,457.0,0.0,0.0,1,1
17972,151,1,135.19,36,30,1,135.19,151.0,0.0,0.0,1,1
17974,129,4,1199.17,774,177,3,299.7925,62.333333333333336,0.0,0.0,1,0
17975,24,22,6160.22,1976,223,12,280.01,17.857142857142858,2.0,0.08333333333333333,1,0
17976,281,1,321.79,93,56,1,321.79,281.0,0.0,0.0,1,1
17977,309,1,1223.31,1606,83,1,1223.31,309.0,1.0,0.5,1,0
17978,274,4,1159.99,1297,62,4,289.9975,122.0,0.0,0.0,1,1
17979,78,3,494.54,272,84,2,164.84666666666666,45.0,1.0,0.25,1,0
17980,75,4,1012.72,771,41,4,253.18,75.66666666666667,0.0,0.0,1,1
17981,320,1,239.12,260,17,1,239.12,320.0,0.0,0.0,1,1
17982,590,1,138.18,117,13,1,138.18,590.0,0.0,0.0,1,1
17983,304,1,171.71,108,23,1,171.71,304.0,0.0,0.0,1,1
17984,54,5,1148.69,938,208,4,229.738,148.25,0.0,0.0,1,1
17987,94,5,965.4399999999999,981,139,3,193.088,91.25,1.0,0.16666666666666666,1,1
17988,26,11,430.57,163,102,6,39.14272727272727,61.5,1.0,0.08333333333333333,1,0
17989,288,1,207.33,300,26,1,207.33,288.0,0.0,0.0,1,1
17990,146,6,1527.6100000000001,777,40,5,254.6016666666667,99.0,1.0,0.14285714285714285,1,1
17991,134,3,298.65,92,36,2,99.55,183.0,0.0,0.0,1,1
17992,298,1,252.88,130,49,1,252.88,298.0,0.0,0.0,1,1
17993,526,1,225.99,108,60,1,225.99,526.0,0.0,0.0,1,1
17994,31,11,2264.0299999999997,2178,226,10,205.82090909090905,49.9,3.0,0.21428571428571427,1,1
17995,191,3,495.48,263,28,2,165.16,52.5,0.0,0.0,1,1
17996,289,3,469.73,527,62,2,156.57666666666668,83.0,0.0,0.0,1,1
17997,1,6,1711.75,2035,118,3,285.2916666666667,14.2,1.0,0.14285714285714285,1,0
17998,289,3,639.24,561,57,2,213.08,179.0,1.0,0.25,1,1
17999,275,2,338.41,161,77,2,169.205,12.0,0.0,0.0,1,0
18000,473,1,124.25,109,6,1,124.25,473.0,0.0,0.0,1,1
18001,359,4,509.01,512,69,3,127.2525,95.66666666666667,0.0,0.0,1,0
18002,285,4,237.62,70,51,4,59.405,118.33333333333333,0.0,0.0,1,1
18003,285,1,353.51,297,23,1,353.51,285.0,0.0,0.0,1,1
18004,271,1,157.92,75,32,1,157.92,271.0,0.0,0.0,1,1
18006,291,3,524.83,175,36,3,174.94333333333336,170.0,0.0,0.0,1,0
18007,302,1,215.22,246,46,1,215.22,302.0,0.0,0.0,1,1
18008,112,21,19708.3,7761,75,12,938.4904761904761,24.95,0.0,0.0,1,0
18009,144,8,2144.23,651,145,6,268.02875,59.57142857142857,6.0,0.42857142857142855,1,1
18010,166,1,174.8,60,14,1,174.8,166.0,0.0,0.0,1,1
18011,282,2,410.79,125,63,2,205.395,194.0,0.0,0.0,1,1
18012,632,1,115.3,63,13,1,115.3,632.0,0.0,0.0,1,1
18013,64,2,187.29,285,31,1,93.645,0.0,0.0,0.0,1,1
18016,95,5,959.76,385,79,5,191.952,123.5,0.0,0.0,1,0
18017,78,3,509.0,300,1,3,169.66666666666666,131.0,0.0,0.0,1,0
18018,17,4,297.99,186,43,4,74.4975,104.0,1.0,0.2,1,1
18020,453,1,190.48000000000002,67,12,1,190.48000000000002,453.0,1.0,0.5,1,1
18021,419,2,216.41,168,32,1,108.205,2.0,0.0,0.0,1,1
18022,294,4,893.9,605,202,3,223.475,53.333333333333336,0.0,0.0,1,0
18024,62,2,389.78,184,21,1,194.89,0.0,1.0,0.3333333333333333,1,1
18025,289,6,1177.72,1053,83,4,196.28666666666666,47.8,0.0,0.0,1,1
18026,410,2,2074.07,530,12,1,1037.035,4.0,0.0,0.0,1,1
18027,8,1,115.31,78,21,1,115.31,8.0,0.0,0.0,1,1
18028,492,1,192.05,133,4,1,192.05,492.0,0.0,0.0,1,1
18029,551,1,433.77,253,18,1,433.77,551.0,0.0,0.0,1,1
18031,288,1,451.3,298,49,1,451.3,288.0,0.0,0.0,1,1
18032,243,1,73.5,42,5,1,73.5,243.0,0.0,0.0,1,1
18034,285,1,334.67,391,96,1,334.67,285.0,0.0,0.0,1,0
18035,294,2,546.34,550,8,1,273.17,0.0,0.0,0.0,1,0
18036,14,10,1396.06,662,208,8,139.606,68.44444444444444,0.0,0.0,1,0
18037,63,15,167.42,37,31,10,11.161333333333333,41.642857142857146,0.0,0.0,1,1
18038,465,1,141.48,80,25,1,141.48,465.0,0.0,0.0,1,1
18039,283,4,548.22,555,137,4,137.055,88.66666666666667,0.0,0.0,1,1
18040,155,1,239.00000000000003,96,12,1,239.00000000000003,155.0,0.0,0.0,1,0
18041,13,33,6919.51,6274,415,18,209.68212121212122,18.46875,2.0,0.05714285714285714,1,0
18042,451,1,116.10000000000001,36,9,1,116.10000000000001,451.0,0.0,0.0,1,0
18043,116,2,421.59,229,87,2,210.795,160.0,0.0,0.0,1,0
18044,75,15,2522.54,1216,111,10,168.16933333333333,28.071428571428573,0.0,0.0,1,0
18046,559,1,189.63,44,26,1,189.63,559.0,0.0,0.0,1,1
18047,290,2,326.09,130,74,1,163.045,0.0,0.0,0.0,1,1
18048,112,3,394.93,256,56,2,131.64333333333335,145.0,0.0,0.0,1,1
18049,346,2,500.5,400,81,2,250.25,153.0,0.0,0.0,1,1
18050,268,2,412.06,250,22,2,206.03,33.0,0.0,0.0,1,1
18051,543,7,2282.28,1661,41,4,326.04,16.0,1.0,0.125,1,1
18052,474,1,10877.18,17766,16,1,10877.18,474.0,0.0,0.0,1,1
18053,435,2,271.05,107,12,2,135.525,1.0,2.0,0.5,1,0
18054,302,1,176.5,96,11,1,176.5,302.0,0.0,0.0,1,1
18055,37,11,7054.16,2308,229,6,641.2872727272727,28.4,1.0,0.08333333333333333,1,0
18056,197,2,554.6,334,28,2,277.3,330.0,1.0,0.3333333333333333,1,1
18057,302,3,1168.14,930,120,3,389.38000000000005,148.5,0.0,0.0,1,1
18058,450,2,603.9,306,11,2,301.95,126.0,0.0,0.0,1,0
18060,317,2,1185.46,902,74,2,592.73,156.0,0.0,0.0,1,1
18061,17,26,5757.91,3305,30,18,221.45807692307693,25.08,1.0,0.037037037037037035,1,0
18062,82,6,1632.67,831,46,6,272.1116666666667,84.8,3.0,0.3333333333333333,1,1
18063,300,2,186.60000000000002,48,2,2,93.30000000000001,242.0,0.0,0.0,1,1
18064,42,11,4481.83,2685,53,8,407.4390909090909,54.3,4.0,0.26666666666666666,1,1
18065,93,22,4865.95,1828,162,12,221.17954545454543,26.0,3.0,0.12,1,0
18066,296,2,1122.4,427,35,2,561.2,28.0,0.0,0.0,1,0
18068,198,1,101.7,6,1,1,101.7,198.0,0.0,0.0,1,1
18069,89,9,3418.1,2496,498,8,379.7888888888889,58.5,1.0,0.1,1,0
18070,578,1,314.1,86,9,1,314.1,578.0,1.0,0.5,1,1
18071,167,6,1169.68,678,52,4,194.9466666666667,95.4,0.0,0.0,1,1
18072,95,1,247.44,288,18,1,247.44,95.0,1.0,0.5,1,1
18073,23,12,3859.82,3102,23,4,321.6516666666667,7.454545454545454,1.0,0.07692307692307693,1,1
18074,283,2,1019.44,361,37,2,509.72,131.0,0.0,0.0,1,1
18075,15,18,5129.29,2832,163,11,284.9605555555556,23.058823529411764,11.0,0.3793103448275862,1,0
18076,289,1,151.49,164,8,1,151.49,289.0,0.0,0.0,1,1
18077,13,14,3116.7200000000003,2453,122,10,222.62285714285716,48.38461538461539,0.0,0.0,1,0
18078,126,4,725.53,370,65,4,181.3825,136.66666666666666,0.0,0.0,1,1
18079,36,3,2796.96,6458,67,3,932.32,182.0,0.0,0.0,1,0
18080,152,1,841.4999999999999,330,1,1,841.4999999999999,152.0,0.0,0.0,1,0
18081,22,2,208.05,55,7,2,104.025,21.0,0.0,0.0,1,0
18083,307,1,463.53,268,36,1,463.53,307.0,0.0,0.0,1,1
18084,292,2,704.75,443,6,1,352.375,5.0,2.0,0.5,1,0
18085,239,4,1341.8500000000001,507,42,4,335.46250000000003,99.33333333333333,0.0,0.0,1,1
18086,183,1,101.34,106,7,1,101.34,183.0,0.0,0.0,1,1
18087,200,16,13908.720000000001,7774,43,9,869.2950000000001,29.866666666666667,4.0,0.2,1,1
18089,356,1,428.45,95,9,1,428.45,356.0,0.0,0.0,1,1
18090,331,1,321.9,307,47,1,321.9,331.0,0.0,0.0,1,1
18091,502,1,360.85,539,25,1,360.85,502.0,0.0,0.0,1,1
18092,29,15,11476.94,7326,35,10,765.1293333333334,44.0,1.0,0.0625,1,0
18093,2,8,4452.71,3429,43,7,556.58875,75.0,1.0,0.1111111111111111,1,1
18094,45,11,5776.52,3840,51,7,525.1381818181818,56.5,2.0,0.15384615384615385,1,0
18095,222,5,2303.09,1623,37,4,460.61800000000005,71.5,0.0,0.0,1,1
18096,351,3,789.1,592,153,2,263.03333333333336,35.0,0.0,0.0,1,0
18097,36,10,3951.7200000000003,2460,77,9,395.172,66.11111111111111,3.0,0.23076923076923078,1,0
18098,305,1,527.94,215,85,1,527.94,305.0,0.0,0.0,1,1
18099,36,1,168.31,149,19,1,168.31,36.0,0.0,0.0,1,1
18100,459,1,451.56,440,30,1,451.56,459.0,0.0,0.0,1,1
18101,52,4,509.84000000000003,185,72,3,127.46000000000001,176.66666666666666,0.0,0.0,1,0
18102,8,112,456780.49,148994,311,20,4078.397232142857,5.7657657657657655,8.0,0.06666666666666667,1,0
18103,458,1,105.8,23,10,1,105.8,458.0,0.0,0.0,1,1
18106,239,6,1441.06,506,126,4,240.17666666666665,72.8,0.0,0.0,1,1
18107,351,1,165.88,65,38,1,165.88,351.0,0.0,0.0,1,1
18108,163,3,848.8100000000001,261,43,3,282.93666666666667,241.5,1.0,0.25,1,1
18109,0,30,6377.66,3997,202,15,212.58866666666665,15.0,7.0,0.1891891891891892,1,0
18110,320,1,193.48000000000002,97,29,1,193.48000000000002,320.0,0.0,0.0,1,0
18111,498,1,405.85,232,27,1,405.85,498.0,1.0,0.5,1,1
18112,75,3,617.31,298,46,3,205.76999999999998,192.5,0.0,0.0,1,0
18113,278,1,76.32000000000001,72,1,1,76.32000000000001,278.0,0.0,0.0,1,1
18114,199,1,220.1,55,28,1,220.1,199.0,0.0,0.0,1,1
18115,607,1,9.700000000000001,3,3,1,9.700000000000001,607.0,0.0,0.0,1,1
18116,143,12,1967.33,1079,303,5,163.94416666666666,16.09090909090909,0.0,0.0,1,0
18118,1,22,4816.48,2463,387,10,218.93090909090907,13.761904761904763,6.0,0.21428571428571427,1,0
18119,277,1,180.7,124,29,1,180.7,277.0,0.0,0.0,1,1
18120,123,1,111.15,31,17,1,111.15,123.0,0.0,0.0,1,1
18121,58,2,653.3000000000001,438,28,1,326.65000000000003,5.0,0.0,0.0,1,1
18122,60,1,119.19,69,23,1,119.19,60.0,0.0,0.0,1,0
18123,423,1,92.2,34,22,1,92.2,423.0,0.0,0.0,1,0
18124,381,1,102.65,47,20,1,102.65,381.0,0.0,0.0,1,1
18125,111,3,933.9,691,146,3,311.3,57.0,1.0,0.25,1,0
18127,43,2,348.65000000000003,91,25,2,174.32500000000002,269.0,0.0,0.0,1,0
18128,446,1,399.29,216,42,1,399.29,446.0,0.0,0.0,1,1
18129,152,1,112.55000000000001,48,13,1,112.55000000000001,152.0,0.0,0.0,1,1
18131,541,1,222.95999999999998,552,4,1,222.95999999999998,541.0,0.0,0.0,1,1
18132,413,1,220.13,212,60,1,220.13,413.0,0.0,0.0,1,1
18133,121,1,931.5,1350,1,1,931.5,121.0,1.0,0.5,1,1
18134,507,2,445.0,128,27,2,222.5,96.0,0.0,0.0,1,1
18135,99,6,677.53,492,21,6,112.92166666666667,88.8,3.0,0.3333333333333333,1,0
18136,121,4,1447.88,776,73,4,361.97,79.66666666666667,4.0,0.5,1,0
18137,460,2,145.99,59,26,1,72.995,0.0,0.0,0.0,1,1
18138,204,1,152.65,38,8,1,152.65,204.0,0.0,0.0,1,1
18140,383,1,536.41,395,49,1,536.41,383.0,0.0,0.0,0,1
18141,311,2,882.47,433,38,2,441.235,187.0,2.0,0.5,1,1
18142,66,2,1019.52,1276,9,2,509.76,58.0,2.0,0.5,1,1
18143,26,2,1000.16,570,59,2,500.08,25.0,0.0,0.0,1,1
18144,19,16,4169.75,1865,51,14,260.609375,40.86666666666667,0.0,0.0,1,0
18145,114,9,3771.9700000000003,3342,158,9,419.1077777777778,65.75,1.0,0.1,1,0
18146,50,2,160.35,153,10,2,80.175,79.0,0.0,0.0,1,1
18147,18,1,98.88,80,4,1,98.88,18.0,0.0,0.0,1,0
18148,556,1,112.85000000000001,63,9,1,112.85000000000001,556.0,0.0,0.0,1,1
18149,125,6,1491.56,839,54,6,248.59333333333333,84.0,0.0,0.0,1,0
18150,49,2,413.28,236,22,2,206.64,61.0,0.0,0.0,1,0
18151,44,6,1879.44,986,99,6,313.24,102.2,1.0,0.14285714285714285,1,1
18152,555,1,426.69,75,10,1,426.69,555.0,0.0,0.0,1,1
18153,568,1,246.22,200,17,1,246.22,568.0,0.0,0.0,1,1
18154,298,3,533.41,371,22,3,177.8033333333333,51.0,0.0,0.0,1,0
18155,80,2,266.56,196,14,2,133.28,121.0,1.0,0.3333333333333333,1,0
18156,279,1,186.88,68,50,1,186.88,279.0,0.0,0.0,1,0
18157,480,1,213.9,145,25,1,213.9,480.0,0.0,0.0,1,1
18159,210,1,530.15,139,23,1,530.15,210.0,0.0,0.0,1,1
18160,109,2,684.37,372,41,2,342.185,185.0,0.0,0.0,1,0
18161,49,4,955.67,540,34,4,238.9175,79.33333333333333,0.0,0.0,1,0
18162,641,1,371.51,332,45,1,371.51,641.0,0.0,0.0,1,1
18163,493,1,728.84,452,33,1,728.84,493.0,1.0,0.5,1,1
18165,86,1,302.46,254,10,1,302.46,86.0,0.0,0.0,1,1
18166,533,1,175.5,90,10,1,175.5,533.0,0.0,0.0,1,1
18167,15,1,498.48,122,13,1,498.48,15.0,1.0,0.5,1,0
18168,85,16,3435.5,1995,209,13,214.71875,37.333333333333336,6.0,0.2727272727272727,1,1
18170,21,8,2553.2000000000003,1024,58,7,319.15000000000003,84.0,0.0,0.0,1,0
18171,8,8,2200.31,841,68,8,275.03875,86.28571428571429,2.0,0.2,1,0
18172,8,43,15540.84,6503,172,18,361.4148837209302,14.976190476190476,9.0,0.17307692307692307,1,0
18173,108,4,2318.36,1538,31,4,579.59,137.66666666666666,0.0,0.0,1,0
18174,513,1,58.5,30,1,1,58.5,513.0,0.0,0.0,1,0
18175,585,1,176.10000000000002,70,7,1,176.10000000000002,585.0,0.0,0.0,1,1
18176,267,1,476.35,283,30,1,476.35,267.0,1.0,0.5,1,1
18177,67,8,1912.72,1072,58,7,239.09,80.85714285714286,1.0,0.1111111111111111,1,0
18178,38,11,6103.74,3850,204,11,554.8854545454545,53.0,4.0,0.26666666666666666,1,1
18179,161,6,1857.54,1180,70,5,309.59,82.0,0.0,0.0,1,0
18180,46,2,601.85,553,42,1,300.925,5.0,0.0,0.0,1,0
18181,309,4,821.49,377,119,3,205.3725,111.66666666666667,2.0,0.3333333333333333,1,0
18182,372,1,291.13,167,10,1,291.13,372.0,0.0,0.0,1,1
18183,136,2,632.07,371,36,2,316.035,47.0,4.0,0.6666666666666666,1,1
18185,158,1,304.25,183,17,1,304.25,158.0,0.0,0.0,1,1
18186,632,1,329.58000000000004,338,11,1,329.58000000000004,632.0,0.0,0.0,1,1
18187,541,1,724.89,310,48,1,724.89,541.0,2.0,0.6666666666666666,1,1
18188,199,4,1706.15,884,65,4,426.5375,111.0,1.0,0.2,1,0
18189,177,2,946.59,622,54,2,473.295,357.0,2.0,0.5,1,0
18190,101,5,745.62,490,34,5,149.124,131.25,1.0,0.16666666666666666,1,1
18191,171,2,529.4,332,15,2,264.7,215.0,0.0,0.0,1,1
18193,74,3,1207.3500000000001,926,66,3,402.45000000000005,138.5,2.0,0.4,1,1
18194,347,5,3188.2,1142,16,5,637.64,60.25,0.0,0.0,1,0
18195,296,1,101.16,60,5,1,101.16,296.0,0.0,0.0,1,1
18196,4,4,1455.27,1032,209,4,363.8175,179.0,0.0,0.0,1,1
18197,485,1,230.1,166,9,1,230.1,485.0,1.0,0.5,1,1
18198,10,14,4427.39,3491,64,8,316.2421428571429,18.076923076923077,3.0,0.17647058823529413,1,0
18199,593,1,344.75,99,20,1,344.75,593.0,1.0,0.5,1,1
18200,15,1,150.35,104,29,1,150.35,15.0,0.0,0.0,1,1
18201,632,1,447.53000000000003,191,27,1,447.53000000000003,632.0,0.0,0.0,1,1
18202,109,3,1396.99,581,55,2,465.66333333333336,55.5,0.0,0.0,1,1
18203,66,4,482.52,109,39,4,120.63,191.0,0.0,0.0,1,1
18204,19,2,1358.8700000000001,907,113,2,679.4350000000001,82.0,1.0,0.3333333333333333,1,0
18206,462,1,314.65999999999997,246,19,1,314.65999999999997,462.0,0.0,0.0,1,1
18207,408,1,544.47,325,31,1,544.47,408.0,2.0,0.6666666666666666,1,1
18208,475,1,360.08,82,17,1,360.08,475.0,0.0,0.0,1,1
18210,176,2,289.85,163,14,2,144.925,115.0,0.0,0.0,1,0
18211,46,2,268.7,152,15,2,134.35,142.0,0.0,0.0,1,0
18212,235,2,514.37,158,40,2,257.185,351.0,0.0,0.0,1,1
18213,146,1,232.48000000000002,232,15,1,232.48000000000002,146.0,0.0,0.0,1,1
18214,440,4,1780.34,989,38,1,445.085,7.666666666666667,1.0,0.2,1,1
18215,346,4,1933.15,1013,49,4,483.2875,62.0,1.0,0.2,1,0
18217,423,2,323.29,249,7,1,161.645,12.0,2.0,0.5,1,0
18218,120,4,1121.84,1028,25,4,280.46,149.33333333333334,2.0,0.3333333333333333,1,1
18219,58,15,2650.06,1297,78,12,176.67066666666668,41.642857142857146,1.0,0.0625,1,0
18220,136,6,1921.76,1352,17,6,320.29333333333335,99.4,5.0,0.45454545454545453,1,1
18221,25,4,1090.19,655,54,4,272.5475,91.33333333333333,2.0,0.3333333333333333,1,0
18222,2,1,443.0,335,19,1,443.0,2.0,0.0,0.0,1,1
18223,6,23,11552.65,5470,166,17,502.2891304347826,29.0,22.0,0.4888888888888889,1,0
18224,173,1,158.95000000000002,69,10,1,158.95000000000002,173.0,0.0,0.0,1,1
18225,22,21,10240.62,5622,229,16,487.6485714285715,31.1,7.0,0.25,1,0
18226,30,24,10901.86,7363,267,14,454.2441666666667,22.782608695652176,10.0,0.29411764705882354,1,0
18227,127,2,388.75,22,6,2,194.375,266.0,1.0,0.3333333333333333,1,1
18229,3,22,8085.67,2287,65,17,367.5304545454546,30.571428571428573,0.0,0.0,1,0
18230,3,7,3627.2200000000003,1710,42,7,518.1742857142857,71.83333333333333,2.0,0.2222222222222222,1,0
18231,101,28,6848.27,2913,217,13,244.58107142857145,18.74074074074074,2.0,0.06666666666666667,1,1
18232,67,3,500.62,277,29,2,166.87333333333333,19.5,1.0,0.25,1,0
18233,235,1,440.0,4,1,1,440.0,235.0,0.0,0.0,1,1
18234,461,1,179.6,80,30,1,179.6,461.0,0.0,0.0,1,1
18235,29,2,749.8,706,49,2,374.9,97.0,0.0,0.0,1,0
18236,38,10,1554.3,603,72,8,155.43,52.666666666666664,0.0,0.0,1,0
18237,1,3,725.55,465,37,3,241.85,21.0,0.0,0.0,1,0
18238,424,1,270.92,114,14,1,270.92,424.0,0.0,0.0,1,1
18239,128,6,1712.26,844,85,5,285.37666666666667,40.8,0.0,0.0,1,1
18241,8,15,2263.48,1140,85,8,150.89866666666666,37.0,2.0,0.11764705882352941,1,0
18242,105,6,2066.8,1412,68,5,344.4666666666667,100.2,0.0,0.0,1,0
18243,323,1,515.78,221,26,1,515.78,323.0,0.0,0.0,1,1
18244,340,2,568.64,856,19,2,284.32,72.0,0.0,0.0,1,1
18245,58,19,5430.7300000000005,4638,291,11,285.82789473684215,27.27777777777778,3.0,0.13636363636363635,1,0
18246,142,2,395.62,118,2,2,197.81,376.0,0.0,0.0,1,0
18247,324,3,839.73,335,28,3,279.91,108.0,3.0,0.5,1,1
18248,32,2,804.02,511,39,2,402.01,63.0,2.0,0.5,1,1
18250,219,1,349.27,199,21,1,349.27,219.0,1.0,0.5,1,1
18251,354,8,21964.14,31815,77,5,2745.5175,38.857142857142854,0.0,0.0,1,0
18252,81,6,1085.32,716,38,5,180.88666666666666,109.8,1.0,0.14285714285714285,1,0
18253,552,1,317.88,128,7,1,317.88,552.0,0.0,0.0,1,1
18254,490,1,267.9,188,16,1,267.9,490.0,0.0,0.0,1,1
18255,365,1,199.85,127,13,1,199.85,365.0,0.0,0.0,1,0
18256,297,1,110.69999999999999,180,10,1,110.69999999999999,297.0,1.0,0.5,1,1
18257,23,9,3810.39,2048,189,8,423.37666666666667,68.0,6.0,0.4,1,0
18258,373,6,2059.67,1981,30,5,343.27833333333336,21.6,2.0,0.25,1,1
18259,275,5,1979.6000000000001,676,36,4,395.92,91.25,0.0,0.0,1,0
18260,82,23,9947.26,5244,212,15,432.4895652173913,25.045454545454547,9.0,0.28125,1,1
18261,5,1,224.8,102,15,1,224.8,5.0,0.0,0.0,1,0
18262,49,3,577.54,552,40,3,192.51333333333332,231.0,0.0,0.0,1,1
18263,65,2,811.4,1048,45,2,405.7,96.0,0.0,0.0,1,0
18264,408,1,603.25,241,36,1,603.25,408.0,0.0,0.0,1,1
18265,67,1,488.55,224,29,1,488.55,67.0,0.0,0.0,1,0
18266,343,1,251.1,138,14,1,251.1,343.0,0.0,0.0,1,1
18267,582,1,269.37,135,17,1,269.37,582.0,1.0,0.5,1,1
18268,43,6,1490.23,711,36,5,248.37166666666667,118.8,2.0,0.25,1,1
18269,275,1,168.60000000000002,76,7,1,168.60000000000002,275.0,1.0,0.5,1,1
18270,176,2,273.35,149,11,2,136.675,166.0,1.0,0.3333333333333333,1,0
18271,519,2,680.85,319,19,2,340.425,121.0,0.0,0.0,1,1
18272,23,7,3413.85,2295,123,6,487.6928571428571,88.5,2.0,0.2222222222222222,1,0
18273,5,3,306.0,120,1,3,102.0,247.0,0.0,0.0,1,0
18275,487,2,741.85,417,19,2,370.925,152.0,0.0,0.0,1,1
18276,302,5,1320.66,1060,69,5,264.132,84.0,2.0,0.2857142857142857,1,0
18277,306,4,1069.67,381,48,3,267.4175,32.333333333333336,3.0,0.42857142857142855,1,0
18278,314,1,240.3,74,15,1,240.3,314.0,0.0,0.0,1,0
18279,428,1,231.34,630,13,1,231.34,428.0,0.0,0.0,1,1
18280,187,2,488.15000000000003,194,28,2,244.07500000000002,116.0,1.0,0.3333333333333333,1,1
18281,90,2,201.14,146,17,2,100.57,397.0,0.0,0.0,1,1
18282,35,1,100.21000000000001,75,7,1,100.21000000000001,35.0,1.0,0.5,1,0
18283,5,16,1700.25,1039,284,11,106.265625,37.46666666666667,0.0,0.0,1,0
18284,341,1,461.68,494,28,1,461.68,341.0,1.0,0.5,1,1
18285,570,1,427.0,145,12,1,427.0,570.0,0.0,0.0,1,1
18286,386,2,1296.43,608,67,2,648.215,247.0,1.0,0.3333333333333333,1,1
18287,111,5,3110.9900000000002,1915,93,4,622.1980000000001,92.25,1.0,0.16666666666666666,1,0
